2026-07-16 22:33:52 [ERROR] Registration error: Cannot destructure property 'email' of 'req.body' as it is undefined. - 1ms {"ip":"127.0.0.1","body":{"password":"[REDACTED]"}}
2026-07-16 22:50:24 [ERROR] Registration error: Cannot destructure property 'email' of 'req.body' as it is undefined. - 1ms {"ip":"127.0.0.1","body":{"password":"[REDACTED]"}}
2026-07-30 17:20:55 [ERROR] Login error: 
Invalid `prisma.user.findUnique()` invocation in
E:\smart-city-sos-cambodia\backend\src\services\auth.service.js:124:40

  121 }
  122 
  123 const emailClean = email.toLowerCase().trim();
→ 124 const user = await prisma.user.findUnique(
The column `emergency_sos.users.fullName` does not exist in the current database.
2026-07-30 17:20:55 [ERROR] Error: Invalid email or password {"statusCode":401,"path":"/api/auth/login","method":"POST","ip":"127.0.0.1","user":"anonymous"}
Error: Invalid email or password
    at login (E:\smart-city-sos-cambodia\backend\src\controllers\auth.controller.js:111:21)
2026-07-30 17:22:53 [ERROR] Error: Missing required fields: email, password, name {"statusCode":400,"path":"/api/auth/register","method":"POST","ip":"127.0.0.1","user":"anonymous"}
Error: Missing required fields: email, password, name
    at register (E:\smart-city-sos-cambodia\backend\src\controllers\auth.controller.js:21:19)
    at Layer.handleRequest (E:\smart-city-sos-cambodia\backend\node_modules\router\lib\layer.js:152:17)
    at next (E:\smart-city-sos-cambodia\backend\node_modules\router\lib\route.js:157:13)
    at E:\smart-city-sos-cambodia\backend\src\middleware\validator.js:24:9
    at Layer.handleRequest (E:\smart-city-sos-cambodia\backend\node_modules\router\lib\layer.js:152:17)
    at next (E:\smart-city-sos-cambodia\backend\node_modules\router\lib\route.js:157:13)
    at E:\smart-city-sos-cambodia\backend\node_modules\express-rate-limit\dist\index.cjs:999:7
    at process.processTicksAndRejections (node:internal/process/task_queues:95:5)
    at async E:\smart-city-sos-cambodia\backend\node_modules\express-rate-limit\dist\index.cjs:854:5
2026-07-30 17:29:55 [ERROR] Error: Missing required fields: full_name, username, email, password, phone {"statusCode":400,"path":"/api/auth/register","method":"POST","ip":"127.0.0.1","user":"anonymous"}
Error: Missing required fields: full_name, username, email, password, phone
    at register (E:\smart-city-sos-cambodia\backend\src\controllers\auth.controller.js:40:19)
    at Layer.handleRequest (E:\smart-city-sos-cambodia\backend\node_modules\router\lib\layer.js:152:17)
    at next (E:\smart-city-sos-cambodia\backend\node_modules\router\lib\route.js:157:13)
    at E:\smart-city-sos-cambodia\backend\src\middleware\validator.js:24:9
    at Layer.handleRequest (E:\smart-city-sos-cambodia\backend\node_modules\router\lib\layer.js:152:17)
    at next (E:\smart-city-sos-cambodia\backend\node_modules\router\lib\route.js:157:13)
    at E:\smart-city-sos-cambodia\backend\node_modules\express-rate-limit\dist\index.cjs:999:7
    at process.processTicksAndRejections (node:internal/process/task_queues:95:5)
    at async E:\smart-city-sos-cambodia\backend\node_modules\express-rate-limit\dist\index.cjs:854:5
2026-07-30 17:40:18 [ERROR] Error: Missing required fields: full_name, username, email, password, phone {"statusCode":400,"path":"/api/auth/register","method":"POST","ip":"127.0.0.1","user":"anonymous"}
Error: Missing required fields: full_name, username, email, password, phone
    at register (E:\smart-city-sos-cambodia\backend\src\controllers\auth.controller.js:40:19)
    at Layer.handleRequest (E:\smart-city-sos-cambodia\backend\node_modules\router\lib\layer.js:152:17)
    at next (E:\smart-city-sos-cambodia\backend\node_modules\router\lib\route.js:157:13)
    at E:\smart-city-sos-cambodia\backend\node_modules\express-rate-limit\dist\index.cjs:999:7
    at process.processTicksAndRejections (node:internal/process/task_queues:95:5)
    at async E:\smart-city-sos-cambodia\backend\node_modules\express-rate-limit\dist\index.cjs:854:5
2026-07-30 22:56:11 [ERROR] Error: Missing required fields: fullName, username, email, password, phone {"statusCode":400,"path":"/api/auth/register","method":"POST","ip":"127.0.0.1","user":"anonymous"}
Error: Missing required fields: fullName, username, email, password, phone
    at register (E:\smart-city-sos-cambodia\backend\src\controllers\auth.controller.js:40:19)
    at Layer.handleRequest (E:\smart-city-sos-cambodia\backend\node_modules\router\lib\layer.js:152:17)
    at next (E:\smart-city-sos-cambodia\backend\node_modules\router\lib\route.js:157:13)
    at E:\smart-city-sos-cambodia\backend\node_modules\express-rate-limit\dist\index.cjs:999:7
    at process.processTicksAndRejections (node:internal/process/task_queues:95:5)
    at async E:\smart-city-sos-cambodia\backend\node_modules\express-rate-limit\dist\index.cjs:854:5
2026-07-30 23:05:40 [ERROR] Error: Missing required fields: fullName, username, email, password, phone {"statusCode":400,"path":"/api/auth/register","method":"POST","ip":"127.0.0.1","user":"anonymous"}
Error: Missing required fields: fullName, username, email, password, phone
    at register (E:\smart-city-sos-cambodia\backend\src\controllers\auth.controller.js:40:19)
    at Layer.handleRequest (E:\smart-city-sos-cambodia\backend\node_modules\router\lib\layer.js:152:17)
    at next (E:\smart-city-sos-cambodia\backend\node_modules\router\lib\route.js:157:13)
    at E:\smart-city-sos-cambodia\backend\node_modules\express-rate-limit\dist\index.cjs:999:7
    at process.processTicksAndRejections (node:internal/process/task_queues:95:5)
    at async E:\smart-city-sos-cambodia\backend\node_modules\express-rate-limit\dist\index.cjs:854:5
2026-07-30 23:22:46 [ERROR] Error: full_name is not defined {"statusCode":500,"path":"/api/auth/register","method":"POST","ip":"127.0.0.1","user":"anonymous"}
ReferenceError: full_name is not defined
    at register (E:\smart-city-sos-cambodia\backend\src\controllers\auth.controller.js:67:24)
    at Layer.handleRequest (E:\smart-city-sos-cambodia\backend\node_modules\router\lib\layer.js:152:17)
    at next (E:\smart-city-sos-cambodia\backend\node_modules\router\lib\route.js:157:13)
    at E:\smart-city-sos-cambodia\backend\src\middleware\validator.js:24:9
    at Layer.handleRequest (E:\smart-city-sos-cambodia\backend\node_modules\router\lib\layer.js:152:17)
    at next (E:\smart-city-sos-cambodia\backend\node_modules\router\lib\route.js:157:13)
    at E:\smart-city-sos-cambodia\backend\node_modules\express-rate-limit\dist\index.cjs:999:7
    at process.processTicksAndRejections (node:internal/process/task_queues:95:5)
    at async E:\smart-city-sos-cambodia\backend\node_modules\express-rate-limit\dist\index.cjs:854:5
2026-07-31 16:46:27 [ERROR] Update profile error: Email already in use
2026-07-31 16:46:27 [ERROR] Error: Email already in use {"statusCode":400,"path":"/api/auth/profile","method":"PUT","ip":"127.0.0.1","user":"c1188e8d-2ff6-495f-905b-9a74db2c79df"}
Error: Email already in use
    at updateProfile (E:\smart-city-sos-cambodia\backend\src\controllers\auth.controller.js:353:13)
2026-07-31 16:47:07 [ERROR] Update profile error: Email already in use
2026-07-31 16:47:07 [ERROR] Error: Email already in use {"statusCode":400,"path":"/api/auth/profile","method":"PUT","ip":"127.0.0.1","user":"c1188e8d-2ff6-495f-905b-9a74db2c79df"}
Error: Email already in use
    at updateProfile (E:\smart-city-sos-cambodia\backend\src\controllers\auth.controller.js:353:13)
2026-07-31 16:56:28 [ERROR] Login error: Invalid credentials
2026-07-31 16:56:28 [ERROR] Error: Invalid email or password {"statusCode":401,"path":"/api/auth/login","method":"POST","ip":"127.0.0.1","user":"anonymous"}
Error: Invalid email or password
    at login (E:\smart-city-sos-cambodia\backend\src\controllers\auth.controller.js:166:13)
2026-07-31 16:56:36 [ERROR] Login error: Invalid credentials
2026-07-31 16:56:36 [ERROR] Error: Invalid email or password {"statusCode":401,"path":"/api/auth/login","method":"POST","ip":"127.0.0.1","user":"anonymous"}
Error: Invalid email or password
    at login (E:\smart-city-sos-cambodia\backend\src\controllers\auth.controller.js:166:13)
2026-07-31 17:07:02 [ERROR] Error: Expected double-quoted property name in JSON at position 86 {"statusCode":400,"path":"/api/auth/profile","method":"PUT","ip":"127.0.0.1","user":"anonymous"}
SyntaxError: Expected double-quoted property name in JSON at position 86
    at JSON.parse (<anonymous>)
    at parse (E:\smart-city-sos-cambodia\backend\node_modules\body-parser\lib\types\json.js:91:21)
    at E:\smart-city-sos-cambodia\backend\node_modules\body-parser\lib\read.js:162:18
    at AsyncResource.runInAsyncScope (node:async_hooks:206:9)
    at invokeCallback (E:\smart-city-sos-cambodia\backend\node_modules\raw-body\index.js:238:16)
    at done (E:\smart-city-sos-cambodia\backend\node_modules\raw-body\index.js:227:7)
    at IncomingMessage.onEnd (E:\smart-city-sos-cambodia\backend\node_modules\raw-body\index.js:287:7)
    at IncomingMessage.emit (node:events:524:28)
    at endReadableNT (node:internal/streams/readable:1698:12)
    at process.processTicksAndRejections (node:internal/process/task_queues:82:21)
2026-07-31 17:14:04 [ERROR] Error: Expected double-quoted property name in JSON at position 41 {"statusCode":400,"path":"/api/auth/profile","method":"PUT","ip":"127.0.0.1","user":"anonymous"}
SyntaxError: Expected double-quoted property name in JSON at position 41
    at JSON.parse (<anonymous>)
    at parse (E:\smart-city-sos-cambodia\backend\node_modules\body-parser\lib\types\json.js:91:21)
    at E:\smart-city-sos-cambodia\backend\node_modules\body-parser\lib\read.js:162:18
    at AsyncResource.runInAsyncScope (node:async_hooks:206:9)
    at invokeCallback (E:\smart-city-sos-cambodia\backend\node_modules\raw-body\index.js:238:16)
    at done (E:\smart-city-sos-cambodia\backend\node_modules\raw-body\index.js:227:7)
    at IncomingMessage.onEnd (E:\smart-city-sos-cambodia\backend\node_modules\raw-body\index.js:287:7)
    at IncomingMessage.emit (node:events:524:28)
    at endReadableNT (node:internal/streams/readable:1698:12)
    at process.processTicksAndRejections (node:internal/process/task_queues:82:21)
2026-07-31 21:58:25 [ERROR] Failed to start server: Can't reach database server at `localhost:3306`

Please make sure your database server is running at `localhost:3306`.
2026-07-31 22:00:20 [ERROR] Failed to start server: Can't reach database server at `localhost:3306`

Please make sure your database server is running at `localhost:3306`.
2026-08-03 15:16:10 [ERROR] Login error: Invalid credentials
2026-08-03 15:16:10 [ERROR] Error: Invalid email or password {"statusCode":401,"path":"/api/auth/login","method":"POST","ip":"127.0.0.1","user":"anonymous"}
Error: Invalid email or password
    at login (E:\smart-city-sos-cambodia\backend\src\controllers\auth.controller.js:166:13)
2026-08-03 15:16:19 [ERROR] Login error: Invalid credentials
2026-08-03 15:16:19 [ERROR] Error: Invalid email or password {"statusCode":401,"path":"/api/auth/login","method":"POST","ip":"127.0.0.1","user":"anonymous"}
Error: Invalid email or password
    at login (E:\smart-city-sos-cambodia\backend\src\controllers\auth.controller.js:166:13)
2026-08-03 15:16:34 [ERROR] Login error: Invalid credentials
2026-08-03 15:16:34 [ERROR] Error: Invalid email or password {"statusCode":401,"path":"/api/auth/login","method":"POST","ip":"127.0.0.1","user":"anonymous"}
Error: Invalid email or password
    at login (E:\smart-city-sos-cambodia\backend\src\controllers\auth.controller.js:166:13)
2026-08-03 15:16:43 [ERROR] Login error: Invalid credentials
2026-08-03 15:16:43 [ERROR] Error: Invalid email or password {"statusCode":401,"path":"/api/auth/login","method":"POST","ip":"127.0.0.1","user":"anonymous"}
Error: Invalid email or password
    at login (E:\smart-city-sos-cambodia\backend\src\controllers\auth.controller.js:166:13)
2026-08-03 15:16:57 [ERROR] Login error: Invalid credentials
2026-08-03 15:16:57 [ERROR] Error: Invalid email or password {"statusCode":401,"path":"/api/auth/login","method":"POST","ip":"127.0.0.1","user":"anonymous"}
Error: Invalid email or password
    at login (E:\smart-city-sos-cambodia\backend\src\controllers\auth.controller.js:166:13)
2026-08-03 15:17:10 [ERROR] Login error: Invalid credentials
2026-08-03 15:17:10 [ERROR] Error: Invalid email or password {"statusCode":401,"path":"/api/auth/login","method":"POST","ip":"127.0.0.1","user":"anonymous"}
Error: Invalid email or password
    at login (E:\smart-city-sos-cambodia\backend\src\controllers\auth.controller.js:166:13)
2026-08-03 23:28:15 [ERROR] Error: Cannot read properties of undefined (reading 'toUpperCase') {"statusCode":500,"path":"/api/users","method":"POST","ip":"127.0.0.1","user":"fcfa02f2-ed60-47a0-9206-796a4dba82d3"}
TypeError: Cannot read properties of undefined (reading 'toUpperCase')
    at E:\smart-city-sos-cambodia\backend\src\middleware\auth.middleware.js:135:23
    at Layer.handleRequest (E:\smart-city-sos-cambodia\backend\node_modules\router\lib\layer.js:152:17)
    at next (E:\smart-city-sos-cambodia\backend\node_modules\router\lib\route.js:157:13)
    at verifyToken (E:\smart-city-sos-cambodia\backend\src\middleware\auth.middleware.js:112:9)
2026-08-03 23:31:47 [ERROR] Error: 
Invalid `prisma.user.create()` invocation in
E:\smart-city-sos-cambodia\backend\src\controllers\user.controller.js:95:40

  92     });
  93 }
  94 const hashPassword = await bcrypt.hash(password, 10);
→ 95 const user = await prisma.user.create({
       data: {
         fullName: "Operator Lina",
         username: "operator1",
         email: "operator@sos.com",
         phone: "012345678",
         password: "$2b$10$.OO0A1u00NEyN4iLtLaokOtl/8WMfFZu9989W2P4H.cz.75jq0pRm",
         roleId: 2,
         ~~~~~~
         organizationId: null,
         badgeId: null,
     ?   id?: String,
     ?   avatar?: String,
     ?   status?: UserStatus,
     ?   mfaEnabled?: Boolean,
     ?   failedLoginAttempts?: Int,
     ?   lastPasswordChange?: DateTime,
     ?   createdAt?: DateTime,
     ?   updatedAt?: DateTime,
     ?   role?: RoleCreateNestedOneWithoutUsersInput,
     ?   organization?: OrganizationCreateNestedOneWithoutUsersInput,
     ?   refreshTokens?: RefreshTokenCreateNestedManyWithoutUserInput,
     ?   auditLogs?: AuditLogCreateNestedManyWithoutUserInput,
     ?   newsArticles?: NewsCreateNestedManyWithoutAuthorInput,
     ?   settingsUpdated?: SystemSettingCreateNestedManyWithoutUpdatedByUserInput,
     ?   reportsCreated?: ReportExportCreateNestedManyWithoutCreatedByInput
       },
       include: {
         role: true,
         organization: true
       }
     })

Unknown argument `roleId`. Did you mean `role`? Available options are marked with ?. {"statusCode":500,"path":"/api/users","method":"POST","ip":"127.0.0.1","user":"fcfa02f2-ed60-47a0-9206-796a4dba82d3"}
PrismaClientValidationError: 
Invalid `prisma.user.create()` invocation in
E:\smart-city-sos-cambodia\backend\src\controllers\user.controller.js:95:40

  92     });
  93 }
  94 const hashPassword = await bcrypt.hash(password, 10);
→ 95 const user = await prisma.user.create({
       data: {
         fullName: "Operator Lina",
         username: "operator1",
         email: "operator@sos.com",
         phone: "012345678",
         password: "$2b$10$.OO0A1u00NEyN4iLtLaokOtl/8WMfFZu9989W2P4H.cz.75jq0pRm",
         roleId: 2,
         ~~~~~~
         organizationId: null,
         badgeId: null,
     ?   id?: String,
     ?   avatar?: String,
     ?   status?: UserStatus,
     ?   mfaEnabled?: Boolean,
     ?   failedLoginAttempts?: Int,
     ?   lastPasswordChange?: DateTime,
     ?   createdAt?: DateTime,
     ?   updatedAt?: DateTime,
     ?   role?: RoleCreateNestedOneWithoutUsersInput,
     ?   organization?: OrganizationCreateNestedOneWithoutUsersInput,
     ?   refreshTokens?: RefreshTokenCreateNestedManyWithoutUserInput,
     ?   auditLogs?: AuditLogCreateNestedManyWithoutUserInput,
     ?   newsArticles?: NewsCreateNestedManyWithoutAuthorInput,
     ?   settingsUpdated?: SystemSettingCreateNestedManyWithoutUpdatedByUserInput,
     ?   reportsCreated?: ReportExportCreateNestedManyWithoutCreatedByInput
       },
       include: {
         role: true,
         organization: true
       }
     })

Unknown argument `roleId`. Did you mean `role`? Available options are marked with ?.
    at Nn (E:\smart-city-sos-cambodia\backend\node_modules\@prisma\client\runtime\library.js:29:1363)
    at ei.handleRequestError (E:\smart-city-sos-cambodia\backend\node_modules\@prisma\client\runtime\library.js:121:6911)
    at ei.handleAndLogRequestError (E:\smart-city-sos-cambodia\backend\node_modules\@prisma\client\runtime\library.js:121:6593)
    at ei.request (E:\smart-city-sos-cambodia\backend\node_modules\@prisma\client\runtime\library.js:121:6300)
    at async a (E:\smart-city-sos-cambodia\backend\node_modules\@prisma\client\runtime\library.js:130:9551)
    at async exports.createUser (E:\smart-city-sos-cambodia\backend\src\controllers\user.controller.js:95:22)
2026-08-03 23:34:45 [ERROR] Error: 
Invalid `prisma.user.create()` invocation in
E:\smart-city-sos-cambodia\backend\src\controllers\user.controller.js:95:40

  92     });
  93 }
  94 const hashPassword = await bcrypt.hash(password, 10);
→ 95 const user = await prisma.user.create({
       data: {
         fullName: "Operator Lina",
         username: "operator1",
         email: "operator@sos.com",
         phone: "012345678",
         password: "$2b$10$IqxIfwhuB/CgJTzNPHIs/.q2TFuvWP1kIYl/lxZyP9HCOeRYgYOgq",
         roleId: 2,
         ~~~~~~
         organizationId: null,
         badgeId: null,
     ?   id?: String,
     ?   avatar?: String,
     ?   status?: UserStatus,
     ?   mfaEnabled?: Boolean,
     ?   failedLoginAttempts?: Int,
     ?   lastPasswordChange?: DateTime,
     ?   createdAt?: DateTime,
     ?   updatedAt?: DateTime,
     ?   role?: RoleCreateNestedOneWithoutUsersInput,
     ?   organization?: OrganizationCreateNestedOneWithoutUsersInput,
     ?   refreshTokens?: RefreshTokenCreateNestedManyWithoutUserInput,
     ?   auditLogs?: AuditLogCreateNestedManyWithoutUserInput,
     ?   newsArticles?: NewsCreateNestedManyWithoutAuthorInput,
     ?   settingsUpdated?: SystemSettingCreateNestedManyWithoutUpdatedByUserInput,
     ?   reportsCreated?: ReportExportCreateNestedManyWithoutCreatedByInput
       },
       include: {
         role: true,
         organization: true
       }
     })

Unknown argument `roleId`. Did you mean `role`? Available options are marked with ?. {"statusCode":500,"path":"/api/users","method":"POST","ip":"127.0.0.1","user":"fcfa02f2-ed60-47a0-9206-796a4dba82d3"}
PrismaClientValidationError: 
Invalid `prisma.user.create()` invocation in
E:\smart-city-sos-cambodia\backend\src\controllers\user.controller.js:95:40

  92     });
  93 }
  94 const hashPassword = await bcrypt.hash(password, 10);
→ 95 const user = await prisma.user.create({
       data: {
         fullName: "Operator Lina",
         username: "operator1",
         email: "operator@sos.com",
         phone: "012345678",
         password: "$2b$10$IqxIfwhuB/CgJTzNPHIs/.q2TFuvWP1kIYl/lxZyP9HCOeRYgYOgq",
         roleId: 2,
         ~~~~~~
         organizationId: null,
         badgeId: null,
     ?   id?: String,
     ?   avatar?: String,
     ?   status?: UserStatus,
     ?   mfaEnabled?: Boolean,
     ?   failedLoginAttempts?: Int,
     ?   lastPasswordChange?: DateTime,
     ?   createdAt?: DateTime,
     ?   updatedAt?: DateTime,
     ?   role?: RoleCreateNestedOneWithoutUsersInput,
     ?   organization?: OrganizationCreateNestedOneWithoutUsersInput,
     ?   refreshTokens?: RefreshTokenCreateNestedManyWithoutUserInput,
     ?   auditLogs?: AuditLogCreateNestedManyWithoutUserInput,
     ?   newsArticles?: NewsCreateNestedManyWithoutAuthorInput,
     ?   settingsUpdated?: SystemSettingCreateNestedManyWithoutUpdatedByUserInput,
     ?   reportsCreated?: ReportExportCreateNestedManyWithoutCreatedByInput
       },
       include: {
         role: true,
         organization: true
       }
     })

Unknown argument `roleId`. Did you mean `role`? Available options are marked with ?.
    at Nn (E:\smart-city-sos-cambodia\backend\node_modules\@prisma\client\runtime\library.js:29:1363)
    at ei.handleRequestError (E:\smart-city-sos-cambodia\backend\node_modules\@prisma\client\runtime\library.js:121:6911)
    at ei.handleAndLogRequestError (E:\smart-city-sos-cambodia\backend\node_modules\@prisma\client\runtime\library.js:121:6593)
    at ei.request (E:\smart-city-sos-cambodia\backend\node_modules\@prisma\client\runtime\library.js:121:6300)
    at async a (E:\smart-city-sos-cambodia\backend\node_modules\@prisma\client\runtime\library.js:130:9551)
    at async exports.createUser (E:\smart-city-sos-cambodia\backend\src\controllers\user.controller.js:95:22)
2026-08-03 23:36:17 [ERROR] Error: 
Invalid `prisma.user.create()` invocation in
E:\smart-city-sos-cambodia\backend\src\controllers\user.controller.js:95:40

  92     });
  93 }
  94 const hashPassword = await bcrypt.hash(password, 10);
→ 95 const user = await prisma.user.create({
       data: {
         fullName: "Operator Lina",
         username: "operator1",
         email: "operator@sos.com",
         phone: "012345678",
         password: "$2b$10$aAyLkzRtQ/pr0W9SRCMhb.ocnAU2YK2LgjZv.8T0bRAb46nqH9dsS",
         role: {
         ~~~~
           connect: {
             id: 2
           }
         },
         organization: null,
         badgeId: "N/A",
     ?   id?: String,
     ?   avatar?: String,
     ?   roleId?: Int | Null,
     ?   status?: UserStatus,
     ?   mfaEnabled?: Boolean,
     ?   failedLoginAttempts?: Int,
     ?   lastPasswordChange?: DateTime,
     ?   organizationId?: String | Null,
     ?   createdAt?: DateTime,
     ?   updatedAt?: DateTime,
     ?   refreshTokens?: RefreshTokenUncheckedCreateNestedManyWithoutUserInput,
     ?   auditLogs?: AuditLogUncheckedCreateNestedManyWithoutUserInput,
     ?   newsArticles?: NewsUncheckedCreateNestedManyWithoutAuthorInput,
     ?   settingsUpdated?: SystemSettingUncheckedCreateNestedManyWithoutUpdatedByUserInput,
     ?   reportsCreated?: ReportExportUncheckedCreateNestedManyWithoutCreatedByInput
       },
       include: {
         role: true,
         organization: true
       }
     })

Unknown argument `role`. Did you mean `roleId`? Available options are marked with ?. {"statusCode":500,"path":"/api/users","method":"POST","ip":"127.0.0.1","user":"fcfa02f2-ed60-47a0-9206-796a4dba82d3"}
PrismaClientValidationError: 
Invalid `prisma.user.create()` invocation in
E:\smart-city-sos-cambodia\backend\src\controllers\user.controller.js:95:40

  92     });
  93 }
  94 const hashPassword = await bcrypt.hash(password, 10);
→ 95 const user = await prisma.user.create({
       data: {
         fullName: "Operator Lina",
         username: "operator1",
         email: "operator@sos.com",
         phone: "012345678",
         password: "$2b$10$aAyLkzRtQ/pr0W9SRCMhb.ocnAU2YK2LgjZv.8T0bRAb46nqH9dsS",
         role: {
         ~~~~
           connect: {
             id: 2
           }
         },
         organization: null,
         badgeId: "N/A",
     ?   id?: String,
     ?   avatar?: String,
     ?   roleId?: Int | Null,
     ?   status?: UserStatus,
     ?   mfaEnabled?: Boolean,
     ?   failedLoginAttempts?: Int,
     ?   lastPasswordChange?: DateTime,
     ?   organizationId?: String | Null,
     ?   createdAt?: DateTime,
     ?   updatedAt?: DateTime,
     ?   refreshTokens?: RefreshTokenUncheckedCreateNestedManyWithoutUserInput,
     ?   auditLogs?: AuditLogUncheckedCreateNestedManyWithoutUserInput,
     ?   newsArticles?: NewsUncheckedCreateNestedManyWithoutAuthorInput,
     ?   settingsUpdated?: SystemSettingUncheckedCreateNestedManyWithoutUpdatedByUserInput,
     ?   reportsCreated?: ReportExportUncheckedCreateNestedManyWithoutCreatedByInput
       },
       include: {
         role: true,
         organization: true
       }
     })

Unknown argument `role`. Did you mean `roleId`? Available options are marked with ?.
    at Nn (E:\smart-city-sos-cambodia\backend\node_modules\@prisma\client\runtime\library.js:29:1363)
    at ei.handleRequestError (E:\smart-city-sos-cambodia\backend\node_modules\@prisma\client\runtime\library.js:121:6911)
    at ei.handleAndLogRequestError (E:\smart-city-sos-cambodia\backend\node_modules\@prisma\client\runtime\library.js:121:6593)
    at ei.request (E:\smart-city-sos-cambodia\backend\node_modules\@prisma\client\runtime\library.js:121:6300)
    at async a (E:\smart-city-sos-cambodia\backend\node_modules\@prisma\client\runtime\library.js:130:9551)
    at async exports.createUser (E:\smart-city-sos-cambodia\backend\src\controllers\user.controller.js:95:22)
2026-08-10 23:01:08 [ERROR] Refresh token error: jwt malformed
2026-08-10 23:01:08 [ERROR] Error: jwt malformed {"statusCode":401,"path":"/api/auth/refresh","method":"POST","ip":"127.0.0.1","user":"anonymous"}
Error: jwt malformed
    at refresh (E:\smart-city-sos-cambodia\backend\src\controllers\auth.controller.js:198:14)
    at process.processTicksAndRejections (node:internal/process/task_queues:95:5)
2026-08-10 23:01:49 [ERROR] Error: next is not a function {"statusCode":500,"path":"/api/agents","method":"GET","ip":"127.0.0.1","user":"fcfa02f2-ed60-47a0-9206-796a4dba82d3"}
TypeError: next is not a function
    at exports.getAllAgents (E:\smart-city-sos-cambodia\backend\src\services\agent.service.js:22:9)
    at async exports.getAllAgents (E:\smart-city-sos-cambodia\backend\src\controllers\agent.controller.js:10:13)
2026-08-10 23:02:07 [ERROR] Error: next is not a function {"statusCode":500,"path":"/api/agents","method":"GET","ip":"127.0.0.1","user":"fcfa02f2-ed60-47a0-9206-796a4dba82d3"}
TypeError: next is not a function
    at exports.getAllAgents (E:\smart-city-sos-cambodia\backend\src\services\agent.service.js:22:9)
    at async exports.getAllAgents (E:\smart-city-sos-cambodia\backend\src\controllers\agent.controller.js:10:13)
2026-08-10 23:05:41 [ERROR] Error: next is not a function {"statusCode":500,"path":"/api/agents","method":"GET","ip":"127.0.0.1","user":"fcfa02f2-ed60-47a0-9206-796a4dba82d3"}
TypeError: next is not a function
    at exports.getAllAgents (E:\smart-city-sos-cambodia\backend\src\services\agent.service.js:22:9)
    at async exports.getAllAgents (E:\smart-city-sos-cambodia\backend\src\controllers\agent.controller.js:10:13)
2026-08-10 23:05:42 [ERROR] Error: next is not a function {"statusCode":500,"path":"/api/agents","method":"GET","ip":"127.0.0.1","user":"fcfa02f2-ed60-47a0-9206-796a4dba82d3"}
TypeError: next is not a function
    at exports.getAllAgents (E:\smart-city-sos-cambodia\backend\src\services\agent.service.js:22:9)
    at async exports.getAllAgents (E:\smart-city-sos-cambodia\backend\src\controllers\agent.controller.js:10:13)
2026-08-10 23:05:42 [ERROR] Error: next is not a function {"statusCode":500,"path":"/api/agents","method":"GET","ip":"127.0.0.1","user":"fcfa02f2-ed60-47a0-9206-796a4dba82d3"}
TypeError: next is not a function
    at exports.getAllAgents (E:\smart-city-sos-cambodia\backend\src\services\agent.service.js:22:9)
    at async exports.getAllAgents (E:\smart-city-sos-cambodia\backend\src\controllers\agent.controller.js:10:13)
2026-08-10 23:06:54 [ERROR] Error: next is not a function {"statusCode":500,"path":"/api/agents","method":"GET","ip":"127.0.0.1","user":"fcfa02f2-ed60-47a0-9206-796a4dba82d3"}
TypeError: next is not a function
    at exports.getAllAgents (E:\smart-city-sos-cambodia\backend\src\services\agent.service.js:22:9)
    at async exports.getAllAgents (E:\smart-city-sos-cambodia\backend\src\controllers\agent.controller.js:10:13)
2026-08-10 23:06:55 [ERROR] Error: next is not a function {"statusCode":500,"path":"/api/agents","method":"GET","ip":"127.0.0.1","user":"fcfa02f2-ed60-47a0-9206-796a4dba82d3"}
TypeError: next is not a function
    at exports.getAllAgents (E:\smart-city-sos-cambodia\backend\src\services\agent.service.js:22:9)
    at async exports.getAllAgents (E:\smart-city-sos-cambodia\backend\src\controllers\agent.controller.js:10:13)
2026-08-10 23:06:55 [ERROR] Error: next is not a function {"statusCode":500,"path":"/api/agents","method":"GET","ip":"127.0.0.1","user":"fcfa02f2-ed60-47a0-9206-796a4dba82d3"}
TypeError: next is not a function
    at exports.getAllAgents (E:\smart-city-sos-cambodia\backend\src\services\agent.service.js:22:9)
    at async exports.getAllAgents (E:\smart-city-sos-cambodia\backend\src\controllers\agent.controller.js:10:13)
2026-08-10 23:08:36 [ERROR] Error: next is not a function {"statusCode":500,"path":"/api/agents","method":"GET","ip":"127.0.0.1","user":"fcfa02f2-ed60-47a0-9206-796a4dba82d3"}
TypeError: next is not a function
    at exports.getAllAgents (E:\smart-city-sos-cambodia\backend\src\services\agent.service.js:22:9)
    at async exports.getAllAgents (E:\smart-city-sos-cambodia\backend\src\controllers\agent.controller.js:10:13)
2026-08-10 23:08:37 [ERROR] Error: next is not a function {"statusCode":500,"path":"/api/agents","method":"GET","ip":"127.0.0.1","user":"fcfa02f2-ed60-47a0-9206-796a4dba82d3"}
TypeError: next is not a function
    at exports.getAllAgents (E:\smart-city-sos-cambodia\backend\src\services\agent.service.js:22:9)
    at async exports.getAllAgents (E:\smart-city-sos-cambodia\backend\src\controllers\agent.controller.js:10:13)
2026-08-10 23:08:38 [ERROR] Error: next is not a function {"statusCode":500,"path":"/api/agents","method":"GET","ip":"127.0.0.1","user":"fcfa02f2-ed60-47a0-9206-796a4dba82d3"}
TypeError: next is not a function
    at exports.getAllAgents (E:\smart-city-sos-cambodia\backend\src\services\agent.service.js:22:9)
    at async exports.getAllAgents (E:\smart-city-sos-cambodia\backend\src\controllers\agent.controller.js:10:13)
2026-08-10 23:08:53 [ERROR] Error: next is not a function {"statusCode":500,"path":"/api/agents","method":"GET","ip":"127.0.0.1","user":"fcfa02f2-ed60-47a0-9206-796a4dba82d3"}
TypeError: next is not a function
    at exports.getAllAgents (E:\smart-city-sos-cambodia\backend\src\services\agent.service.js:22:9)
    at async exports.getAllAgents (E:\smart-city-sos-cambodia\backend\src\controllers\agent.controller.js:10:13)
2026-08-10 23:08:54 [ERROR] Error: next is not a function {"statusCode":500,"path":"/api/agents","method":"GET","ip":"127.0.0.1","user":"fcfa02f2-ed60-47a0-9206-796a4dba82d3"}
TypeError: next is not a function
    at exports.getAllAgents (E:\smart-city-sos-cambodia\backend\src\services\agent.service.js:22:9)
    at async exports.getAllAgents (E:\smart-city-sos-cambodia\backend\src\controllers\agent.controller.js:10:13)
2026-08-10 23:09:00 [ERROR] Error: next is not a function {"statusCode":500,"path":"/api/agents","method":"GET","ip":"127.0.0.1","user":"fcfa02f2-ed60-47a0-9206-796a4dba82d3"}
TypeError: next is not a function
    at exports.getAllAgents (E:\smart-city-sos-cambodia\backend\src\services\agent.service.js:22:9)
    at async exports.getAllAgents (E:\smart-city-sos-cambodia\backend\src\controllers\agent.controller.js:10:13)
2026-08-10 23:09:01 [ERROR] Error: next is not a function {"statusCode":500,"path":"/api/agents","method":"GET","ip":"127.0.0.1","user":"fcfa02f2-ed60-47a0-9206-796a4dba82d3"}
TypeError: next is not a function
    at exports.getAllAgents (E:\smart-city-sos-cambodia\backend\src\services\agent.service.js:22:9)
    at async exports.getAllAgents (E:\smart-city-sos-cambodia\backend\src\controllers\agent.controller.js:10:13)
2026-08-10 23:15:50 [ERROR] Error: next is not a function {"statusCode":500,"path":"/api/agents","method":"GET","ip":"127.0.0.1","user":"fcfa02f2-ed60-47a0-9206-796a4dba82d3"}
TypeError: next is not a function
    at exports.getAllAgents (E:\smart-city-sos-cambodia\backend\src\services\agent.service.js:22:9)
    at async exports.getAllAgents (E:\smart-city-sos-cambodia\backend\src\controllers\agent.controller.js:10:13)
2026-08-10 23:45:33 [ERROR] Error: next is not a function {"statusCode":500,"path":"/api/agents","method":"GET","ip":"127.0.0.1","user":"fcfa02f2-ed60-47a0-9206-796a4dba82d3"}
TypeError: next is not a function
    at exports.getAllAgents (E:\smart-city-sos-cambodia\backend\src\services\agent.service.js:22:9)
    at async exports.getAllAgents (E:\smart-city-sos-cambodia\backend\src\controllers\agent.controller.js:10:13)
2026-08-10 23:45:34 [ERROR] Error: next is not a function {"statusCode":500,"path":"/api/agents","method":"GET","ip":"127.0.0.1","user":"fcfa02f2-ed60-47a0-9206-796a4dba82d3"}
TypeError: next is not a function
    at exports.getAllAgents (E:\smart-city-sos-cambodia\backend\src\services\agent.service.js:22:9)
    at async exports.getAllAgents (E:\smart-city-sos-cambodia\backend\src\controllers\agent.controller.js:10:13)
2026-08-10 23:45:34 [ERROR] Error: next is not a function {"statusCode":500,"path":"/api/agents","method":"GET","ip":"127.0.0.1","user":"fcfa02f2-ed60-47a0-9206-796a4dba82d3"}
TypeError: next is not a function
    at exports.getAllAgents (E:\smart-city-sos-cambodia\backend\src\services\agent.service.js:22:9)
    at async exports.getAllAgents (E:\smart-city-sos-cambodia\backend\src\controllers\agent.controller.js:10:13)
2026-08-10 23:45:35 [ERROR] Error: next is not a function {"statusCode":500,"path":"/api/agents","method":"GET","ip":"127.0.0.1","user":"fcfa02f2-ed60-47a0-9206-796a4dba82d3"}
TypeError: next is not a function
    at exports.getAllAgents (E:\smart-city-sos-cambodia\backend\src\services\agent.service.js:22:9)
    at async exports.getAllAgents (E:\smart-city-sos-cambodia\backend\src\controllers\agent.controller.js:10:13)
2026-08-10 23:45:36 [ERROR] Error: next is not a function {"statusCode":500,"path":"/api/agents","method":"GET","ip":"127.0.0.1","user":"fcfa02f2-ed60-47a0-9206-796a4dba82d3"}
TypeError: next is not a function
    at exports.getAllAgents (E:\smart-city-sos-cambodia\backend\src\services\agent.service.js:22:9)
    at async exports.getAllAgents (E:\smart-city-sos-cambodia\backend\src\controllers\agent.controller.js:10:13)
2026-08-10 23:45:37 [ERROR] Error: next is not a function {"statusCode":500,"path":"/api/agents","method":"GET","ip":"127.0.0.1","user":"fcfa02f2-ed60-47a0-9206-796a4dba82d3"}
TypeError: next is not a function
    at exports.getAllAgents (E:\smart-city-sos-cambodia\backend\src\services\agent.service.js:22:9)
    at async exports.getAllAgents (E:\smart-city-sos-cambodia\backend\src\controllers\agent.controller.js:10:13)
2026-08-10 23:45:38 [ERROR] Error: next is not a function {"statusCode":500,"path":"/api/agents","method":"GET","ip":"127.0.0.1","user":"fcfa02f2-ed60-47a0-9206-796a4dba82d3"}
TypeError: next is not a function
    at exports.getAllAgents (E:\smart-city-sos-cambodia\backend\src\services\agent.service.js:22:9)
    at async exports.getAllAgents (E:\smart-city-sos-cambodia\backend\src\controllers\agent.controller.js:10:13)
2026-08-10 23:45:38 [ERROR] Error: next is not a function {"statusCode":500,"path":"/api/agents","method":"GET","ip":"127.0.0.1","user":"fcfa02f2-ed60-47a0-9206-796a4dba82d3"}
TypeError: next is not a function
    at exports.getAllAgents (E:\smart-city-sos-cambodia\backend\src\services\agent.service.js:22:9)
    at async exports.getAllAgents (E:\smart-city-sos-cambodia\backend\src\controllers\agent.controller.js:10:13)
2026-08-10 23:45:40 [ERROR] Error: next is not a function {"statusCode":500,"path":"/api/agents","method":"GET","ip":"127.0.0.1","user":"fcfa02f2-ed60-47a0-9206-796a4dba82d3"}
TypeError: next is not a function
    at exports.getAllAgents (E:\smart-city-sos-cambodia\backend\src\services\agent.service.js:22:9)
    at async exports.getAllAgents (E:\smart-city-sos-cambodia\backend\src\controllers\agent.controller.js:10:13)
2026-08-10 23:45:40 [ERROR] Error: next is not a function {"statusCode":500,"path":"/api/agents","method":"GET","ip":"127.0.0.1","user":"fcfa02f2-ed60-47a0-9206-796a4dba82d3"}
TypeError: next is not a function
    at exports.getAllAgents (E:\smart-city-sos-cambodia\backend\src\services\agent.service.js:22:9)
    at async exports.getAllAgents (E:\smart-city-sos-cambodia\backend\src\controllers\agent.controller.js:10:13)
2026-08-10 23:45:41 [ERROR] Error: next is not a function {"statusCode":500,"path":"/api/agents","method":"GET","ip":"127.0.0.1","user":"fcfa02f2-ed60-47a0-9206-796a4dba82d3"}
TypeError: next is not a function
    at exports.getAllAgents (E:\smart-city-sos-cambodia\backend\src\services\agent.service.js:22:9)
    at async exports.getAllAgents (E:\smart-city-sos-cambodia\backend\src\controllers\agent.controller.js:10:13)
2026-08-10 23:45:42 [ERROR] Error: next is not a function {"statusCode":500,"path":"/api/agents","method":"GET","ip":"127.0.0.1","user":"fcfa02f2-ed60-47a0-9206-796a4dba82d3"}
TypeError: next is not a function
    at exports.getAllAgents (E:\smart-city-sos-cambodia\backend\src\services\agent.service.js:22:9)
    at async exports.getAllAgents (E:\smart-city-sos-cambodia\backend\src\controllers\agent.controller.js:10:13)
2026-08-10 23:45:43 [ERROR] Error: next is not a function {"statusCode":500,"path":"/api/agents","method":"GET","ip":"127.0.0.1","user":"fcfa02f2-ed60-47a0-9206-796a4dba82d3"}
TypeError: next is not a function
    at exports.getAllAgents (E:\smart-city-sos-cambodia\backend\src\services\agent.service.js:22:9)
    at async exports.getAllAgents (E:\smart-city-sos-cambodia\backend\src\controllers\agent.controller.js:10:13)
2026-08-10 23:45:43 [ERROR] Error: next is not a function {"statusCode":500,"path":"/api/agents","method":"GET","ip":"127.0.0.1","user":"fcfa02f2-ed60-47a0-9206-796a4dba82d3"}
TypeError: next is not a function
    at exports.getAllAgents (E:\smart-city-sos-cambodia\backend\src\services\agent.service.js:22:9)
    at async exports.getAllAgents (E:\smart-city-sos-cambodia\backend\src\controllers\agent.controller.js:10:13)
2026-08-10 23:45:44 [ERROR] Error: next is not a function {"statusCode":500,"path":"/api/agents","method":"GET","ip":"127.0.0.1","user":"fcfa02f2-ed60-47a0-9206-796a4dba82d3"}
TypeError: next is not a function
    at exports.getAllAgents (E:\smart-city-sos-cambodia\backend\src\services\agent.service.js:22:9)
    at async exports.getAllAgents (E:\smart-city-sos-cambodia\backend\src\controllers\agent.controller.js:10:13)
2026-08-10 23:45:45 [ERROR] Error: next is not a function {"statusCode":500,"path":"/api/agents","method":"GET","ip":"127.0.0.1","user":"fcfa02f2-ed60-47a0-9206-796a4dba82d3"}
TypeError: next is not a function
    at exports.getAllAgents (E:\smart-city-sos-cambodia\backend\src\services\agent.service.js:22:9)
    at async exports.getAllAgents (E:\smart-city-sos-cambodia\backend\src\controllers\agent.controller.js:10:13)
2026-08-10 23:45:46 [ERROR] Error: next is not a function {"statusCode":500,"path":"/api/agents","method":"GET","ip":"127.0.0.1","user":"fcfa02f2-ed60-47a0-9206-796a4dba82d3"}
TypeError: next is not a function
    at exports.getAllAgents (E:\smart-city-sos-cambodia\backend\src\services\agent.service.js:22:9)
    at async exports.getAllAgents (E:\smart-city-sos-cambodia\backend\src\controllers\agent.controller.js:10:13)
2026-08-10 23:45:46 [ERROR] Error: next is not a function {"statusCode":500,"path":"/api/agents","method":"GET","ip":"127.0.0.1","user":"fcfa02f2-ed60-47a0-9206-796a4dba82d3"}
TypeError: next is not a function
    at exports.getAllAgents (E:\smart-city-sos-cambodia\backend\src\services\agent.service.js:22:9)
    at async exports.getAllAgents (E:\smart-city-sos-cambodia\backend\src\controllers\agent.controller.js:10:13)
2026-08-10 23:45:47 [ERROR] Error: next is not a function {"statusCode":500,"path":"/api/agents","method":"GET","ip":"127.0.0.1","user":"fcfa02f2-ed60-47a0-9206-796a4dba82d3"}
TypeError: next is not a function
    at exports.getAllAgents (E:\smart-city-sos-cambodia\backend\src\services\agent.service.js:22:9)
    at async exports.getAllAgents (E:\smart-city-sos-cambodia\backend\src\controllers\agent.controller.js:10:13)
2026-08-10 23:45:47 [ERROR] Error: next is not a function {"statusCode":500,"path":"/api/agents","method":"GET","ip":"127.0.0.1","user":"fcfa02f2-ed60-47a0-9206-796a4dba82d3"}
TypeError: next is not a function
    at exports.getAllAgents (E:\smart-city-sos-cambodia\backend\src\services\agent.service.js:22:9)
    at async exports.getAllAgents (E:\smart-city-sos-cambodia\backend\src\controllers\agent.controller.js:10:13)
2026-08-10 23:45:48 [ERROR] Error: next is not a function {"statusCode":500,"path":"/api/agents","method":"GET","ip":"127.0.0.1","user":"fcfa02f2-ed60-47a0-9206-796a4dba82d3"}
TypeError: next is not a function
    at exports.getAllAgents (E:\smart-city-sos-cambodia\backend\src\services\agent.service.js:22:9)
    at async exports.getAllAgents (E:\smart-city-sos-cambodia\backend\src\controllers\agent.controller.js:10:13)
2026-08-10 23:45:48 [ERROR] Error: next is not a function {"statusCode":500,"path":"/api/agents","method":"GET","ip":"127.0.0.1","user":"fcfa02f2-ed60-47a0-9206-796a4dba82d3"}
TypeError: next is not a function
    at exports.getAllAgents (E:\smart-city-sos-cambodia\backend\src\services\agent.service.js:22:9)
    at async exports.getAllAgents (E:\smart-city-sos-cambodia\backend\src\controllers\agent.controller.js:10:13)
2026-08-10 23:45:49 [ERROR] Error: next is not a function {"statusCode":500,"path":"/api/agents","method":"GET","ip":"127.0.0.1","user":"fcfa02f2-ed60-47a0-9206-796a4dba82d3"}
TypeError: next is not a function
    at exports.getAllAgents (E:\smart-city-sos-cambodia\backend\src\services\agent.service.js:22:9)
    at async exports.getAllAgents (E:\smart-city-sos-cambodia\backend\src\controllers\agent.controller.js:10:13)
2026-08-10 23:45:49 [ERROR] Error: next is not a function {"statusCode":500,"path":"/api/agents","method":"GET","ip":"127.0.0.1","user":"fcfa02f2-ed60-47a0-9206-796a4dba82d3"}
TypeError: next is not a function
    at exports.getAllAgents (E:\smart-city-sos-cambodia\backend\src\services\agent.service.js:22:9)
    at async exports.getAllAgents (E:\smart-city-sos-cambodia\backend\src\controllers\agent.controller.js:10:13)
2026-08-10 23:45:50 [ERROR] Error: next is not a function {"statusCode":500,"path":"/api/agents","method":"GET","ip":"127.0.0.1","user":"fcfa02f2-ed60-47a0-9206-796a4dba82d3"}
TypeError: next is not a function
    at exports.getAllAgents (E:\smart-city-sos-cambodia\backend\src\services\agent.service.js:22:9)
    at async exports.getAllAgents (E:\smart-city-sos-cambodia\backend\src\controllers\agent.controller.js:10:13)
2026-08-10 23:45:50 [ERROR] Error: next is not a function {"statusCode":500,"path":"/api/agents","method":"GET","ip":"127.0.0.1","user":"fcfa02f2-ed60-47a0-9206-796a4dba82d3"}
TypeError: next is not a function
    at exports.getAllAgents (E:\smart-city-sos-cambodia\backend\src\services\agent.service.js:22:9)
    at async exports.getAllAgents (E:\smart-city-sos-cambodia\backend\src\controllers\agent.controller.js:10:13)
2026-08-10 23:45:51 [ERROR] Error: next is not a function {"statusCode":500,"path":"/api/agents","method":"GET","ip":"127.0.0.1","user":"fcfa02f2-ed60-47a0-9206-796a4dba82d3"}
TypeError: next is not a function
    at exports.getAllAgents (E:\smart-city-sos-cambodia\backend\src\services\agent.service.js:22:9)
    at async exports.getAllAgents (E:\smart-city-sos-cambodia\backend\src\controllers\agent.controller.js:10:13)
2026-08-10 23:45:51 [ERROR] Error: next is not a function {"statusCode":500,"path":"/api/agents","method":"GET","ip":"127.0.0.1","user":"fcfa02f2-ed60-47a0-9206-796a4dba82d3"}
TypeError: next is not a function
    at exports.getAllAgents (E:\smart-city-sos-cambodia\backend\src\services\agent.service.js:22:9)
    at async exports.getAllAgents (E:\smart-city-sos-cambodia\backend\src\controllers\agent.controller.js:10:13)
2026-08-10 23:45:52 [ERROR] Error: next is not a function {"statusCode":500,"path":"/api/agents","method":"GET","ip":"127.0.0.1","user":"fcfa02f2-ed60-47a0-9206-796a4dba82d3"}
TypeError: next is not a function
    at exports.getAllAgents (E:\smart-city-sos-cambodia\backend\src\services\agent.service.js:22:9)
    at async exports.getAllAgents (E:\smart-city-sos-cambodia\backend\src\controllers\agent.controller.js:10:13)
2026-08-10 23:45:53 [ERROR] Error: next is not a function {"statusCode":500,"path":"/api/agents","method":"GET","ip":"127.0.0.1","user":"fcfa02f2-ed60-47a0-9206-796a4dba82d3"}
TypeError: next is not a function
    at exports.getAllAgents (E:\smart-city-sos-cambodia\backend\src\services\agent.service.js:22:9)
    at async exports.getAllAgents (E:\smart-city-sos-cambodia\backend\src\controllers\agent.controller.js:10:13)
2026-08-10 23:45:53 [ERROR] Error: next is not a function {"statusCode":500,"path":"/api/agents","method":"GET","ip":"127.0.0.1","user":"fcfa02f2-ed60-47a0-9206-796a4dba82d3"}
TypeError: next is not a function
    at exports.getAllAgents (E:\smart-city-sos-cambodia\backend\src\services\agent.service.js:22:9)
    at async exports.getAllAgents (E:\smart-city-sos-cambodia\backend\src\controllers\agent.controller.js:10:13)
2026-08-10 23:45:54 [ERROR] Error: next is not a function {"statusCode":500,"path":"/api/agents","method":"GET","ip":"127.0.0.1","user":"fcfa02f2-ed60-47a0-9206-796a4dba82d3"}
TypeError: next is not a function
    at exports.getAllAgents (E:\smart-city-sos-cambodia\backend\src\services\agent.service.js:22:9)
    at async exports.getAllAgents (E:\smart-city-sos-cambodia\backend\src\controllers\agent.controller.js:10:13)
2026-08-10 23:45:54 [ERROR] Error: next is not a function {"statusCode":500,"path":"/api/agents","method":"GET","ip":"127.0.0.1","user":"fcfa02f2-ed60-47a0-9206-796a4dba82d3"}
TypeError: next is not a function
    at exports.getAllAgents (E:\smart-city-sos-cambodia\backend\src\services\agent.service.js:22:9)
    at async exports.getAllAgents (E:\smart-city-sos-cambodia\backend\src\controllers\agent.controller.js:10:13)
2026-08-10 23:45:55 [ERROR] Error: next is not a function {"statusCode":500,"path":"/api/agents","method":"GET","ip":"127.0.0.1","user":"fcfa02f2-ed60-47a0-9206-796a4dba82d3"}
TypeError: next is not a function
    at exports.getAllAgents (E:\smart-city-sos-cambodia\backend\src\services\agent.service.js:22:9)
    at async exports.getAllAgents (E:\smart-city-sos-cambodia\backend\src\controllers\agent.controller.js:10:13)
2026-08-10 23:45:55 [ERROR] Error: next is not a function {"statusCode":500,"path":"/api/agents","method":"GET","ip":"127.0.0.1","user":"fcfa02f2-ed60-47a0-9206-796a4dba82d3"}
TypeError: next is not a function
    at exports.getAllAgents (E:\smart-city-sos-cambodia\backend\src\services\agent.service.js:22:9)
    at async exports.getAllAgents (E:\smart-city-sos-cambodia\backend\src\controllers\agent.controller.js:10:13)
2026-08-10 23:45:56 [ERROR] Error: next is not a function {"statusCode":500,"path":"/api/agents","method":"GET","ip":"127.0.0.1","user":"fcfa02f2-ed60-47a0-9206-796a4dba82d3"}
TypeError: next is not a function
    at exports.getAllAgents (E:\smart-city-sos-cambodia\backend\src\services\agent.service.js:22:9)
    at async exports.getAllAgents (E:\smart-city-sos-cambodia\backend\src\controllers\agent.controller.js:10:13)
2026-08-10 23:45:56 [ERROR] Error: next is not a function {"statusCode":500,"path":"/api/agents","method":"GET","ip":"127.0.0.1","user":"fcfa02f2-ed60-47a0-9206-796a4dba82d3"}
TypeError: next is not a function
    at exports.getAllAgents (E:\smart-city-sos-cambodia\backend\src\services\agent.service.js:22:9)
    at async exports.getAllAgents (E:\smart-city-sos-cambodia\backend\src\controllers\agent.controller.js:10:13)
2026-08-10 23:45:57 [ERROR] Error: next is not a function {"statusCode":500,"path":"/api/agents","method":"GET","ip":"127.0.0.1","user":"fcfa02f2-ed60-47a0-9206-796a4dba82d3"}
TypeError: next is not a function
    at exports.getAllAgents (E:\smart-city-sos-cambodia\backend\src\services\agent.service.js:22:9)
    at async exports.getAllAgents (E:\smart-city-sos-cambodia\backend\src\controllers\agent.controller.js:10:13)
2026-08-11 00:00:42 [ERROR] Error: next is not a function {"statusCode":500,"path":"/api/agents","method":"GET","ip":"127.0.0.1","user":"fcfa02f2-ed60-47a0-9206-796a4dba82d3"}
TypeError: next is not a function
    at exports.getAllAgents (E:\smart-city-sos-cambodia\backend\src\services\agent.service.js:22:9)
    at async exports.getAllAgents (E:\smart-city-sos-cambodia\backend\src\controllers\agent.controller.js:10:13)
2026-08-11 00:00:42 [ERROR] Error: next is not a function {"statusCode":500,"path":"/api/agents","method":"GET","ip":"127.0.0.1","user":"fcfa02f2-ed60-47a0-9206-796a4dba82d3"}
TypeError: next is not a function
    at exports.getAllAgents (E:\smart-city-sos-cambodia\backend\src\services\agent.service.js:22:9)
    at async exports.getAllAgents (E:\smart-city-sos-cambodia\backend\src\controllers\agent.controller.js:10:13)
2026-08-11 00:00:42 [ERROR] Error: next is not a function {"statusCode":500,"path":"/api/agents","method":"GET","ip":"127.0.0.1","user":"fcfa02f2-ed60-47a0-9206-796a4dba82d3"}
TypeError: next is not a function
    at exports.getAllAgents (E:\smart-city-sos-cambodia\backend\src\services\agent.service.js:22:9)
    at async exports.getAllAgents (E:\smart-city-sos-cambodia\backend\src\controllers\agent.controller.js:10:13)
2026-08-11 00:07:08 [ERROR] Error: next is not a function {"statusCode":500,"path":"/api/agents","method":"GET","ip":"127.0.0.1","user":"fcfa02f2-ed60-47a0-9206-796a4dba82d3"}
TypeError: next is not a function
    at exports.getAllAgents (E:\smart-city-sos-cambodia\backend\src\services\agent.service.js:22:9)
    at async exports.getAllAgents (E:\smart-city-sos-cambodia\backend\src\controllers\agent.controller.js:10:13)
2026-08-11 00:07:09 [ERROR] Error: next is not a function {"statusCode":500,"path":"/api/agents","method":"GET","ip":"127.0.0.1","user":"fcfa02f2-ed60-47a0-9206-796a4dba82d3"}
TypeError: next is not a function
    at exports.getAllAgents (E:\smart-city-sos-cambodia\backend\src\services\agent.service.js:22:9)
    at async exports.getAllAgents (E:\smart-city-sos-cambodia\backend\src\controllers\agent.controller.js:10:13)
2026-08-11 00:07:10 [ERROR] Error: next is not a function {"statusCode":500,"path":"/api/agents","method":"GET","ip":"127.0.0.1","user":"fcfa02f2-ed60-47a0-9206-796a4dba82d3"}
TypeError: next is not a function
    at exports.getAllAgents (E:\smart-city-sos-cambodia\backend\src\services\agent.service.js:22:9)
    at async exports.getAllAgents (E:\smart-city-sos-cambodia\backend\src\controllers\agent.controller.js:10:13)
2026-08-11 19:28:05 [ERROR] Error: next is not a function {"statusCode":500,"path":"/api/agents","method":"GET","ip":"127.0.0.1","user":"fcfa02f2-ed60-47a0-9206-796a4dba82d3"}
TypeError: next is not a function
    at exports.getAllAgents (E:\smart-city-sos-cambodia\backend\src\services\agent.service.js:22:9)
    at async exports.getAllAgents (E:\smart-city-sos-cambodia\backend\src\controllers\agent.controller.js:10:13)
2026-08-11 19:28:06 [ERROR] Error: next is not a function {"statusCode":500,"path":"/api/agents","method":"GET","ip":"127.0.0.1","user":"fcfa02f2-ed60-47a0-9206-796a4dba82d3"}
TypeError: next is not a function
    at exports.getAllAgents (E:\smart-city-sos-cambodia\backend\src\services\agent.service.js:22:9)
    at async exports.getAllAgents (E:\smart-city-sos-cambodia\backend\src\controllers\agent.controller.js:10:13)
2026-08-11 19:28:06 [ERROR] Error: next is not a function {"statusCode":500,"path":"/api/agents","method":"GET","ip":"127.0.0.1","user":"fcfa02f2-ed60-47a0-9206-796a4dba82d3"}
TypeError: next is not a function
    at exports.getAllAgents (E:\smart-city-sos-cambodia\backend\src\services\agent.service.js:22:9)
    at async exports.getAllAgents (E:\smart-city-sos-cambodia\backend\src\controllers\agent.controller.js:10:13)
2026-08-11 19:30:09 [ERROR] Error: next is not a function {"statusCode":500,"path":"/api/agents","method":"GET","ip":"127.0.0.1","user":"ffbc58b8-8977-4b70-865c-6670ac65a553"}
TypeError: next is not a function
    at exports.getAllAgents (E:\smart-city-sos-cambodia\backend\src\services\agent.service.js:22:9)
    at async exports.getAllAgents (E:\smart-city-sos-cambodia\backend\src\controllers\agent.controller.js:10:13)
2026-08-11 19:30:09 [ERROR] Error: next is not a function {"statusCode":500,"path":"/api/agents","method":"GET","ip":"127.0.0.1","user":"ffbc58b8-8977-4b70-865c-6670ac65a553"}
TypeError: next is not a function
    at exports.getAllAgents (E:\smart-city-sos-cambodia\backend\src\services\agent.service.js:22:9)
    at async exports.getAllAgents (E:\smart-city-sos-cambodia\backend\src\controllers\agent.controller.js:10:13)
2026-08-11 19:30:10 [ERROR] Error: next is not a function {"statusCode":500,"path":"/api/agents","method":"GET","ip":"127.0.0.1","user":"ffbc58b8-8977-4b70-865c-6670ac65a553"}
TypeError: next is not a function
    at exports.getAllAgents (E:\smart-city-sos-cambodia\backend\src\services\agent.service.js:22:9)
    at async exports.getAllAgents (E:\smart-city-sos-cambodia\backend\src\controllers\agent.controller.js:10:13)
2026-08-11 19:36:25 [ERROR] Error: next is not a function {"statusCode":500,"path":"/api/agents","method":"GET","ip":"127.0.0.1","user":"ffbc58b8-8977-4b70-865c-6670ac65a553"}
TypeError: next is not a function
    at exports.getAllAgents (E:\smart-city-sos-cambodia\backend\src\services\agent.service.js:22:9)
    at async exports.getAllAgents (E:\smart-city-sos-cambodia\backend\src\controllers\agent.controller.js:10:13)
2026-08-11 19:36:25 [ERROR] Error: next is not a function {"statusCode":500,"path":"/api/agents","method":"GET","ip":"127.0.0.1","user":"ffbc58b8-8977-4b70-865c-6670ac65a553"}
TypeError: next is not a function
    at exports.getAllAgents (E:\smart-city-sos-cambodia\backend\src\services\agent.service.js:22:9)
    at async exports.getAllAgents (E:\smart-city-sos-cambodia\backend\src\controllers\agent.controller.js:10:13)
2026-08-11 19:36:25 [ERROR] Error: next is not a function {"statusCode":500,"path":"/api/agents","method":"GET","ip":"127.0.0.1","user":"ffbc58b8-8977-4b70-865c-6670ac65a553"}
TypeError: next is not a function
    at exports.getAllAgents (E:\smart-city-sos-cambodia\backend\src\services\agent.service.js:22:9)
    at async exports.getAllAgents (E:\smart-city-sos-cambodia\backend\src\controllers\agent.controller.js:10:13)
2026-08-11 19:37:09 [ERROR] Error: next is not a function {"statusCode":500,"path":"/api/agents","method":"GET","ip":"127.0.0.1","user":"fcfa02f2-ed60-47a0-9206-796a4dba82d3"}
TypeError: next is not a function
    at exports.getAllAgents (E:\smart-city-sos-cambodia\backend\src\services\agent.service.js:22:9)
    at async exports.getAllAgents (E:\smart-city-sos-cambodia\backend\src\controllers\agent.controller.js:10:13)
2026-08-11 19:37:09 [ERROR] Error: next is not a function {"statusCode":500,"path":"/api/agents","method":"GET","ip":"127.0.0.1","user":"fcfa02f2-ed60-47a0-9206-796a4dba82d3"}
TypeError: next is not a function
    at exports.getAllAgents (E:\smart-city-sos-cambodia\backend\src\services\agent.service.js:22:9)
    at async exports.getAllAgents (E:\smart-city-sos-cambodia\backend\src\controllers\agent.controller.js:10:13)
2026-08-11 19:37:10 [ERROR] Error: next is not a function {"statusCode":500,"path":"/api/agents","method":"GET","ip":"127.0.0.1","user":"fcfa02f2-ed60-47a0-9206-796a4dba82d3"}
TypeError: next is not a function
    at exports.getAllAgents (E:\smart-city-sos-cambodia\backend\src\services\agent.service.js:22:9)
    at async exports.getAllAgents (E:\smart-city-sos-cambodia\backend\src\controllers\agent.controller.js:10:13)
2026-08-11 19:45:10 [ERROR] Error: next is not a function {"statusCode":500,"path":"/api/agents","method":"GET","ip":"127.0.0.1","user":"fcfa02f2-ed60-47a0-9206-796a4dba82d3"}
TypeError: next is not a function
    at exports.getAllAgents (E:\smart-city-sos-cambodia\backend\src\services\agent.service.js:22:9)
    at async exports.getAllAgents (E:\smart-city-sos-cambodia\backend\src\controllers\agent.controller.js:10:13)
2026-08-11 19:45:10 [ERROR] Error: next is not a function {"statusCode":500,"path":"/api/agents","method":"GET","ip":"127.0.0.1","user":"fcfa02f2-ed60-47a0-9206-796a4dba82d3"}
TypeError: next is not a function
    at exports.getAllAgents (E:\smart-city-sos-cambodia\backend\src\services\agent.service.js:22:9)
    at async exports.getAllAgents (E:\smart-city-sos-cambodia\backend\src\controllers\agent.controller.js:10:13)
2026-08-11 19:45:28 [ERROR] Error: next is not a function {"statusCode":500,"path":"/api/agents","method":"GET","ip":"127.0.0.1","user":"fcfa02f2-ed60-47a0-9206-796a4dba82d3"}
TypeError: next is not a function
    at exports.getAllAgents (E:\smart-city-sos-cambodia\backend\src\services\agent.service.js:22:9)
    at async exports.getAllAgents (E:\smart-city-sos-cambodia\backend\src\controllers\agent.controller.js:10:13)
2026-08-11 19:45:28 [ERROR] Error: next is not a function {"statusCode":500,"path":"/api/agents","method":"GET","ip":"127.0.0.1","user":"fcfa02f2-ed60-47a0-9206-796a4dba82d3"}
TypeError: next is not a function
    at exports.getAllAgents (E:\smart-city-sos-cambodia\backend\src\services\agent.service.js:22:9)
    at async exports.getAllAgents (E:\smart-city-sos-cambodia\backend\src\controllers\agent.controller.js:10:13)
2026-08-11 19:45:28 [ERROR] Error: next is not a function {"statusCode":500,"path":"/api/agents","method":"GET","ip":"127.0.0.1","user":"fcfa02f2-ed60-47a0-9206-796a4dba82d3"}
TypeError: next is not a function
    at exports.getAllAgents (E:\smart-city-sos-cambodia\backend\src\services\agent.service.js:22:9)
    at async exports.getAllAgents (E:\smart-city-sos-cambodia\backend\src\controllers\agent.controller.js:10:13)
2026-08-11 19:45:54 [ERROR] Error: next is not a function {"statusCode":500,"path":"/api/agents","method":"GET","ip":"127.0.0.1","user":"fcfa02f2-ed60-47a0-9206-796a4dba82d3"}
TypeError: next is not a function
    at exports.getAllAgents (E:\smart-city-sos-cambodia\backend\src\services\agent.service.js:22:9)
    at async exports.getAllAgents (E:\smart-city-sos-cambodia\backend\src\controllers\agent.controller.js:10:13)
2026-08-11 19:45:54 [ERROR] Error: next is not a function {"statusCode":500,"path":"/api/agents","method":"GET","ip":"127.0.0.1","user":"fcfa02f2-ed60-47a0-9206-796a4dba82d3"}
TypeError: next is not a function
    at exports.getAllAgents (E:\smart-city-sos-cambodia\backend\src\services\agent.service.js:22:9)
    at async exports.getAllAgents (E:\smart-city-sos-cambodia\backend\src\controllers\agent.controller.js:10:13)
2026-08-11 19:45:55 [ERROR] Error: next is not a function {"statusCode":500,"path":"/api/agents","method":"GET","ip":"127.0.0.1","user":"fcfa02f2-ed60-47a0-9206-796a4dba82d3"}
TypeError: next is not a function
    at exports.getAllAgents (E:\smart-city-sos-cambodia\backend\src\services\agent.service.js:22:9)
    at async exports.getAllAgents (E:\smart-city-sos-cambodia\backend\src\controllers\agent.controller.js:10:13)
2026-08-11 19:51:16 [ERROR] Error: next is not a function {"statusCode":500,"path":"/api/agents","method":"GET","ip":"127.0.0.1","user":"fcfa02f2-ed60-47a0-9206-796a4dba82d3"}
TypeError: next is not a function
    at exports.getAllAgents (E:\smart-city-sos-cambodia\backend\src\services\agent.service.js:22:9)
    at async exports.getAllAgents (E:\smart-city-sos-cambodia\backend\src\controllers\agent.controller.js:10:13)
2026-08-11 19:51:16 [ERROR] Error: next is not a function {"statusCode":500,"path":"/api/agents","method":"GET","ip":"127.0.0.1","user":"fcfa02f2-ed60-47a0-9206-796a4dba82d3"}
TypeError: next is not a function
    at exports.getAllAgents (E:\smart-city-sos-cambodia\backend\src\services\agent.service.js:22:9)
    at async exports.getAllAgents (E:\smart-city-sos-cambodia\backend\src\controllers\agent.controller.js:10:13)
2026-08-11 19:51:16 [ERROR] Error: next is not a function {"statusCode":500,"path":"/api/agents","method":"GET","ip":"127.0.0.1","user":"fcfa02f2-ed60-47a0-9206-796a4dba82d3"}
TypeError: next is not a function
    at exports.getAllAgents (E:\smart-city-sos-cambodia\backend\src\services\agent.service.js:22:9)
    at async exports.getAllAgents (E:\smart-city-sos-cambodia\backend\src\controllers\agent.controller.js:10:13)
2026-08-11 19:51:26 [ERROR] Error: next is not a function {"statusCode":500,"path":"/api/agents","method":"GET","ip":"127.0.0.1","user":"fcfa02f2-ed60-47a0-9206-796a4dba82d3"}
TypeError: next is not a function
    at exports.getAllAgents (E:\smart-city-sos-cambodia\backend\src\services\agent.service.js:22:9)
    at async exports.getAllAgents (E:\smart-city-sos-cambodia\backend\src\controllers\agent.controller.js:10:13)
2026-08-11 19:51:26 [ERROR] Error: next is not a function {"statusCode":500,"path":"/api/agents","method":"GET","ip":"127.0.0.1","user":"fcfa02f2-ed60-47a0-9206-796a4dba82d3"}
TypeError: next is not a function
    at exports.getAllAgents (E:\smart-city-sos-cambodia\backend\src\services\agent.service.js:22:9)
    at async exports.getAllAgents (E:\smart-city-sos-cambodia\backend\src\controllers\agent.controller.js:10:13)
2026-08-11 19:51:26 [ERROR] Error: next is not a function {"statusCode":500,"path":"/api/agents","method":"GET","ip":"127.0.0.1","user":"fcfa02f2-ed60-47a0-9206-796a4dba82d3"}
TypeError: next is not a function
    at exports.getAllAgents (E:\smart-city-sos-cambodia\backend\src\services\agent.service.js:22:9)
    at async exports.getAllAgents (E:\smart-city-sos-cambodia\backend\src\controllers\agent.controller.js:10:13)
2026-08-11 19:51:27 [ERROR] Error: next is not a function {"statusCode":500,"path":"/api/agents","method":"GET","ip":"127.0.0.1","user":"fcfa02f2-ed60-47a0-9206-796a4dba82d3"}
TypeError: next is not a function
    at exports.getAllAgents (E:\smart-city-sos-cambodia\backend\src\services\agent.service.js:22:9)
    at async exports.getAllAgents (E:\smart-city-sos-cambodia\backend\src\controllers\agent.controller.js:10:13)
2026-08-11 19:51:27 [ERROR] Error: next is not a function {"statusCode":500,"path":"/api/agents","method":"GET","ip":"127.0.0.1","user":"fcfa02f2-ed60-47a0-9206-796a4dba82d3"}
TypeError: next is not a function
    at exports.getAllAgents (E:\smart-city-sos-cambodia\backend\src\services\agent.service.js:22:9)
    at async exports.getAllAgents (E:\smart-city-sos-cambodia\backend\src\controllers\agent.controller.js:10:13)
2026-08-11 19:51:28 [ERROR] Error: next is not a function {"statusCode":500,"path":"/api/agents","method":"GET","ip":"127.0.0.1","user":"fcfa02f2-ed60-47a0-9206-796a4dba82d3"}
TypeError: next is not a function
    at exports.getAllAgents (E:\smart-city-sos-cambodia\backend\src\services\agent.service.js:22:9)
    at async exports.getAllAgents (E:\smart-city-sos-cambodia\backend\src\controllers\agent.controller.js:10:13)
2026-08-11 19:51:30 [ERROR] Error: next is not a function {"statusCode":500,"path":"/api/agents","method":"GET","ip":"127.0.0.1","user":"fcfa02f2-ed60-47a0-9206-796a4dba82d3"}
TypeError: next is not a function
    at exports.getAllAgents (E:\smart-city-sos-cambodia\backend\src\services\agent.service.js:22:9)
    at async exports.getAllAgents (E:\smart-city-sos-cambodia\backend\src\controllers\agent.controller.js:10:13)
2026-08-11 19:51:30 [ERROR] Error: next is not a function {"statusCode":500,"path":"/api/agents","method":"GET","ip":"127.0.0.1","user":"fcfa02f2-ed60-47a0-9206-796a4dba82d3"}
TypeError: next is not a function
    at exports.getAllAgents (E:\smart-city-sos-cambodia\backend\src\services\agent.service.js:22:9)
    at async exports.getAllAgents (E:\smart-city-sos-cambodia\backend\src\controllers\agent.controller.js:10:13)
2026-08-11 19:53:53 [ERROR] Error: next is not a function {"statusCode":500,"path":"/api/agents","method":"GET","ip":"127.0.0.1","user":"fcfa02f2-ed60-47a0-9206-796a4dba82d3"}
TypeError: next is not a function
    at exports.getAllAgents (E:\smart-city-sos-cambodia\backend\src\services\agent.service.js:22:9)
    at async exports.getAllAgents (E:\smart-city-sos-cambodia\backend\src\controllers\agent.controller.js:10:13)
2026-08-11 19:53:53 [ERROR] Error: next is not a function {"statusCode":500,"path":"/api/agents","method":"GET","ip":"127.0.0.1","user":"fcfa02f2-ed60-47a0-9206-796a4dba82d3"}
TypeError: next is not a function
    at exports.getAllAgents (E:\smart-city-sos-cambodia\backend\src\services\agent.service.js:22:9)
    at async exports.getAllAgents (E:\smart-city-sos-cambodia\backend\src\controllers\agent.controller.js:10:13)
2026-08-11 19:53:53 [ERROR] Error: next is not a function {"statusCode":500,"path":"/api/agents","method":"GET","ip":"127.0.0.1","user":"fcfa02f2-ed60-47a0-9206-796a4dba82d3"}
TypeError: next is not a function
    at exports.getAllAgents (E:\smart-city-sos-cambodia\backend\src\services\agent.service.js:22:9)
    at async exports.getAllAgents (E:\smart-city-sos-cambodia\backend\src\controllers\agent.controller.js:10:13)
2026-08-11 19:54:00 [ERROR] Error: next is not a function {"statusCode":500,"path":"/api/agents","method":"GET","ip":"127.0.0.1","user":"fcfa02f2-ed60-47a0-9206-796a4dba82d3"}
TypeError: next is not a function
    at exports.getAllAgents (E:\smart-city-sos-cambodia\backend\src\services\agent.service.js:22:9)
    at async exports.getAllAgents (E:\smart-city-sos-cambodia\backend\src\controllers\agent.controller.js:10:13)
2026-08-11 19:54:00 [ERROR] Error: next is not a function {"statusCode":500,"path":"/api/agents","method":"GET","ip":"127.0.0.1","user":"fcfa02f2-ed60-47a0-9206-796a4dba82d3"}
TypeError: next is not a function
    at exports.getAllAgents (E:\smart-city-sos-cambodia\backend\src\services\agent.service.js:22:9)
    at async exports.getAllAgents (E:\smart-city-sos-cambodia\backend\src\controllers\agent.controller.js:10:13)
2026-08-11 19:54:00 [ERROR] Error: next is not a function {"statusCode":500,"path":"/api/agents","method":"GET","ip":"127.0.0.1","user":"fcfa02f2-ed60-47a0-9206-796a4dba82d3"}
TypeError: next is not a function
    at exports.getAllAgents (E:\smart-city-sos-cambodia\backend\src\services\agent.service.js:22:9)
    at async exports.getAllAgents (E:\smart-city-sos-cambodia\backend\src\controllers\agent.controller.js:10:13)
2026-08-11 19:54:36 [ERROR] Error: next is not a function {"statusCode":500,"path":"/api/agents","method":"GET","ip":"127.0.0.1","user":"fcfa02f2-ed60-47a0-9206-796a4dba82d3"}
TypeError: next is not a function
    at exports.getAllAgents (E:\smart-city-sos-cambodia\backend\src\services\agent.service.js:22:9)
    at async exports.getAllAgents (E:\smart-city-sos-cambodia\backend\src\controllers\agent.controller.js:10:13)
2026-08-11 19:54:36 [ERROR] Error: next is not a function {"statusCode":500,"path":"/api/agents","method":"GET","ip":"127.0.0.1","user":"fcfa02f2-ed60-47a0-9206-796a4dba82d3"}
TypeError: next is not a function
    at exports.getAllAgents (E:\smart-city-sos-cambodia\backend\src\services\agent.service.js:22:9)
    at async exports.getAllAgents (E:\smart-city-sos-cambodia\backend\src\controllers\agent.controller.js:10:13)
2026-08-11 19:54:37 [ERROR] Error: next is not a function {"statusCode":500,"path":"/api/agents","method":"GET","ip":"127.0.0.1","user":"fcfa02f2-ed60-47a0-9206-796a4dba82d3"}
TypeError: next is not a function
    at exports.getAllAgents (E:\smart-city-sos-cambodia\backend\src\services\agent.service.js:22:9)
    at async exports.getAllAgents (E:\smart-city-sos-cambodia\backend\src\controllers\agent.controller.js:10:13)
2026-08-11 19:58:00 [ERROR] Error: next is not a function {"statusCode":500,"path":"/api/agents","method":"GET","ip":"127.0.0.1","user":"fcfa02f2-ed60-47a0-9206-796a4dba82d3"}
TypeError: next is not a function
    at exports.getAllAgents (E:\smart-city-sos-cambodia\backend\src\services\agent.service.js:22:9)
    at async exports.getAllAgents (E:\smart-city-sos-cambodia\backend\src\controllers\agent.controller.js:10:13)
2026-08-11 19:58:01 [ERROR] Error: next is not a function {"statusCode":500,"path":"/api/agents","method":"GET","ip":"127.0.0.1","user":"fcfa02f2-ed60-47a0-9206-796a4dba82d3"}
TypeError: next is not a function
    at exports.getAllAgents (E:\smart-city-sos-cambodia\backend\src\services\agent.service.js:22:9)
    at async exports.getAllAgents (E:\smart-city-sos-cambodia\backend\src\controllers\agent.controller.js:10:13)
2026-08-11 19:58:01 [ERROR] Error: next is not a function {"statusCode":500,"path":"/api/agents","method":"GET","ip":"127.0.0.1","user":"fcfa02f2-ed60-47a0-9206-796a4dba82d3"}
TypeError: next is not a function
    at exports.getAllAgents (E:\smart-city-sos-cambodia\backend\src\services\agent.service.js:22:9)
    at async exports.getAllAgents (E:\smart-city-sos-cambodia\backend\src\controllers\agent.controller.js:10:13)
2026-08-11 20:09:56 [ERROR] Error: next is not a function {"statusCode":500,"path":"/api/agents","method":"GET","ip":"127.0.0.1","user":"fcfa02f2-ed60-47a0-9206-796a4dba82d3"}
TypeError: next is not a function
    at exports.getAllAgents (E:\smart-city-sos-cambodia\backend\src\services\agent.service.js:22:9)
    at async exports.getAllAgents (E:\smart-city-sos-cambodia\backend\src\controllers\agent.controller.js:10:13)
2026-08-11 20:09:56 [ERROR] Error: next is not a function {"statusCode":500,"path":"/api/agents","method":"GET","ip":"127.0.0.1","user":"fcfa02f2-ed60-47a0-9206-796a4dba82d3"}
TypeError: next is not a function
    at exports.getAllAgents (E:\smart-city-sos-cambodia\backend\src\services\agent.service.js:22:9)
    at async exports.getAllAgents (E:\smart-city-sos-cambodia\backend\src\controllers\agent.controller.js:10:13)
2026-08-11 20:09:56 [ERROR] Error: next is not a function {"statusCode":500,"path":"/api/agents","method":"GET","ip":"127.0.0.1","user":"fcfa02f2-ed60-47a0-9206-796a4dba82d3"}
TypeError: next is not a function
    at exports.getAllAgents (E:\smart-city-sos-cambodia\backend\src\services\agent.service.js:22:9)
    at async exports.getAllAgents (E:\smart-city-sos-cambodia\backend\src\controllers\agent.controller.js:10:13)
2026-08-11 20:10:12 [ERROR] Error: next is not a function {"statusCode":500,"path":"/api/agents","method":"GET","ip":"127.0.0.1","user":"fcfa02f2-ed60-47a0-9206-796a4dba82d3"}
TypeError: next is not a function
    at exports.getAllAgents (E:\smart-city-sos-cambodia\backend\src\services\agent.service.js:22:9)
    at async exports.getAllAgents (E:\smart-city-sos-cambodia\backend\src\controllers\agent.controller.js:10:13)
2026-08-11 20:10:12 [ERROR] Error: next is not a function {"statusCode":500,"path":"/api/agents","method":"GET","ip":"127.0.0.1","user":"fcfa02f2-ed60-47a0-9206-796a4dba82d3"}
TypeError: next is not a function
    at exports.getAllAgents (E:\smart-city-sos-cambodia\backend\src\services\agent.service.js:22:9)
    at async exports.getAllAgents (E:\smart-city-sos-cambodia\backend\src\controllers\agent.controller.js:10:13)
2026-08-11 20:10:13 [ERROR] Error: next is not a function {"statusCode":500,"path":"/api/agents","method":"GET","ip":"127.0.0.1","user":"fcfa02f2-ed60-47a0-9206-796a4dba82d3"}
TypeError: next is not a function
    at exports.getAllAgents (E:\smart-city-sos-cambodia\backend\src\services\agent.service.js:22:9)
    at async exports.getAllAgents (E:\smart-city-sos-cambodia\backend\src\controllers\agent.controller.js:10:13)
2026-08-11 20:10:31 [ERROR] Error: next is not a function {"statusCode":500,"path":"/api/agents","method":"GET","ip":"127.0.0.1","user":"ffbc58b8-8977-4b70-865c-6670ac65a553"}
TypeError: next is not a function
    at exports.getAllAgents (E:\smart-city-sos-cambodia\backend\src\services\agent.service.js:22:9)
    at async exports.getAllAgents (E:\smart-city-sos-cambodia\backend\src\controllers\agent.controller.js:10:13)
2026-08-11 20:10:31 [ERROR] Error: next is not a function {"statusCode":500,"path":"/api/agents","method":"GET","ip":"127.0.0.1","user":"ffbc58b8-8977-4b70-865c-6670ac65a553"}
TypeError: next is not a function
    at exports.getAllAgents (E:\smart-city-sos-cambodia\backend\src\services\agent.service.js:22:9)
    at async exports.getAllAgents (E:\smart-city-sos-cambodia\backend\src\controllers\agent.controller.js:10:13)
2026-08-11 20:10:31 [ERROR] Error: next is not a function {"statusCode":500,"path":"/api/agents","method":"GET","ip":"127.0.0.1","user":"ffbc58b8-8977-4b70-865c-6670ac65a553"}
TypeError: next is not a function
    at exports.getAllAgents (E:\smart-city-sos-cambodia\backend\src\services\agent.service.js:22:9)
    at async exports.getAllAgents (E:\smart-city-sos-cambodia\backend\src\controllers\agent.controller.js:10:13)
2026-08-11 20:12:52 [ERROR] Error: next is not a function {"statusCode":500,"path":"/api/agents","method":"GET","ip":"127.0.0.1","user":"fcfa02f2-ed60-47a0-9206-796a4dba82d3"}
TypeError: next is not a function
    at exports.getAllAgents (E:\smart-city-sos-cambodia\backend\src\services\agent.service.js:22:9)
    at async exports.getAllAgents (E:\smart-city-sos-cambodia\backend\src\controllers\agent.controller.js:10:13)
2026-08-11 20:12:52 [ERROR] Error: next is not a function {"statusCode":500,"path":"/api/agents","method":"GET","ip":"127.0.0.1","user":"fcfa02f2-ed60-47a0-9206-796a4dba82d3"}
TypeError: next is not a function
    at exports.getAllAgents (E:\smart-city-sos-cambodia\backend\src\services\agent.service.js:22:9)
    at async exports.getAllAgents (E:\smart-city-sos-cambodia\backend\src\controllers\agent.controller.js:10:13)
2026-08-11 20:12:53 [ERROR] Error: next is not a function {"statusCode":500,"path":"/api/agents","method":"GET","ip":"127.0.0.1","user":"fcfa02f2-ed60-47a0-9206-796a4dba82d3"}
TypeError: next is not a function
    at exports.getAllAgents (E:\smart-city-sos-cambodia\backend\src\services\agent.service.js:22:9)
    at async exports.getAllAgents (E:\smart-city-sos-cambodia\backend\src\controllers\agent.controller.js:10:13)
2026-08-11 20:12:53 [ERROR] Error: next is not a function {"statusCode":500,"path":"/api/agents","method":"GET","ip":"127.0.0.1","user":"fcfa02f2-ed60-47a0-9206-796a4dba82d3"}
TypeError: next is not a function
    at exports.getAllAgents (E:\smart-city-sos-cambodia\backend\src\services\agent.service.js:22:9)
    at async exports.getAllAgents (E:\smart-city-sos-cambodia\backend\src\controllers\agent.controller.js:10:13)
2026-08-11 20:13:08 [ERROR] Error: next is not a function {"statusCode":500,"path":"/api/agents","method":"GET","ip":"127.0.0.1","user":"fcfa02f2-ed60-47a0-9206-796a4dba82d3"}
TypeError: next is not a function
    at exports.getAllAgents (E:\smart-city-sos-cambodia\backend\src\services\agent.service.js:22:9)
    at async exports.getAllAgents (E:\smart-city-sos-cambodia\backend\src\controllers\agent.controller.js:10:13)
2026-08-11 20:13:08 [ERROR] Error: next is not a function {"statusCode":500,"path":"/api/agents","method":"GET","ip":"127.0.0.1","user":"fcfa02f2-ed60-47a0-9206-796a4dba82d3"}
TypeError: next is not a function
    at exports.getAllAgents (E:\smart-city-sos-cambodia\backend\src\services\agent.service.js:22:9)
    at async exports.getAllAgents (E:\smart-city-sos-cambodia\backend\src\controllers\agent.controller.js:10:13)
2026-08-11 20:13:08 [ERROR] Error: next is not a function {"statusCode":500,"path":"/api/agents","method":"GET","ip":"127.0.0.1","user":"fcfa02f2-ed60-47a0-9206-796a4dba82d3"}
TypeError: next is not a function
    at exports.getAllAgents (E:\smart-city-sos-cambodia\backend\src\services\agent.service.js:22:9)
    at async exports.getAllAgents (E:\smart-city-sos-cambodia\backend\src\controllers\agent.controller.js:10:13)
2026-08-11 20:13:09 [ERROR] Error: next is not a function {"statusCode":500,"path":"/api/agents","method":"GET","ip":"127.0.0.1","user":"fcfa02f2-ed60-47a0-9206-796a4dba82d3"}
TypeError: next is not a function
    at exports.getAllAgents (E:\smart-city-sos-cambodia\backend\src\services\agent.service.js:22:9)
    at async exports.getAllAgents (E:\smart-city-sos-cambodia\backend\src\controllers\agent.controller.js:10:13)
2026-08-11 20:17:26 [ERROR] Error: next is not a function {"statusCode":500,"path":"/api/agents","method":"GET","ip":"127.0.0.1","user":"fcfa02f2-ed60-47a0-9206-796a4dba82d3"}
TypeError: next is not a function
    at exports.getAllAgents (E:\smart-city-sos-cambodia\backend\src\services\agent.service.js:22:9)
    at async exports.getAllAgents (E:\smart-city-sos-cambodia\backend\src\controllers\agent.controller.js:10:13)
2026-08-11 20:17:26 [ERROR] Error: next is not a function {"statusCode":500,"path":"/api/agents","method":"GET","ip":"127.0.0.1","user":"fcfa02f2-ed60-47a0-9206-796a4dba82d3"}
TypeError: next is not a function
    at exports.getAllAgents (E:\smart-city-sos-cambodia\backend\src\services\agent.service.js:22:9)
    at async exports.getAllAgents (E:\smart-city-sos-cambodia\backend\src\controllers\agent.controller.js:10:13)
2026-08-11 20:17:27 [ERROR] Error: next is not a function {"statusCode":500,"path":"/api/agents","method":"GET","ip":"127.0.0.1","user":"fcfa02f2-ed60-47a0-9206-796a4dba82d3"}
TypeError: next is not a function
    at exports.getAllAgents (E:\smart-city-sos-cambodia\backend\src\services\agent.service.js:22:9)
    at async exports.getAllAgents (E:\smart-city-sos-cambodia\backend\src\controllers\agent.controller.js:10:13)
2026-08-11 20:17:43 [ERROR] Error: next is not a function {"statusCode":500,"path":"/api/agents","method":"GET","ip":"127.0.0.1","user":"fcfa02f2-ed60-47a0-9206-796a4dba82d3"}
TypeError: next is not a function
    at exports.getAllAgents (E:\smart-city-sos-cambodia\backend\src\services\agent.service.js:22:9)
    at async exports.getAllAgents (E:\smart-city-sos-cambodia\backend\src\controllers\agent.controller.js:10:13)
2026-08-11 20:17:43 [ERROR] Error: next is not a function {"statusCode":500,"path":"/api/agents","method":"GET","ip":"127.0.0.1","user":"fcfa02f2-ed60-47a0-9206-796a4dba82d3"}
TypeError: next is not a function
    at exports.getAllAgents (E:\smart-city-sos-cambodia\backend\src\services\agent.service.js:22:9)
    at async exports.getAllAgents (E:\smart-city-sos-cambodia\backend\src\controllers\agent.controller.js:10:13)
2026-08-11 20:17:44 [ERROR] Error: next is not a function {"statusCode":500,"path":"/api/agents","method":"GET","ip":"127.0.0.1","user":"fcfa02f2-ed60-47a0-9206-796a4dba82d3"}
TypeError: next is not a function
    at exports.getAllAgents (E:\smart-city-sos-cambodia\backend\src\services\agent.service.js:22:9)
    at async exports.getAllAgents (E:\smart-city-sos-cambodia\backend\src\controllers\agent.controller.js:10:13)
2026-08-11 20:24:15 [ERROR] Error: next is not a function {"statusCode":500,"path":"/api/agents","method":"GET","ip":"127.0.0.1","user":"fcfa02f2-ed60-47a0-9206-796a4dba82d3"}
TypeError: next is not a function
    at exports.getAllAgents (E:\smart-city-sos-cambodia\backend\src\services\agent.service.js:22:9)
    at async exports.getAllAgents (E:\smart-city-sos-cambodia\backend\src\controllers\agent.controller.js:10:13)
2026-08-11 20:24:16 [ERROR] Error: next is not a function {"statusCode":500,"path":"/api/agents","method":"GET","ip":"127.0.0.1","user":"fcfa02f2-ed60-47a0-9206-796a4dba82d3"}
TypeError: next is not a function
    at exports.getAllAgents (E:\smart-city-sos-cambodia\backend\src\services\agent.service.js:22:9)
    at async exports.getAllAgents (E:\smart-city-sos-cambodia\backend\src\controllers\agent.controller.js:10:13)
2026-08-11 20:24:16 [ERROR] Error: next is not a function {"statusCode":500,"path":"/api/agents","method":"GET","ip":"127.0.0.1","user":"fcfa02f2-ed60-47a0-9206-796a4dba82d3"}
TypeError: next is not a function
    at exports.getAllAgents (E:\smart-city-sos-cambodia\backend\src\services\agent.service.js:22:9)
    at async exports.getAllAgents (E:\smart-city-sos-cambodia\backend\src\controllers\agent.controller.js:10:13)
2026-08-11 20:28:51 [ERROR] Error: next is not a function {"statusCode":500,"path":"/api/agents","method":"GET","ip":"127.0.0.1","user":"fcfa02f2-ed60-47a0-9206-796a4dba82d3"}
TypeError: next is not a function
    at exports.getAllAgents (E:\smart-city-sos-cambodia\backend\src\services\agent.service.js:22:9)
    at async exports.getAllAgents (E:\smart-city-sos-cambodia\backend\src\controllers\agent.controller.js:10:13)
2026-08-11 20:28:51 [ERROR] Error: next is not a function {"statusCode":500,"path":"/api/agents","method":"GET","ip":"127.0.0.1","user":"fcfa02f2-ed60-47a0-9206-796a4dba82d3"}
TypeError: next is not a function
    at exports.getAllAgents (E:\smart-city-sos-cambodia\backend\src\services\agent.service.js:22:9)
    at async exports.getAllAgents (E:\smart-city-sos-cambodia\backend\src\controllers\agent.controller.js:10:13)
2026-08-11 20:28:52 [ERROR] Error: next is not a function {"statusCode":500,"path":"/api/agents","method":"GET","ip":"127.0.0.1","user":"fcfa02f2-ed60-47a0-9206-796a4dba82d3"}
TypeError: next is not a function
    at exports.getAllAgents (E:\smart-city-sos-cambodia\backend\src\services\agent.service.js:22:9)
    at async exports.getAllAgents (E:\smart-city-sos-cambodia\backend\src\controllers\agent.controller.js:10:13)
2026-08-11 20:28:53 [ERROR] Error: next is not a function {"statusCode":500,"path":"/api/agents","method":"GET","ip":"127.0.0.1","user":"fcfa02f2-ed60-47a0-9206-796a4dba82d3"}
TypeError: next is not a function
    at exports.getAllAgents (E:\smart-city-sos-cambodia\backend\src\services\agent.service.js:22:9)
    at async exports.getAllAgents (E:\smart-city-sos-cambodia\backend\src\controllers\agent.controller.js:10:13)
2026-08-11 20:28:54 [ERROR] Error: next is not a function {"statusCode":500,"path":"/api/agents","method":"GET","ip":"127.0.0.1","user":"fcfa02f2-ed60-47a0-9206-796a4dba82d3"}
TypeError: next is not a function
    at exports.getAllAgents (E:\smart-city-sos-cambodia\backend\src\services\agent.service.js:22:9)
    at async exports.getAllAgents (E:\smart-city-sos-cambodia\backend\src\controllers\agent.controller.js:10:13)
2026-08-11 20:28:54 [ERROR] Error: next is not a function {"statusCode":500,"path":"/api/agents","method":"GET","ip":"127.0.0.1","user":"fcfa02f2-ed60-47a0-9206-796a4dba82d3"}
TypeError: next is not a function
    at exports.getAllAgents (E:\smart-city-sos-cambodia\backend\src\services\agent.service.js:22:9)
    at async exports.getAllAgents (E:\smart-city-sos-cambodia\backend\src\controllers\agent.controller.js:10:13)
2026-08-11 20:28:54 [ERROR] Error: next is not a function {"statusCode":500,"path":"/api/agents","method":"GET","ip":"127.0.0.1","user":"fcfa02f2-ed60-47a0-9206-796a4dba82d3"}
TypeError: next is not a function
    at exports.getAllAgents (E:\smart-city-sos-cambodia\backend\src\services\agent.service.js:22:9)
    at async exports.getAllAgents (E:\smart-city-sos-cambodia\backend\src\controllers\agent.controller.js:10:13)
2026-08-11 20:28:55 [ERROR] Error: next is not a function {"statusCode":500,"path":"/api/agents","method":"GET","ip":"127.0.0.1","user":"fcfa02f2-ed60-47a0-9206-796a4dba82d3"}
TypeError: next is not a function
    at exports.getAllAgents (E:\smart-city-sos-cambodia\backend\src\services\agent.service.js:22:9)
    at async exports.getAllAgents (E:\smart-city-sos-cambodia\backend\src\controllers\agent.controller.js:10:13)
2026-08-11 20:28:55 [ERROR] Error: next is not a function {"statusCode":500,"path":"/api/agents","method":"GET","ip":"127.0.0.1","user":"fcfa02f2-ed60-47a0-9206-796a4dba82d3"}
TypeError: next is not a function
    at exports.getAllAgents (E:\smart-city-sos-cambodia\backend\src\services\agent.service.js:22:9)
    at async exports.getAllAgents (E:\smart-city-sos-cambodia\backend\src\controllers\agent.controller.js:10:13)
2026-08-11 20:28:56 [ERROR] Error: next is not a function {"statusCode":500,"path":"/api/agents","method":"GET","ip":"127.0.0.1","user":"fcfa02f2-ed60-47a0-9206-796a4dba82d3"}
TypeError: next is not a function
    at exports.getAllAgents (E:\smart-city-sos-cambodia\backend\src\services\agent.service.js:22:9)
    at async exports.getAllAgents (E:\smart-city-sos-cambodia\backend\src\controllers\agent.controller.js:10:13)
2026-08-11 20:28:56 [ERROR] Error: next is not a function {"statusCode":500,"path":"/api/agents","method":"GET","ip":"127.0.0.1","user":"fcfa02f2-ed60-47a0-9206-796a4dba82d3"}
TypeError: next is not a function
    at exports.getAllAgents (E:\smart-city-sos-cambodia\backend\src\services\agent.service.js:22:9)
    at async exports.getAllAgents (E:\smart-city-sos-cambodia\backend\src\controllers\agent.controller.js:10:13)
2026-08-11 20:28:56 [ERROR] Error: next is not a function {"statusCode":500,"path":"/api/agents","method":"GET","ip":"127.0.0.1","user":"fcfa02f2-ed60-47a0-9206-796a4dba82d3"}
TypeError: next is not a function
    at exports.getAllAgents (E:\smart-city-sos-cambodia\backend\src\services\agent.service.js:22:9)
    at async exports.getAllAgents (E:\smart-city-sos-cambodia\backend\src\controllers\agent.controller.js:10:13)
2026-08-11 20:28:57 [ERROR] Error: next is not a function {"statusCode":500,"path":"/api/agents","method":"GET","ip":"127.0.0.1","user":"fcfa02f2-ed60-47a0-9206-796a4dba82d3"}
TypeError: next is not a function
    at exports.getAllAgents (E:\smart-city-sos-cambodia\backend\src\services\agent.service.js:22:9)
    at async exports.getAllAgents (E:\smart-city-sos-cambodia\backend\src\controllers\agent.controller.js:10:13)
2026-08-11 20:28:57 [ERROR] Error: next is not a function {"statusCode":500,"path":"/api/agents","method":"GET","ip":"127.0.0.1","user":"fcfa02f2-ed60-47a0-9206-796a4dba82d3"}
TypeError: next is not a function
    at exports.getAllAgents (E:\smart-city-sos-cambodia\backend\src\services\agent.service.js:22:9)
    at async exports.getAllAgents (E:\smart-city-sos-cambodia\backend\src\controllers\agent.controller.js:10:13)
2026-08-11 20:28:58 [ERROR] Error: next is not a function {"statusCode":500,"path":"/api/agents","method":"GET","ip":"127.0.0.1","user":"fcfa02f2-ed60-47a0-9206-796a4dba82d3"}
TypeError: next is not a function
    at exports.getAllAgents (E:\smart-city-sos-cambodia\backend\src\services\agent.service.js:22:9)
    at async exports.getAllAgents (E:\smart-city-sos-cambodia\backend\src\controllers\agent.controller.js:10:13)
2026-08-11 20:28:58 [ERROR] Error: next is not a function {"statusCode":500,"path":"/api/agents","method":"GET","ip":"127.0.0.1","user":"fcfa02f2-ed60-47a0-9206-796a4dba82d3"}
TypeError: next is not a function
    at exports.getAllAgents (E:\smart-city-sos-cambodia\backend\src\services\agent.service.js:22:9)
    at async exports.getAllAgents (E:\smart-city-sos-cambodia\backend\src\controllers\agent.controller.js:10:13)
2026-08-11 20:32:41 [ERROR] Error: next is not a function {"statusCode":500,"path":"/api/agents","method":"GET","ip":"127.0.0.1","user":"fcfa02f2-ed60-47a0-9206-796a4dba82d3"}
TypeError: next is not a function
    at exports.getAllAgents (E:\smart-city-sos-cambodia\backend\src\services\agent.service.js:22:9)
    at async exports.getAllAgents (E:\smart-city-sos-cambodia\backend\src\controllers\agent.controller.js:10:13)
2026-08-11 20:32:41 [ERROR] Error: next is not a function {"statusCode":500,"path":"/api/agents","method":"GET","ip":"127.0.0.1","user":"fcfa02f2-ed60-47a0-9206-796a4dba82d3"}
TypeError: next is not a function
    at exports.getAllAgents (E:\smart-city-sos-cambodia\backend\src\services\agent.service.js:22:9)
    at async exports.getAllAgents (E:\smart-city-sos-cambodia\backend\src\controllers\agent.controller.js:10:13)
2026-08-11 20:32:42 [ERROR] Error: next is not a function {"statusCode":500,"path":"/api/agents","method":"GET","ip":"127.0.0.1","user":"fcfa02f2-ed60-47a0-9206-796a4dba82d3"}
TypeError: next is not a function
    at exports.getAllAgents (E:\smart-city-sos-cambodia\backend\src\services\agent.service.js:22:9)
    at async exports.getAllAgents (E:\smart-city-sos-cambodia\backend\src\controllers\agent.controller.js:10:13)
2026-08-11 20:32:47 [ERROR] Error: next is not a function {"statusCode":500,"path":"/api/agents","method":"GET","ip":"127.0.0.1","user":"fcfa02f2-ed60-47a0-9206-796a4dba82d3"}
TypeError: next is not a function
    at exports.getAllAgents (E:\smart-city-sos-cambodia\backend\src\services\agent.service.js:22:9)
    at async exports.getAllAgents (E:\smart-city-sos-cambodia\backend\src\controllers\agent.controller.js:10:13)
2026-08-11 20:32:48 [ERROR] Error: next is not a function {"statusCode":500,"path":"/api/agents","method":"GET","ip":"127.0.0.1","user":"fcfa02f2-ed60-47a0-9206-796a4dba82d3"}
TypeError: next is not a function
    at exports.getAllAgents (E:\smart-city-sos-cambodia\backend\src\services\agent.service.js:22:9)
    at async exports.getAllAgents (E:\smart-city-sos-cambodia\backend\src\controllers\agent.controller.js:10:13)
2026-08-11 20:32:48 [ERROR] Error: next is not a function {"statusCode":500,"path":"/api/agents","method":"GET","ip":"127.0.0.1","user":"fcfa02f2-ed60-47a0-9206-796a4dba82d3"}
TypeError: next is not a function
    at exports.getAllAgents (E:\smart-city-sos-cambodia\backend\src\services\agent.service.js:22:9)
    at async exports.getAllAgents (E:\smart-city-sos-cambodia\backend\src\controllers\agent.controller.js:10:13)
2026-08-11 20:32:48 [ERROR] Error: next is not a function {"statusCode":500,"path":"/api/agents","method":"GET","ip":"127.0.0.1","user":"fcfa02f2-ed60-47a0-9206-796a4dba82d3"}
TypeError: next is not a function
    at exports.getAllAgents (E:\smart-city-sos-cambodia\backend\src\services\agent.service.js:22:9)
    at async exports.getAllAgents (E:\smart-city-sos-cambodia\backend\src\controllers\agent.controller.js:10:13)
2026-08-11 20:32:49 [ERROR] Error: next is not a function {"statusCode":500,"path":"/api/agents","method":"GET","ip":"127.0.0.1","user":"fcfa02f2-ed60-47a0-9206-796a4dba82d3"}
TypeError: next is not a function
    at exports.getAllAgents (E:\smart-city-sos-cambodia\backend\src\services\agent.service.js:22:9)
    at async exports.getAllAgents (E:\smart-city-sos-cambodia\backend\src\controllers\agent.controller.js:10:13)
2026-08-11 20:32:49 [ERROR] Error: next is not a function {"statusCode":500,"path":"/api/agents","method":"GET","ip":"127.0.0.1","user":"fcfa02f2-ed60-47a0-9206-796a4dba82d3"}
TypeError: next is not a function
    at exports.getAllAgents (E:\smart-city-sos-cambodia\backend\src\services\agent.service.js:22:9)
    at async exports.getAllAgents (E:\smart-city-sos-cambodia\backend\src\controllers\agent.controller.js:10:13)
2026-08-11 20:32:49 [ERROR] Error: next is not a function {"statusCode":500,"path":"/api/agents","method":"GET","ip":"127.0.0.1","user":"fcfa02f2-ed60-47a0-9206-796a4dba82d3"}
TypeError: next is not a function
    at exports.getAllAgents (E:\smart-city-sos-cambodia\backend\src\services\agent.service.js:22:9)
    at async exports.getAllAgents (E:\smart-city-sos-cambodia\backend\src\controllers\agent.controller.js:10:13)
2026-08-11 20:32:50 [ERROR] Error: next is not a function {"statusCode":500,"path":"/api/agents","method":"GET","ip":"127.0.0.1","user":"fcfa02f2-ed60-47a0-9206-796a4dba82d3"}
TypeError: next is not a function
    at exports.getAllAgents (E:\smart-city-sos-cambodia\backend\src\services\agent.service.js:22:9)
    at async exports.getAllAgents (E:\smart-city-sos-cambodia\backend\src\controllers\agent.controller.js:10:13)
2026-08-11 20:32:50 [ERROR] Error: next is not a function {"statusCode":500,"path":"/api/agents","method":"GET","ip":"127.0.0.1","user":"fcfa02f2-ed60-47a0-9206-796a4dba82d3"}
TypeError: next is not a function
    at exports.getAllAgents (E:\smart-city-sos-cambodia\backend\src\services\agent.service.js:22:9)
    at async exports.getAllAgents (E:\smart-city-sos-cambodia\backend\src\controllers\agent.controller.js:10:13)
2026-08-11 20:32:50 [ERROR] Error: next is not a function {"statusCode":500,"path":"/api/agents","method":"GET","ip":"127.0.0.1","user":"fcfa02f2-ed60-47a0-9206-796a4dba82d3"}
TypeError: next is not a function
    at exports.getAllAgents (E:\smart-city-sos-cambodia\backend\src\services\agent.service.js:22:9)
    at async exports.getAllAgents (E:\smart-city-sos-cambodia\backend\src\controllers\agent.controller.js:10:13)
2026-08-11 20:36:41 [ERROR] Error: next is not a function {"statusCode":500,"path":"/api/agents","method":"GET","ip":"127.0.0.1","user":"fcfa02f2-ed60-47a0-9206-796a4dba82d3"}
TypeError: next is not a function
    at exports.getAllAgents (E:\smart-city-sos-cambodia\backend\src\services\agent.service.js:22:9)
    at async exports.getAllAgents (E:\smart-city-sos-cambodia\backend\src\controllers\agent.controller.js:10:13)
2026-08-11 20:36:41 [ERROR] Error: next is not a function {"statusCode":500,"path":"/api/agents","method":"GET","ip":"127.0.0.1","user":"fcfa02f2-ed60-47a0-9206-796a4dba82d3"}
TypeError: next is not a function
    at exports.getAllAgents (E:\smart-city-sos-cambodia\backend\src\services\agent.service.js:22:9)
    at async exports.getAllAgents (E:\smart-city-sos-cambodia\backend\src\controllers\agent.controller.js:10:13)
2026-08-11 20:36:41 [ERROR] Error: next is not a function {"statusCode":500,"path":"/api/agents","method":"GET","ip":"127.0.0.1","user":"fcfa02f2-ed60-47a0-9206-796a4dba82d3"}
TypeError: next is not a function
    at exports.getAllAgents (E:\smart-city-sos-cambodia\backend\src\services\agent.service.js:22:9)
    at async exports.getAllAgents (E:\smart-city-sos-cambodia\backend\src\controllers\agent.controller.js:10:13)
2026-08-11 20:38:37 [ERROR] Error: next is not a function {"statusCode":500,"path":"/api/agents","method":"GET","ip":"127.0.0.1","user":"fcfa02f2-ed60-47a0-9206-796a4dba82d3"}
TypeError: next is not a function
    at exports.getAllAgents (E:\smart-city-sos-cambodia\backend\src\services\agent.service.js:22:9)
    at async exports.getAllAgents (E:\smart-city-sos-cambodia\backend\src\controllers\agent.controller.js:10:13)
2026-08-11 20:38:38 [ERROR] Error: next is not a function {"statusCode":500,"path":"/api/agents","method":"GET","ip":"127.0.0.1","user":"fcfa02f2-ed60-47a0-9206-796a4dba82d3"}
TypeError: next is not a function
    at exports.getAllAgents (E:\smart-city-sos-cambodia\backend\src\services\agent.service.js:22:9)
    at async exports.getAllAgents (E:\smart-city-sos-cambodia\backend\src\controllers\agent.controller.js:10:13)
2026-08-11 20:38:38 [ERROR] Error: next is not a function {"statusCode":500,"path":"/api/agents","method":"GET","ip":"127.0.0.1","user":"fcfa02f2-ed60-47a0-9206-796a4dba82d3"}
TypeError: next is not a function
    at exports.getAllAgents (E:\smart-city-sos-cambodia\backend\src\services\agent.service.js:22:9)
    at async exports.getAllAgents (E:\smart-city-sos-cambodia\backend\src\controllers\agent.controller.js:10:13)
2026-08-11 20:44:33 [ERROR] Error: next is not a function {"statusCode":500,"path":"/api/agents","method":"GET","ip":"127.0.0.1","user":"fcfa02f2-ed60-47a0-9206-796a4dba82d3"}
TypeError: next is not a function
    at exports.getAllAgents (E:\smart-city-sos-cambodia\backend\src\services\agent.service.js:22:9)
    at async exports.getAllAgents (E:\smart-city-sos-cambodia\backend\src\controllers\agent.controller.js:10:13)
2026-08-11 20:44:34 [ERROR] Error: next is not a function {"statusCode":500,"path":"/api/agents","method":"GET","ip":"127.0.0.1","user":"fcfa02f2-ed60-47a0-9206-796a4dba82d3"}
TypeError: next is not a function
    at exports.getAllAgents (E:\smart-city-sos-cambodia\backend\src\services\agent.service.js:22:9)
    at async exports.getAllAgents (E:\smart-city-sos-cambodia\backend\src\controllers\agent.controller.js:10:13)
2026-08-11 20:44:34 [ERROR] Error: next is not a function {"statusCode":500,"path":"/api/agents","method":"GET","ip":"127.0.0.1","user":"fcfa02f2-ed60-47a0-9206-796a4dba82d3"}
TypeError: next is not a function
    at exports.getAllAgents (E:\smart-city-sos-cambodia\backend\src\services\agent.service.js:22:9)
    at async exports.getAllAgents (E:\smart-city-sos-cambodia\backend\src\controllers\agent.controller.js:10:13)
2026-08-11 20:48:33 [ERROR] Error: next is not a function {"statusCode":500,"path":"/api/agents","method":"GET","ip":"127.0.0.1","user":"fcfa02f2-ed60-47a0-9206-796a4dba82d3"}
TypeError: next is not a function
    at exports.getAllAgents (E:\smart-city-sos-cambodia\backend\src\services\agent.service.js:22:9)
    at async exports.getAllAgents (E:\smart-city-sos-cambodia\backend\src\controllers\agent.controller.js:10:13)
2026-08-11 20:48:33 [ERROR] Error: next is not a function {"statusCode":500,"path":"/api/agents","method":"GET","ip":"127.0.0.1","user":"fcfa02f2-ed60-47a0-9206-796a4dba82d3"}
TypeError: next is not a function
    at exports.getAllAgents (E:\smart-city-sos-cambodia\backend\src\services\agent.service.js:22:9)
    at async exports.getAllAgents (E:\smart-city-sos-cambodia\backend\src\controllers\agent.controller.js:10:13)
2026-08-11 20:48:34 [ERROR] Error: next is not a function {"statusCode":500,"path":"/api/agents","method":"GET","ip":"127.0.0.1","user":"fcfa02f2-ed60-47a0-9206-796a4dba82d3"}
TypeError: next is not a function
    at exports.getAllAgents (E:\smart-city-sos-cambodia\backend\src\services\agent.service.js:22:9)
    at async exports.getAllAgents (E:\smart-city-sos-cambodia\backend\src\controllers\agent.controller.js:10:13)
2026-08-11 20:48:37 [ERROR] Error: next is not a function {"statusCode":500,"path":"/api/agents","method":"GET","ip":"127.0.0.1","user":"fcfa02f2-ed60-47a0-9206-796a4dba82d3"}
TypeError: next is not a function
    at exports.getAllAgents (E:\smart-city-sos-cambodia\backend\src\services\agent.service.js:22:9)
    at async exports.getAllAgents (E:\smart-city-sos-cambodia\backend\src\controllers\agent.controller.js:10:13)
2026-08-11 20:48:37 [ERROR] Error: next is not a function {"statusCode":500,"path":"/api/agents","method":"GET","ip":"127.0.0.1","user":"fcfa02f2-ed60-47a0-9206-796a4dba82d3"}
TypeError: next is not a function
    at exports.getAllAgents (E:\smart-city-sos-cambodia\backend\src\services\agent.service.js:22:9)
    at async exports.getAllAgents (E:\smart-city-sos-cambodia\backend\src\controllers\agent.controller.js:10:13)
2026-08-11 20:48:38 [ERROR] Error: next is not a function {"statusCode":500,"path":"/api/agents","method":"GET","ip":"127.0.0.1","user":"fcfa02f2-ed60-47a0-9206-796a4dba82d3"}
TypeError: next is not a function
    at exports.getAllAgents (E:\smart-city-sos-cambodia\backend\src\services\agent.service.js:22:9)
    at async exports.getAllAgents (E:\smart-city-sos-cambodia\backend\src\controllers\agent.controller.js:10:13)
2026-08-11 20:48:38 [ERROR] Error: next is not a function {"statusCode":500,"path":"/api/agents","method":"GET","ip":"127.0.0.1","user":"fcfa02f2-ed60-47a0-9206-796a4dba82d3"}
TypeError: next is not a function
    at exports.getAllAgents (E:\smart-city-sos-cambodia\backend\src\services\agent.service.js:22:9)
    at async exports.getAllAgents (E:\smart-city-sos-cambodia\backend\src\controllers\agent.controller.js:10:13)
2026-08-11 20:48:38 [ERROR] Error: next is not a function {"statusCode":500,"path":"/api/agents","method":"GET","ip":"127.0.0.1","user":"fcfa02f2-ed60-47a0-9206-796a4dba82d3"}
TypeError: next is not a function
    at exports.getAllAgents (E:\smart-city-sos-cambodia\backend\src\services\agent.service.js:22:9)
    at async exports.getAllAgents (E:\smart-city-sos-cambodia\backend\src\controllers\agent.controller.js:10:13)
2026-08-11 20:48:39 [ERROR] Error: next is not a function {"statusCode":500,"path":"/api/agents","method":"GET","ip":"127.0.0.1","user":"fcfa02f2-ed60-47a0-9206-796a4dba82d3"}
TypeError: next is not a function
    at exports.getAllAgents (E:\smart-city-sos-cambodia\backend\src\services\agent.service.js:22:9)
    at async exports.getAllAgents (E:\smart-city-sos-cambodia\backend\src\controllers\agent.controller.js:10:13)
2026-08-11 20:48:39 [ERROR] Error: next is not a function {"statusCode":500,"path":"/api/agents","method":"GET","ip":"127.0.0.1","user":"fcfa02f2-ed60-47a0-9206-796a4dba82d3"}
TypeError: next is not a function
    at exports.getAllAgents (E:\smart-city-sos-cambodia\backend\src\services\agent.service.js:22:9)
    at async exports.getAllAgents (E:\smart-city-sos-cambodia\backend\src\controllers\agent.controller.js:10:13)
2026-08-11 20:48:40 [ERROR] Error: next is not a function {"statusCode":500,"path":"/api/agents","method":"GET","ip":"127.0.0.1","user":"fcfa02f2-ed60-47a0-9206-796a4dba82d3"}
TypeError: next is not a function
    at exports.getAllAgents (E:\smart-city-sos-cambodia\backend\src\services\agent.service.js:22:9)
    at async exports.getAllAgents (E:\smart-city-sos-cambodia\backend\src\controllers\agent.controller.js:10:13)
2026-08-11 20:48:40 [ERROR] Error: next is not a function {"statusCode":500,"path":"/api/agents","method":"GET","ip":"127.0.0.1","user":"fcfa02f2-ed60-47a0-9206-796a4dba82d3"}
TypeError: next is not a function
    at exports.getAllAgents (E:\smart-city-sos-cambodia\backend\src\services\agent.service.js:22:9)
    at async exports.getAllAgents (E:\smart-city-sos-cambodia\backend\src\controllers\agent.controller.js:10:13)
2026-08-11 20:48:40 [ERROR] Error: next is not a function {"statusCode":500,"path":"/api/agents","method":"GET","ip":"127.0.0.1","user":"fcfa02f2-ed60-47a0-9206-796a4dba82d3"}
TypeError: next is not a function
    at exports.getAllAgents (E:\smart-city-sos-cambodia\backend\src\services\agent.service.js:22:9)
    at async exports.getAllAgents (E:\smart-city-sos-cambodia\backend\src\controllers\agent.controller.js:10:13)
2026-08-11 20:48:40 [ERROR] Error: next is not a function {"statusCode":500,"path":"/api/agents","method":"GET","ip":"127.0.0.1","user":"fcfa02f2-ed60-47a0-9206-796a4dba82d3"}
TypeError: next is not a function
    at exports.getAllAgents (E:\smart-city-sos-cambodia\backend\src\services\agent.service.js:22:9)
    at async exports.getAllAgents (E:\smart-city-sos-cambodia\backend\src\controllers\agent.controller.js:10:13)
2026-08-11 20:51:58 [ERROR] Error: next is not a function {"statusCode":500,"path":"/api/agents","method":"GET","ip":"127.0.0.1","user":"fcfa02f2-ed60-47a0-9206-796a4dba82d3"}
TypeError: next is not a function
    at exports.getAllAgents (E:\smart-city-sos-cambodia\backend\src\services\agent.service.js:22:9)
    at async exports.getAllAgents (E:\smart-city-sos-cambodia\backend\src\controllers\agent.controller.js:10:13)
2026-08-11 20:51:59 [ERROR] Error: next is not a function {"statusCode":500,"path":"/api/agents","method":"GET","ip":"127.0.0.1","user":"fcfa02f2-ed60-47a0-9206-796a4dba82d3"}
TypeError: next is not a function
    at exports.getAllAgents (E:\smart-city-sos-cambodia\backend\src\services\agent.service.js:22:9)
    at async exports.getAllAgents (E:\smart-city-sos-cambodia\backend\src\controllers\agent.controller.js:10:13)
2026-08-11 20:51:59 [ERROR] Error: next is not a function {"statusCode":500,"path":"/api/agents","method":"GET","ip":"127.0.0.1","user":"fcfa02f2-ed60-47a0-9206-796a4dba82d3"}
TypeError: next is not a function
    at exports.getAllAgents (E:\smart-city-sos-cambodia\backend\src\services\agent.service.js:22:9)
    at async exports.getAllAgents (E:\smart-city-sos-cambodia\backend\src\controllers\agent.controller.js:10:13)
2026-08-11 20:57:05 [ERROR] Error: next is not a function {"statusCode":500,"path":"/api/agents","method":"GET","ip":"127.0.0.1","user":"fcfa02f2-ed60-47a0-9206-796a4dba82d3"}
TypeError: next is not a function
    at exports.getAllAgents (E:\smart-city-sos-cambodia\backend\src\services\agent.service.js:22:9)
    at async exports.getAllAgents (E:\smart-city-sos-cambodia\backend\src\controllers\agent.controller.js:10:13)
2026-08-11 20:57:06 [ERROR] Error: next is not a function {"statusCode":500,"path":"/api/agents","method":"GET","ip":"127.0.0.1","user":"fcfa02f2-ed60-47a0-9206-796a4dba82d3"}
TypeError: next is not a function
    at exports.getAllAgents (E:\smart-city-sos-cambodia\backend\src\services\agent.service.js:22:9)
    at async exports.getAllAgents (E:\smart-city-sos-cambodia\backend\src\controllers\agent.controller.js:10:13)
2026-08-11 20:57:07 [ERROR] Error: next is not a function {"statusCode":500,"path":"/api/agents","method":"GET","ip":"127.0.0.1","user":"fcfa02f2-ed60-47a0-9206-796a4dba82d3"}
TypeError: next is not a function
    at exports.getAllAgents (E:\smart-city-sos-cambodia\backend\src\services\agent.service.js:22:9)
    at async exports.getAllAgents (E:\smart-city-sos-cambodia\backend\src\controllers\agent.controller.js:10:13)
2026-08-11 20:57:20 [ERROR] Error: next is not a function {"statusCode":500,"path":"/api/agents","method":"GET","ip":"127.0.0.1","user":"fcfa02f2-ed60-47a0-9206-796a4dba82d3"}
TypeError: next is not a function
    at exports.getAllAgents (E:\smart-city-sos-cambodia\backend\src\services\agent.service.js:22:9)
    at async exports.getAllAgents (E:\smart-city-sos-cambodia\backend\src\controllers\agent.controller.js:10:13)
2026-08-11 20:57:21 [ERROR] Error: next is not a function {"statusCode":500,"path":"/api/agents","method":"GET","ip":"127.0.0.1","user":"fcfa02f2-ed60-47a0-9206-796a4dba82d3"}
TypeError: next is not a function
    at exports.getAllAgents (E:\smart-city-sos-cambodia\backend\src\services\agent.service.js:22:9)
    at async exports.getAllAgents (E:\smart-city-sos-cambodia\backend\src\controllers\agent.controller.js:10:13)
2026-08-11 20:57:21 [ERROR] Error: next is not a function {"statusCode":500,"path":"/api/agents","method":"GET","ip":"127.0.0.1","user":"fcfa02f2-ed60-47a0-9206-796a4dba82d3"}
TypeError: next is not a function
    at exports.getAllAgents (E:\smart-city-sos-cambodia\backend\src\services\agent.service.js:22:9)
    at async exports.getAllAgents (E:\smart-city-sos-cambodia\backend\src\controllers\agent.controller.js:10:13)
2026-08-11 20:59:49 [ERROR] Login error: Invalid credentials
2026-08-11 20:59:49 [ERROR] Error: Invalid email or password {"statusCode":401,"path":"/api/auth/login","method":"POST","ip":"127.0.0.1","user":"anonymous"}
Error: Invalid email or password
    at login (E:\smart-city-sos-cambodia\backend\src\controllers\auth.controller.js:166:13)
2026-08-11 20:59:55 [ERROR] Login error: Invalid credentials
2026-08-11 20:59:55 [ERROR] Error: Invalid email or password {"statusCode":401,"path":"/api/auth/login","method":"POST","ip":"127.0.0.1","user":"anonymous"}
Error: Invalid email or password
    at login (E:\smart-city-sos-cambodia\backend\src\controllers\auth.controller.js:166:13)
2026-08-11 21:00:08 [ERROR] Login error: Invalid credentials
2026-08-11 21:00:08 [ERROR] Error: Invalid email or password {"statusCode":401,"path":"/api/auth/login","method":"POST","ip":"127.0.0.1","user":"anonymous"}
Error: Invalid email or password
    at login (E:\smart-city-sos-cambodia\backend\src\controllers\auth.controller.js:166:13)
2026-08-11 21:00:09 [ERROR] Login error: Invalid credentials
2026-08-11 21:00:09 [ERROR] Error: Invalid email or password {"statusCode":401,"path":"/api/auth/login","method":"POST","ip":"127.0.0.1","user":"anonymous"}
Error: Invalid email or password
    at login (E:\smart-city-sos-cambodia\backend\src\controllers\auth.controller.js:166:13)
2026-08-11 21:00:10 [ERROR] Login error: Invalid credentials
2026-08-11 21:00:10 [ERROR] Error: Invalid email or password {"statusCode":401,"path":"/api/auth/login","method":"POST","ip":"127.0.0.1","user":"anonymous"}
Error: Invalid email or password
    at login (E:\smart-city-sos-cambodia\backend\src\controllers\auth.controller.js:166:13)
2026-08-11 21:00:10 [ERROR] Login error: Invalid credentials
2026-08-11 21:00:10 [ERROR] Error: Invalid email or password {"statusCode":401,"path":"/api/auth/login","method":"POST","ip":"127.0.0.1","user":"anonymous"}
Error: Invalid email or password
    at login (E:\smart-city-sos-cambodia\backend\src\controllers\auth.controller.js:166:13)
2026-08-11 21:00:11 [ERROR] Login error: Invalid credentials
2026-08-11 21:00:11 [ERROR] Error: Invalid email or password {"statusCode":401,"path":"/api/auth/login","method":"POST","ip":"127.0.0.1","user":"anonymous"}
Error: Invalid email or password
    at login (E:\smart-city-sos-cambodia\backend\src\controllers\auth.controller.js:166:13)
2026-08-11 21:00:11 [ERROR] Login error: Invalid credentials
2026-08-11 21:00:11 [ERROR] Error: Invalid email or password {"statusCode":401,"path":"/api/auth/login","method":"POST","ip":"127.0.0.1","user":"anonymous"}
Error: Invalid email or password
    at login (E:\smart-city-sos-cambodia\backend\src\controllers\auth.controller.js:166:13)
2026-08-11 21:00:11 [ERROR] Login error: Invalid credentials
2026-08-11 21:00:11 [ERROR] Error: Invalid email or password {"statusCode":401,"path":"/api/auth/login","method":"POST","ip":"127.0.0.1","user":"anonymous"}
Error: Invalid email or password
    at login (E:\smart-city-sos-cambodia\backend\src\controllers\auth.controller.js:166:13)
2026-08-11 21:00:11 [ERROR] Login error: Invalid credentials
2026-08-11 21:00:11 [ERROR] Error: Invalid email or password {"statusCode":401,"path":"/api/auth/login","method":"POST","ip":"127.0.0.1","user":"anonymous"}
Error: Invalid email or password
    at login (E:\smart-city-sos-cambodia\backend\src\controllers\auth.controller.js:166:13)
2026-08-11 21:24:55 [ERROR] Error: next is not a function {"statusCode":500,"path":"/api/agents","method":"GET","ip":"127.0.0.1","user":"fcfa02f2-ed60-47a0-9206-796a4dba82d3"}
TypeError: next is not a function
    at exports.getAllAgents (E:\smart-city-sos-cambodia\backend\src\services\agent.service.js:22:9)
    at async exports.getAllAgents (E:\smart-city-sos-cambodia\backend\src\controllers\agent.controller.js:10:13)
2026-08-11 21:24:55 [ERROR] Error: next is not a function {"statusCode":500,"path":"/api/agents","method":"GET","ip":"127.0.0.1","user":"fcfa02f2-ed60-47a0-9206-796a4dba82d3"}
TypeError: next is not a function
    at exports.getAllAgents (E:\smart-city-sos-cambodia\backend\src\services\agent.service.js:22:9)
    at async exports.getAllAgents (E:\smart-city-sos-cambodia\backend\src\controllers\agent.controller.js:10:13)
2026-08-11 21:24:55 [ERROR] Error: next is not a function {"statusCode":500,"path":"/api/agents","method":"GET","ip":"127.0.0.1","user":"fcfa02f2-ed60-47a0-9206-796a4dba82d3"}
TypeError: next is not a function
    at exports.getAllAgents (E:\smart-city-sos-cambodia\backend\src\services\agent.service.js:22:9)
    at async exports.getAllAgents (E:\smart-city-sos-cambodia\backend\src\controllers\agent.controller.js:10:13)
2026-08-11 21:35:51 [ERROR] Error: next is not a function {"statusCode":500,"path":"/api/agents","method":"GET","ip":"127.0.0.1","user":"fcfa02f2-ed60-47a0-9206-796a4dba82d3"}
TypeError: next is not a function
    at exports.getAllAgents (E:\smart-city-sos-cambodia\backend\src\services\agent.service.js:22:9)
    at async exports.getAllAgents (E:\smart-city-sos-cambodia\backend\src\controllers\agent.controller.js:10:13)
2026-08-11 21:35:51 [ERROR] Error: next is not a function {"statusCode":500,"path":"/api/agents","method":"GET","ip":"127.0.0.1","user":"fcfa02f2-ed60-47a0-9206-796a4dba82d3"}
TypeError: next is not a function
    at exports.getAllAgents (E:\smart-city-sos-cambodia\backend\src\services\agent.service.js:22:9)
    at async exports.getAllAgents (E:\smart-city-sos-cambodia\backend\src\controllers\agent.controller.js:10:13)
2026-08-11 21:35:51 [ERROR] Error: next is not a function {"statusCode":500,"path":"/api/agents","method":"GET","ip":"127.0.0.1","user":"fcfa02f2-ed60-47a0-9206-796a4dba82d3"}
TypeError: next is not a function
    at exports.getAllAgents (E:\smart-city-sos-cambodia\backend\src\services\agent.service.js:22:9)
    at async exports.getAllAgents (E:\smart-city-sos-cambodia\backend\src\controllers\agent.controller.js:10:13)
2026-08-11 21:53:47 [ERROR] Error: next is not a function {"statusCode":500,"path":"/api/agents","method":"GET","ip":"127.0.0.1","user":"fcfa02f2-ed60-47a0-9206-796a4dba82d3"}
TypeError: next is not a function
    at exports.getAllAgents (E:\smart-city-sos-cambodia\backend\src\services\agent.service.js:22:9)
    at async exports.getAllAgents (E:\smart-city-sos-cambodia\backend\src\controllers\agent.controller.js:10:13)
2026-08-11 21:53:47 [ERROR] Error: next is not a function {"statusCode":500,"path":"/api/agents","method":"GET","ip":"127.0.0.1","user":"fcfa02f2-ed60-47a0-9206-796a4dba82d3"}
TypeError: next is not a function
    at exports.getAllAgents (E:\smart-city-sos-cambodia\backend\src\services\agent.service.js:22:9)
    at async exports.getAllAgents (E:\smart-city-sos-cambodia\backend\src\controllers\agent.controller.js:10:13)
2026-08-11 21:54:46 [ERROR] Error: next is not a function {"statusCode":500,"path":"/api/agents","method":"GET","ip":"127.0.0.1","user":"fcfa02f2-ed60-47a0-9206-796a4dba82d3"}
TypeError: next is not a function
    at exports.getAllAgents (E:\smart-city-sos-cambodia\backend\src\services\agent.service.js:22:9)
    at async exports.getAllAgents (E:\smart-city-sos-cambodia\backend\src\controllers\agent.controller.js:10:13)
2026-08-11 21:54:46 [ERROR] Error: next is not a function {"statusCode":500,"path":"/api/agents","method":"GET","ip":"127.0.0.1","user":"fcfa02f2-ed60-47a0-9206-796a4dba82d3"}
TypeError: next is not a function
    at exports.getAllAgents (E:\smart-city-sos-cambodia\backend\src\services\agent.service.js:22:9)
    at async exports.getAllAgents (E:\smart-city-sos-cambodia\backend\src\controllers\agent.controller.js:10:13)
2026-08-11 21:54:49 [ERROR] Error: next is not a function {"statusCode":500,"path":"/api/agents","method":"GET","ip":"127.0.0.1","user":"fcfa02f2-ed60-47a0-9206-796a4dba82d3"}
TypeError: next is not a function
    at exports.getAllAgents (E:\smart-city-sos-cambodia\backend\src\services\agent.service.js:22:9)
    at async exports.getAllAgents (E:\smart-city-sos-cambodia\backend\src\controllers\agent.controller.js:10:13)
2026-08-11 21:54:49 [ERROR] Error: next is not a function {"statusCode":500,"path":"/api/agents","method":"GET","ip":"127.0.0.1","user":"fcfa02f2-ed60-47a0-9206-796a4dba82d3"}
TypeError: next is not a function
    at exports.getAllAgents (E:\smart-city-sos-cambodia\backend\src\services\agent.service.js:22:9)
    at async exports.getAllAgents (E:\smart-city-sos-cambodia\backend\src\controllers\agent.controller.js:10:13)
2026-08-11 21:54:49 [ERROR] Error: next is not a function {"statusCode":500,"path":"/api/agents","method":"GET","ip":"127.0.0.1","user":"fcfa02f2-ed60-47a0-9206-796a4dba82d3"}
TypeError: next is not a function
    at exports.getAllAgents (E:\smart-city-sos-cambodia\backend\src\services\agent.service.js:22:9)
    at async exports.getAllAgents (E:\smart-city-sos-cambodia\backend\src\controllers\agent.controller.js:10:13)
2026-08-11 21:57:15 [ERROR] Error: next is not a function {"statusCode":500,"path":"/api/agents","method":"GET","ip":"127.0.0.1","user":"fcfa02f2-ed60-47a0-9206-796a4dba82d3"}
TypeError: next is not a function
    at exports.getAllAgents (E:\smart-city-sos-cambodia\backend\src\services\agent.service.js:22:9)
    at async exports.getAllAgents (E:\smart-city-sos-cambodia\backend\src\controllers\agent.controller.js:10:13)
2026-08-11 21:57:16 [ERROR] Error: next is not a function {"statusCode":500,"path":"/api/agents","method":"GET","ip":"127.0.0.1","user":"fcfa02f2-ed60-47a0-9206-796a4dba82d3"}
TypeError: next is not a function
    at exports.getAllAgents (E:\smart-city-sos-cambodia\backend\src\services\agent.service.js:22:9)
    at async exports.getAllAgents (E:\smart-city-sos-cambodia\backend\src\controllers\agent.controller.js:10:13)
2026-08-11 21:57:17 [ERROR] Error: next is not a function {"statusCode":500,"path":"/api/agents","method":"GET","ip":"127.0.0.1","user":"fcfa02f2-ed60-47a0-9206-796a4dba82d3"}
TypeError: next is not a function
    at exports.getAllAgents (E:\smart-city-sos-cambodia\backend\src\services\agent.service.js:22:9)
    at async exports.getAllAgents (E:\smart-city-sos-cambodia\backend\src\controllers\agent.controller.js:10:13)
2026-08-11 22:15:15 [ERROR] Error: next is not a function {"statusCode":500,"path":"/api/agents","method":"GET","ip":"127.0.0.1","user":"fcfa02f2-ed60-47a0-9206-796a4dba82d3"}
TypeError: next is not a function
    at exports.getAllAgents (E:\smart-city-sos-cambodia\backend\src\services\agent.service.js:22:9)
    at async exports.getAllAgents (E:\smart-city-sos-cambodia\backend\src\controllers\agent.controller.js:10:13)
2026-08-11 22:15:16 [ERROR] Error: next is not a function {"statusCode":500,"path":"/api/agents","method":"GET","ip":"127.0.0.1","user":"fcfa02f2-ed60-47a0-9206-796a4dba82d3"}
TypeError: next is not a function
    at exports.getAllAgents (E:\smart-city-sos-cambodia\backend\src\services\agent.service.js:22:9)
    at async exports.getAllAgents (E:\smart-city-sos-cambodia\backend\src\controllers\agent.controller.js:10:13)
2026-08-11 22:15:17 [ERROR] Error: next is not a function {"statusCode":500,"path":"/api/agents","method":"GET","ip":"127.0.0.1","user":"fcfa02f2-ed60-47a0-9206-796a4dba82d3"}
TypeError: next is not a function
    at exports.getAllAgents (E:\smart-city-sos-cambodia\backend\src\services\agent.service.js:22:9)
    at async exports.getAllAgents (E:\smart-city-sos-cambodia\backend\src\controllers\agent.controller.js:10:13)
2026-08-11 22:24:15 [ERROR] Error: next is not a function {"statusCode":500,"path":"/api/agents","method":"GET","ip":"127.0.0.1","user":"fcfa02f2-ed60-47a0-9206-796a4dba82d3"}
TypeError: next is not a function
    at exports.getAllAgents (E:\smart-city-sos-cambodia\backend\src\services\agent.service.js:22:9)
    at async exports.getAllAgents (E:\smart-city-sos-cambodia\backend\src\controllers\agent.controller.js:10:13)
2026-08-11 22:24:16 [ERROR] Error: next is not a function {"statusCode":500,"path":"/api/agents","method":"GET","ip":"127.0.0.1","user":"fcfa02f2-ed60-47a0-9206-796a4dba82d3"}
TypeError: next is not a function
    at exports.getAllAgents (E:\smart-city-sos-cambodia\backend\src\services\agent.service.js:22:9)
    at async exports.getAllAgents (E:\smart-city-sos-cambodia\backend\src\controllers\agent.controller.js:10:13)
2026-08-11 22:24:17 [ERROR] Error: next is not a function {"statusCode":500,"path":"/api/agents","method":"GET","ip":"127.0.0.1","user":"fcfa02f2-ed60-47a0-9206-796a4dba82d3"}
TypeError: next is not a function
    at exports.getAllAgents (E:\smart-city-sos-cambodia\backend\src\services\agent.service.js:22:9)
    at async exports.getAllAgents (E:\smart-city-sos-cambodia\backend\src\controllers\agent.controller.js:10:13)
2026-08-11 22:24:34 [ERROR] Error: next is not a function {"statusCode":500,"path":"/api/agents","method":"GET","ip":"127.0.0.1","user":"fcfa02f2-ed60-47a0-9206-796a4dba82d3"}
TypeError: next is not a function
    at exports.getAllAgents (E:\smart-city-sos-cambodia\backend\src\services\agent.service.js:22:9)
    at async exports.getAllAgents (E:\smart-city-sos-cambodia\backend\src\controllers\agent.controller.js:10:13)
2026-08-11 22:24:35 [ERROR] Error: next is not a function {"statusCode":500,"path":"/api/agents","method":"GET","ip":"127.0.0.1","user":"fcfa02f2-ed60-47a0-9206-796a4dba82d3"}
TypeError: next is not a function
    at exports.getAllAgents (E:\smart-city-sos-cambodia\backend\src\services\agent.service.js:22:9)
    at async exports.getAllAgents (E:\smart-city-sos-cambodia\backend\src\controllers\agent.controller.js:10:13)
2026-08-11 22:24:36 [ERROR] Error: next is not a function {"statusCode":500,"path":"/api/agents","method":"GET","ip":"127.0.0.1","user":"fcfa02f2-ed60-47a0-9206-796a4dba82d3"}
TypeError: next is not a function
    at exports.getAllAgents (E:\smart-city-sos-cambodia\backend\src\services\agent.service.js:22:9)
    at async exports.getAllAgents (E:\smart-city-sos-cambodia\backend\src\controllers\agent.controller.js:10:13)
2026-08-11 22:26:17 [ERROR] Error: next is not a function {"statusCode":500,"path":"/api/agents","method":"GET","ip":"127.0.0.1","user":"fcfa02f2-ed60-47a0-9206-796a4dba82d3"}
TypeError: next is not a function
    at exports.getAllAgents (E:\smart-city-sos-cambodia\backend\src\services\agent.service.js:22:9)
    at async exports.getAllAgents (E:\smart-city-sos-cambodia\backend\src\controllers\agent.controller.js:10:13)
2026-08-11 22:26:18 [ERROR] Error: next is not a function {"statusCode":500,"path":"/api/agents","method":"GET","ip":"127.0.0.1","user":"fcfa02f2-ed60-47a0-9206-796a4dba82d3"}
TypeError: next is not a function
    at exports.getAllAgents (E:\smart-city-sos-cambodia\backend\src\services\agent.service.js:22:9)
    at async exports.getAllAgents (E:\smart-city-sos-cambodia\backend\src\controllers\agent.controller.js:10:13)
2026-08-11 22:26:19 [ERROR] Error: next is not a function {"statusCode":500,"path":"/api/agents","method":"GET","ip":"127.0.0.1","user":"fcfa02f2-ed60-47a0-9206-796a4dba82d3"}
TypeError: next is not a function
    at exports.getAllAgents (E:\smart-city-sos-cambodia\backend\src\services\agent.service.js:22:9)
    at async exports.getAllAgents (E:\smart-city-sos-cambodia\backend\src\controllers\agent.controller.js:10:13)
2026-08-11 23:08:32 [ERROR] Error: next is not a function {"statusCode":500,"path":"/api/agents","method":"GET","ip":"127.0.0.1","user":"fcfa02f2-ed60-47a0-9206-796a4dba82d3"}
TypeError: next is not a function
    at exports.getAllAgents (E:\smart-city-sos-cambodia\backend\src\services\agent.service.js:22:9)
    at async exports.getAllAgents (E:\smart-city-sos-cambodia\backend\src\controllers\agent.controller.js:10:13)
2026-08-11 23:08:33 [ERROR] Error: next is not a function {"statusCode":500,"path":"/api/agents","method":"GET","ip":"127.0.0.1","user":"fcfa02f2-ed60-47a0-9206-796a4dba82d3"}
TypeError: next is not a function
    at exports.getAllAgents (E:\smart-city-sos-cambodia\backend\src\services\agent.service.js:22:9)
    at async exports.getAllAgents (E:\smart-city-sos-cambodia\backend\src\controllers\agent.controller.js:10:13)
2026-08-11 23:08:33 [ERROR] Error: next is not a function {"statusCode":500,"path":"/api/agents","method":"GET","ip":"127.0.0.1","user":"fcfa02f2-ed60-47a0-9206-796a4dba82d3"}
TypeError: next is not a function
    at exports.getAllAgents (E:\smart-city-sos-cambodia\backend\src\services\agent.service.js:22:9)
    at async exports.getAllAgents (E:\smart-city-sos-cambodia\backend\src\controllers\agent.controller.js:10:13)
2026-08-11 23:09:38 [ERROR] Error: next is not a function {"statusCode":500,"path":"/api/agents","method":"GET","ip":"127.0.0.1","user":"fcfa02f2-ed60-47a0-9206-796a4dba82d3"}
TypeError: next is not a function
    at exports.getAllAgents (E:\smart-city-sos-cambodia\backend\src\services\agent.service.js:22:9)
    at async exports.getAllAgents (E:\smart-city-sos-cambodia\backend\src\controllers\agent.controller.js:10:13)
2026-08-11 23:09:38 [ERROR] Error: next is not a function {"statusCode":500,"path":"/api/agents","method":"GET","ip":"127.0.0.1","user":"fcfa02f2-ed60-47a0-9206-796a4dba82d3"}
TypeError: next is not a function
    at exports.getAllAgents (E:\smart-city-sos-cambodia\backend\src\services\agent.service.js:22:9)
    at async exports.getAllAgents (E:\smart-city-sos-cambodia\backend\src\controllers\agent.controller.js:10:13)
2026-08-11 23:09:39 [ERROR] Error: next is not a function {"statusCode":500,"path":"/api/agents","method":"GET","ip":"127.0.0.1","user":"fcfa02f2-ed60-47a0-9206-796a4dba82d3"}
TypeError: next is not a function
    at exports.getAllAgents (E:\smart-city-sos-cambodia\backend\src\services\agent.service.js:22:9)
    at async exports.getAllAgents (E:\smart-city-sos-cambodia\backend\src\controllers\agent.controller.js:10:13)
2026-08-11 23:09:59 [ERROR] Error: next is not a function {"statusCode":500,"path":"/api/agents","method":"GET","ip":"127.0.0.1","user":"fcfa02f2-ed60-47a0-9206-796a4dba82d3"}
TypeError: next is not a function
    at exports.getAllAgents (E:\smart-city-sos-cambodia\backend\src\services\agent.service.js:22:9)
    at async exports.getAllAgents (E:\smart-city-sos-cambodia\backend\src\controllers\agent.controller.js:10:13)
2026-08-11 23:10:00 [ERROR] Error: next is not a function {"statusCode":500,"path":"/api/agents","method":"GET","ip":"127.0.0.1","user":"fcfa02f2-ed60-47a0-9206-796a4dba82d3"}
TypeError: next is not a function
    at exports.getAllAgents (E:\smart-city-sos-cambodia\backend\src\services\agent.service.js:22:9)
    at async exports.getAllAgents (E:\smart-city-sos-cambodia\backend\src\controllers\agent.controller.js:10:13)
2026-08-11 23:10:00 [ERROR] Error: next is not a function {"statusCode":500,"path":"/api/agents","method":"GET","ip":"127.0.0.1","user":"fcfa02f2-ed60-47a0-9206-796a4dba82d3"}
TypeError: next is not a function
    at exports.getAllAgents (E:\smart-city-sos-cambodia\backend\src\services\agent.service.js:22:9)
    at async exports.getAllAgents (E:\smart-city-sos-cambodia\backend\src\controllers\agent.controller.js:10:13)
2026-08-11 23:10:29 [ERROR] Error: next is not a function {"statusCode":500,"path":"/api/agents","method":"GET","ip":"127.0.0.1","user":"fcfa02f2-ed60-47a0-9206-796a4dba82d3"}
TypeError: next is not a function
    at exports.getAllAgents (E:\smart-city-sos-cambodia\backend\src\services\agent.service.js:22:9)
    at async exports.getAllAgents (E:\smart-city-sos-cambodia\backend\src\controllers\agent.controller.js:10:13)
2026-08-11 23:12:54 [ERROR] Error: next is not a function {"statusCode":500,"path":"/api/agents","method":"GET","ip":"127.0.0.1","user":"fcfa02f2-ed60-47a0-9206-796a4dba82d3"}
TypeError: next is not a function
    at exports.getAllAgents (E:\smart-city-sos-cambodia\backend\src\services\agent.service.js:22:9)
    at async exports.getAllAgents (E:\smart-city-sos-cambodia\backend\src\controllers\agent.controller.js:10:13)
2026-08-11 23:13:09 [ERROR] Error: next is not a function {"statusCode":500,"path":"/api/agents","method":"GET","ip":"127.0.0.1","user":"fcfa02f2-ed60-47a0-9206-796a4dba82d3"}
TypeError: next is not a function
    at exports.getAllAgents (E:\smart-city-sos-cambodia\backend\src\services\agent.service.js:22:9)
    at async exports.getAllAgents (E:\smart-city-sos-cambodia\backend\src\controllers\agent.controller.js:10:13)
2026-08-11 23:15:43 [ERROR] Error: next is not a function {"statusCode":500,"path":"/api/agents","method":"GET","ip":"127.0.0.1","user":"fcfa02f2-ed60-47a0-9206-796a4dba82d3"}
TypeError: next is not a function
    at exports.getAllAgents (E:\smart-city-sos-cambodia\backend\src\services\agent.service.js:22:9)
    at async exports.getAllAgents (E:\smart-city-sos-cambodia\backend\src\controllers\agent.controller.js:10:13)
2026-08-11 23:17:11 [ERROR] Error: next is not a function {"statusCode":500,"path":"/api/agents","method":"GET","ip":"127.0.0.1","user":"fcfa02f2-ed60-47a0-9206-796a4dba82d3"}
TypeError: next is not a function
    at exports.getAllAgents (E:\smart-city-sos-cambodia\backend\src\services\agent.service.js:22:9)
    at async exports.getAllAgents (E:\smart-city-sos-cambodia\backend\src\controllers\agent.controller.js:10:13)
2026-08-11 23:17:12 [ERROR] Error: next is not a function {"statusCode":500,"path":"/api/agents","method":"GET","ip":"127.0.0.1","user":"fcfa02f2-ed60-47a0-9206-796a4dba82d3"}
TypeError: next is not a function
    at exports.getAllAgents (E:\smart-city-sos-cambodia\backend\src\services\agent.service.js:22:9)
    at async exports.getAllAgents (E:\smart-city-sos-cambodia\backend\src\controllers\agent.controller.js:10:13)
2026-08-11 23:18:12 [ERROR] Error: next is not a function {"statusCode":500,"path":"/api/agents","method":"GET","ip":"127.0.0.1","user":"fcfa02f2-ed60-47a0-9206-796a4dba82d3"}
TypeError: next is not a function
    at exports.getAllAgents (E:\smart-city-sos-cambodia\backend\src\services\agent.service.js:22:9)
    at async exports.getAllAgents (E:\smart-city-sos-cambodia\backend\src\controllers\agent.controller.js:10:13)
2026-08-11 23:18:13 [ERROR] Error: next is not a function {"statusCode":500,"path":"/api/agents","method":"GET","ip":"127.0.0.1","user":"fcfa02f2-ed60-47a0-9206-796a4dba82d3"}
TypeError: next is not a function
    at exports.getAllAgents (E:\smart-city-sos-cambodia\backend\src\services\agent.service.js:22:9)
    at async exports.getAllAgents (E:\smart-city-sos-cambodia\backend\src\controllers\agent.controller.js:10:13)
2026-08-11 23:18:14 [ERROR] Error: next is not a function {"statusCode":500,"path":"/api/agents","method":"GET","ip":"127.0.0.1","user":"fcfa02f2-ed60-47a0-9206-796a4dba82d3"}
TypeError: next is not a function
    at exports.getAllAgents (E:\smart-city-sos-cambodia\backend\src\services\agent.service.js:22:9)
    at async exports.getAllAgents (E:\smart-city-sos-cambodia\backend\src\controllers\agent.controller.js:10:13)
2026-08-11 23:19:43 [ERROR] Login error: Invalid credentials
2026-08-11 23:19:43 [ERROR] Error: Invalid email or password {"statusCode":401,"path":"/api/auth/login","method":"POST","ip":"127.0.0.1","user":"anonymous"}
Error: Invalid email or password
    at login (E:\smart-city-sos-cambodia\backend\src\controllers\auth.controller.js:166:13)
2026-08-11 23:20:32 [ERROR] Login error: Invalid credentials
2026-08-11 23:20:32 [ERROR] Error: Invalid email or password {"statusCode":401,"path":"/api/auth/login","method":"POST","ip":"127.0.0.1","user":"anonymous"}
Error: Invalid email or password
    at login (E:\smart-city-sos-cambodia\backend\src\controllers\auth.controller.js:166:13)
2026-08-11 23:20:52 [ERROR] Error: next is not a function {"statusCode":500,"path":"/api/agents","method":"GET","ip":"127.0.0.1","user":"ffbc58b8-8977-4b70-865c-6670ac65a553"}
TypeError: next is not a function
    at exports.getAllAgents (E:\smart-city-sos-cambodia\backend\src\services\agent.service.js:22:9)
    at async exports.getAllAgents (E:\smart-city-sos-cambodia\backend\src\controllers\agent.controller.js:10:13)
2026-08-11 23:20:53 [ERROR] Error: next is not a function {"statusCode":500,"path":"/api/agents","method":"GET","ip":"127.0.0.1","user":"ffbc58b8-8977-4b70-865c-6670ac65a553"}
TypeError: next is not a function
    at exports.getAllAgents (E:\smart-city-sos-cambodia\backend\src\services\agent.service.js:22:9)
    at async exports.getAllAgents (E:\smart-city-sos-cambodia\backend\src\controllers\agent.controller.js:10:13)
2026-08-11 23:20:54 [ERROR] Error: next is not a function {"statusCode":500,"path":"/api/agents","method":"GET","ip":"127.0.0.1","user":"ffbc58b8-8977-4b70-865c-6670ac65a553"}
TypeError: next is not a function
    at exports.getAllAgents (E:\smart-city-sos-cambodia\backend\src\services\agent.service.js:22:9)
    at async exports.getAllAgents (E:\smart-city-sos-cambodia\backend\src\controllers\agent.controller.js:10:13)
2026-08-11 23:27:45 [ERROR] Error: Expected double-quoted property name in JSON at position 75 {"statusCode":400,"path":"/api/auth/login","method":"GET","ip":"127.0.0.1","user":"anonymous"}
SyntaxError: Expected double-quoted property name in JSON at position 75
    at JSON.parse (<anonymous>)
    at parse (E:\smart-city-sos-cambodia\backend\node_modules\body-parser\lib\types\json.js:91:21)
    at E:\smart-city-sos-cambodia\backend\node_modules\body-parser\lib\read.js:162:18
    at AsyncResource.runInAsyncScope (node:async_hooks:206:9)
    at invokeCallback (E:\smart-city-sos-cambodia\backend\node_modules\raw-body\index.js:238:16)
    at done (E:\smart-city-sos-cambodia\backend\node_modules\raw-body\index.js:227:7)
    at IncomingMessage.onEnd (E:\smart-city-sos-cambodia\backend\node_modules\raw-body\index.js:287:7)
    at IncomingMessage.emit (node:events:524:28)
    at endReadableNT (node:internal/streams/readable:1698:12)
    at process.processTicksAndRejections (node:internal/process/task_queues:82:21)
2026-08-11 23:32:32 [ERROR] Error: next is not a function {"statusCode":500,"path":"/api/agents","method":"GET","ip":"127.0.0.1","user":"ffbc58b8-8977-4b70-865c-6670ac65a553"}
TypeError: next is not a function
    at exports.getAllAgents (E:\smart-city-sos-cambodia\backend\src\services\agent.service.js:22:9)
    at async exports.getAllAgents (E:\smart-city-sos-cambodia\backend\src\controllers\agent.controller.js:10:13)
2026-08-11 23:32:32 [ERROR] Error: next is not a function {"statusCode":500,"path":"/api/agents","method":"GET","ip":"127.0.0.1","user":"ffbc58b8-8977-4b70-865c-6670ac65a553"}
TypeError: next is not a function
    at exports.getAllAgents (E:\smart-city-sos-cambodia\backend\src\services\agent.service.js:22:9)
    at async exports.getAllAgents (E:\smart-city-sos-cambodia\backend\src\controllers\agent.controller.js:10:13)
2026-08-11 23:32:32 [ERROR] Error: next is not a function {"statusCode":500,"path":"/api/agents","method":"GET","ip":"127.0.0.1","user":"ffbc58b8-8977-4b70-865c-6670ac65a553"}
TypeError: next is not a function
    at exports.getAllAgents (E:\smart-city-sos-cambodia\backend\src\services\agent.service.js:22:9)
    at async exports.getAllAgents (E:\smart-city-sos-cambodia\backend\src\controllers\agent.controller.js:10:13)
2026-08-11 23:53:23 [ERROR] Error: next is not a function {"statusCode":500,"path":"/api/agents","method":"GET","ip":"127.0.0.1","user":"ffbc58b8-8977-4b70-865c-6670ac65a553"}
TypeError: next is not a function
    at exports.getAllAgents (E:\smart-city-sos-cambodia\backend\src\services\agent.service.js:22:9)
    at async exports.getAllAgents (E:\smart-city-sos-cambodia\backend\src\controllers\agent.controller.js:10:13)
2026-08-11 23:53:23 [ERROR] Error: next is not a function {"statusCode":500,"path":"/api/agents","method":"GET","ip":"127.0.0.1","user":"ffbc58b8-8977-4b70-865c-6670ac65a553"}
TypeError: next is not a function
    at exports.getAllAgents (E:\smart-city-sos-cambodia\backend\src\services\agent.service.js:22:9)
    at async exports.getAllAgents (E:\smart-city-sos-cambodia\backend\src\controllers\agent.controller.js:10:13)
2026-08-11 23:53:24 [ERROR] Error: next is not a function {"statusCode":500,"path":"/api/agents","method":"GET","ip":"127.0.0.1","user":"ffbc58b8-8977-4b70-865c-6670ac65a553"}
TypeError: next is not a function
    at exports.getAllAgents (E:\smart-city-sos-cambodia\backend\src\services\agent.service.js:22:9)
    at async exports.getAllAgents (E:\smart-city-sos-cambodia\backend\src\controllers\agent.controller.js:10:13)
2026-08-11 23:53:27 [ERROR] Error: next is not a function {"statusCode":500,"path":"/api/agents","method":"GET","ip":"127.0.0.1","user":"ffbc58b8-8977-4b70-865c-6670ac65a553"}
TypeError: next is not a function
    at exports.getAllAgents (E:\smart-city-sos-cambodia\backend\src\services\agent.service.js:22:9)
    at async exports.getAllAgents (E:\smart-city-sos-cambodia\backend\src\controllers\agent.controller.js:10:13)
2026-08-11 23:53:28 [ERROR] Error: next is not a function {"statusCode":500,"path":"/api/agents","method":"GET","ip":"127.0.0.1","user":"ffbc58b8-8977-4b70-865c-6670ac65a553"}
TypeError: next is not a function
    at exports.getAllAgents (E:\smart-city-sos-cambodia\backend\src\services\agent.service.js:22:9)
    at async exports.getAllAgents (E:\smart-city-sos-cambodia\backend\src\controllers\agent.controller.js:10:13)
2026-08-11 23:53:31 [ERROR] Error: next is not a function {"statusCode":500,"path":"/api/agents","method":"GET","ip":"127.0.0.1","user":"ffbc58b8-8977-4b70-865c-6670ac65a553"}
TypeError: next is not a function
    at exports.getAllAgents (E:\smart-city-sos-cambodia\backend\src\services\agent.service.js:22:9)
    at async exports.getAllAgents (E:\smart-city-sos-cambodia\backend\src\controllers\agent.controller.js:10:13)
2026-08-11 23:54:04 [ERROR] Error: next is not a function {"statusCode":500,"path":"/api/agents","method":"GET","ip":"127.0.0.1","user":"ffbc58b8-8977-4b70-865c-6670ac65a553"}
TypeError: next is not a function
    at exports.getAllAgents (E:\smart-city-sos-cambodia\backend\src\services\agent.service.js:22:9)
    at async exports.getAllAgents (E:\smart-city-sos-cambodia\backend\src\controllers\agent.controller.js:10:13)
2026-08-11 23:54:05 [ERROR] Error: next is not a function {"statusCode":500,"path":"/api/agents","method":"GET","ip":"127.0.0.1","user":"ffbc58b8-8977-4b70-865c-6670ac65a553"}
TypeError: next is not a function
    at exports.getAllAgents (E:\smart-city-sos-cambodia\backend\src\services\agent.service.js:22:9)
    at async exports.getAllAgents (E:\smart-city-sos-cambodia\backend\src\controllers\agent.controller.js:10:13)
2026-08-11 23:54:05 [ERROR] Error: next is not a function {"statusCode":500,"path":"/api/agents","method":"GET","ip":"127.0.0.1","user":"ffbc58b8-8977-4b70-865c-6670ac65a553"}
TypeError: next is not a function
    at exports.getAllAgents (E:\smart-city-sos-cambodia\backend\src\services\agent.service.js:22:9)
    at async exports.getAllAgents (E:\smart-city-sos-cambodia\backend\src\controllers\agent.controller.js:10:13)
2026-08-11 23:54:26 [ERROR] Error: next is not a function {"statusCode":500,"path":"/api/agents","method":"GET","ip":"127.0.0.1","user":"ffbc58b8-8977-4b70-865c-6670ac65a553"}
TypeError: next is not a function
    at exports.getAllAgents (E:\smart-city-sos-cambodia\backend\src\services\agent.service.js:22:9)
    at async exports.getAllAgents (E:\smart-city-sos-cambodia\backend\src\controllers\agent.controller.js:10:13)
2026-08-11 23:54:28 [ERROR] Error: next is not a function {"statusCode":500,"path":"/api/agents","method":"GET","ip":"127.0.0.1","user":"ffbc58b8-8977-4b70-865c-6670ac65a553"}
TypeError: next is not a function
    at exports.getAllAgents (E:\smart-city-sos-cambodia\backend\src\services\agent.service.js:22:9)
    at async exports.getAllAgents (E:\smart-city-sos-cambodia\backend\src\controllers\agent.controller.js:10:13)
2026-08-11 23:54:56 [ERROR] Error: next is not a function {"statusCode":500,"path":"/api/agents","method":"GET","ip":"127.0.0.1","user":"fcfa02f2-ed60-47a0-9206-796a4dba82d3"}
TypeError: next is not a function
    at exports.getAllAgents (E:\smart-city-sos-cambodia\backend\src\services\agent.service.js:22:9)
    at async exports.getAllAgents (E:\smart-city-sos-cambodia\backend\src\controllers\agent.controller.js:10:13)
2026-08-11 23:54:57 [ERROR] Error: next is not a function {"statusCode":500,"path":"/api/agents","method":"GET","ip":"127.0.0.1","user":"fcfa02f2-ed60-47a0-9206-796a4dba82d3"}
TypeError: next is not a function
    at exports.getAllAgents (E:\smart-city-sos-cambodia\backend\src\services\agent.service.js:22:9)
    at async exports.getAllAgents (E:\smart-city-sos-cambodia\backend\src\controllers\agent.controller.js:10:13)
2026-08-11 23:54:58 [ERROR] Error: next is not a function {"statusCode":500,"path":"/api/agents","method":"GET","ip":"127.0.0.1","user":"fcfa02f2-ed60-47a0-9206-796a4dba82d3"}
TypeError: next is not a function
    at exports.getAllAgents (E:\smart-city-sos-cambodia\backend\src\services\agent.service.js:22:9)
    at async exports.getAllAgents (E:\smart-city-sos-cambodia\backend\src\controllers\agent.controller.js:10:13)
2026-08-11 23:54:58 [ERROR] Error: next is not a function {"statusCode":500,"path":"/api/agents","method":"GET","ip":"127.0.0.1","user":"fcfa02f2-ed60-47a0-9206-796a4dba82d3"}
TypeError: next is not a function
    at exports.getAllAgents (E:\smart-city-sos-cambodia\backend\src\services\agent.service.js:22:9)
    at async exports.getAllAgents (E:\smart-city-sos-cambodia\backend\src\controllers\agent.controller.js:10:13)
2026-08-12 14:17:12 [ERROR] Error: next is not a function {"statusCode":500,"path":"/api/agents","method":"GET","ip":"127.0.0.1","user":"fcfa02f2-ed60-47a0-9206-796a4dba82d3"}
TypeError: next is not a function
    at exports.getAllAgents (E:\smart-city-sos-cambodia\backend\src\services\agent.service.js:22:9)
    at async exports.getAllAgents (E:\smart-city-sos-cambodia\backend\src\controllers\agent.controller.js:10:13)
2026-08-12 14:17:12 [ERROR] Error: next is not a function {"statusCode":500,"path":"/api/agents","method":"GET","ip":"127.0.0.1","user":"fcfa02f2-ed60-47a0-9206-796a4dba82d3"}
TypeError: next is not a function
    at exports.getAllAgents (E:\smart-city-sos-cambodia\backend\src\services\agent.service.js:22:9)
    at async exports.getAllAgents (E:\smart-city-sos-cambodia\backend\src\controllers\agent.controller.js:10:13)
2026-08-12 14:17:12 [ERROR] Error: next is not a function {"statusCode":500,"path":"/api/agents","method":"GET","ip":"127.0.0.1","user":"fcfa02f2-ed60-47a0-9206-796a4dba82d3"}
TypeError: next is not a function
    at exports.getAllAgents (E:\smart-city-sos-cambodia\backend\src\services\agent.service.js:22:9)
    at async exports.getAllAgents (E:\smart-city-sos-cambodia\backend\src\controllers\agent.controller.js:10:13)
2026-08-12 14:17:13 [ERROR] Error: next is not a function {"statusCode":500,"path":"/api/agents","method":"GET","ip":"127.0.0.1","user":"fcfa02f2-ed60-47a0-9206-796a4dba82d3"}
TypeError: next is not a function
    at exports.getAllAgents (E:\smart-city-sos-cambodia\backend\src\services\agent.service.js:22:9)
    at async exports.getAllAgents (E:\smart-city-sos-cambodia\backend\src\controllers\agent.controller.js:10:13)
2026-08-12 14:49:48 [ERROR] Error: next is not a function {"statusCode":500,"path":"/api/agents","method":"GET","ip":"127.0.0.1","user":"fcfa02f2-ed60-47a0-9206-796a4dba82d3"}
TypeError: next is not a function
    at exports.getAllAgents (E:\smart-city-sos-cambodia\backend\src\services\agent.service.js:22:9)
    at async exports.getAllAgents (E:\smart-city-sos-cambodia\backend\src\controllers\agent.controller.js:10:13)
2026-08-12 14:49:48 [ERROR] Error: next is not a function {"statusCode":500,"path":"/api/agents","method":"GET","ip":"127.0.0.1","user":"fcfa02f2-ed60-47a0-9206-796a4dba82d3"}
TypeError: next is not a function
    at exports.getAllAgents (E:\smart-city-sos-cambodia\backend\src\services\agent.service.js:22:9)
    at async exports.getAllAgents (E:\smart-city-sos-cambodia\backend\src\controllers\agent.controller.js:10:13)
2026-08-12 14:49:48 [ERROR] Error: next is not a function {"statusCode":500,"path":"/api/agents","method":"GET","ip":"127.0.0.1","user":"fcfa02f2-ed60-47a0-9206-796a4dba82d3"}
TypeError: next is not a function
    at exports.getAllAgents (E:\smart-city-sos-cambodia\backend\src\services\agent.service.js:22:9)
    at async exports.getAllAgents (E:\smart-city-sos-cambodia\backend\src\controllers\agent.controller.js:10:13)
2026-08-12 14:49:49 [ERROR] Error: next is not a function {"statusCode":500,"path":"/api/agents","method":"GET","ip":"127.0.0.1","user":"fcfa02f2-ed60-47a0-9206-796a4dba82d3"}
TypeError: next is not a function
    at exports.getAllAgents (E:\smart-city-sos-cambodia\backend\src\services\agent.service.js:22:9)
    at async exports.getAllAgents (E:\smart-city-sos-cambodia\backend\src\controllers\agent.controller.js:10:13)
2026-08-12 15:11:07 [ERROR] Error: next is not a function {"statusCode":500,"path":"/api/agents","method":"GET","ip":"127.0.0.1","user":"fcfa02f2-ed60-47a0-9206-796a4dba82d3"}
TypeError: next is not a function
    at exports.getAllAgents (E:\smart-city-sos-cambodia\backend\src\services\agent.service.js:22:9)
    at async exports.getAllAgents (E:\smart-city-sos-cambodia\backend\src\controllers\agent.controller.js:10:13)
2026-08-12 15:11:07 [ERROR] Error: next is not a function {"statusCode":500,"path":"/api/agents","method":"GET","ip":"127.0.0.1","user":"fcfa02f2-ed60-47a0-9206-796a4dba82d3"}
TypeError: next is not a function
    at exports.getAllAgents (E:\smart-city-sos-cambodia\backend\src\services\agent.service.js:22:9)
    at async exports.getAllAgents (E:\smart-city-sos-cambodia\backend\src\controllers\agent.controller.js:10:13)
2026-08-12 15:11:08 [ERROR] Error: next is not a function {"statusCode":500,"path":"/api/agents","method":"GET","ip":"127.0.0.1","user":"fcfa02f2-ed60-47a0-9206-796a4dba82d3"}
TypeError: next is not a function
    at exports.getAllAgents (E:\smart-city-sos-cambodia\backend\src\services\agent.service.js:22:9)
    at async exports.getAllAgents (E:\smart-city-sos-cambodia\backend\src\controllers\agent.controller.js:10:13)
2026-08-12 15:11:09 [ERROR] Error: next is not a function {"statusCode":500,"path":"/api/agents","method":"GET","ip":"127.0.0.1","user":"fcfa02f2-ed60-47a0-9206-796a4dba82d3"}
TypeError: next is not a function
    at exports.getAllAgents (E:\smart-city-sos-cambodia\backend\src\services\agent.service.js:22:9)
    at async exports.getAllAgents (E:\smart-city-sos-cambodia\backend\src\controllers\agent.controller.js:10:13)
2026-08-12 15:12:36 [ERROR] Error: next is not a function {"statusCode":500,"path":"/api/agents","method":"GET","ip":"127.0.0.1","user":"fcfa02f2-ed60-47a0-9206-796a4dba82d3"}
TypeError: next is not a function
    at exports.getAllAgents (E:\smart-city-sos-cambodia\backend\src\services\agent.service.js:22:9)
    at async exports.getAllAgents (E:\smart-city-sos-cambodia\backend\src\controllers\agent.controller.js:10:13)
2026-08-12 15:12:37 [ERROR] Error: next is not a function {"statusCode":500,"path":"/api/agents","method":"GET","ip":"127.0.0.1","user":"fcfa02f2-ed60-47a0-9206-796a4dba82d3"}
TypeError: next is not a function
    at exports.getAllAgents (E:\smart-city-sos-cambodia\backend\src\services\agent.service.js:22:9)
    at async exports.getAllAgents (E:\smart-city-sos-cambodia\backend\src\controllers\agent.controller.js:10:13)
2026-08-12 15:12:37 [ERROR] Error: next is not a function {"statusCode":500,"path":"/api/agents","method":"GET","ip":"127.0.0.1","user":"fcfa02f2-ed60-47a0-9206-796a4dba82d3"}
TypeError: next is not a function
    at exports.getAllAgents (E:\smart-city-sos-cambodia\backend\src\services\agent.service.js:22:9)
    at async exports.getAllAgents (E:\smart-city-sos-cambodia\backend\src\controllers\agent.controller.js:10:13)
2026-08-12 15:12:38 [ERROR] Error: next is not a function {"statusCode":500,"path":"/api/agents","method":"GET","ip":"127.0.0.1","user":"fcfa02f2-ed60-47a0-9206-796a4dba82d3"}
TypeError: next is not a function
    at exports.getAllAgents (E:\smart-city-sos-cambodia\backend\src\services\agent.service.js:22:9)
    at async exports.getAllAgents (E:\smart-city-sos-cambodia\backend\src\controllers\agent.controller.js:10:13)
2026-08-12 16:17:41 [ERROR] Error: next is not a function {"statusCode":500,"path":"/api/agents","method":"GET","ip":"127.0.0.1","user":"fcfa02f2-ed60-47a0-9206-796a4dba82d3"}
TypeError: next is not a function
    at exports.getAllAgents (E:\smart-city-sos-cambodia\backend\src\services\agent.service.js:22:9)
    at async exports.getAllAgents (E:\smart-city-sos-cambodia\backend\src\controllers\agent.controller.js:10:13)
2026-08-12 16:17:41 [ERROR] Error: next is not a function {"statusCode":500,"path":"/api/agents","method":"GET","ip":"127.0.0.1","user":"fcfa02f2-ed60-47a0-9206-796a4dba82d3"}
TypeError: next is not a function
    at exports.getAllAgents (E:\smart-city-sos-cambodia\backend\src\services\agent.service.js:22:9)
    at async exports.getAllAgents (E:\smart-city-sos-cambodia\backend\src\controllers\agent.controller.js:10:13)
2026-08-12 16:17:41 [ERROR] Error: next is not a function {"statusCode":500,"path":"/api/agents","method":"GET","ip":"127.0.0.1","user":"fcfa02f2-ed60-47a0-9206-796a4dba82d3"}
TypeError: next is not a function
    at exports.getAllAgents (E:\smart-city-sos-cambodia\backend\src\services\agent.service.js:22:9)
    at async exports.getAllAgents (E:\smart-city-sos-cambodia\backend\src\controllers\agent.controller.js:10:13)
2026-08-12 16:17:42 [ERROR] Error: next is not a function {"statusCode":500,"path":"/api/agents","method":"GET","ip":"127.0.0.1","user":"fcfa02f2-ed60-47a0-9206-796a4dba82d3"}
TypeError: next is not a function
    at exports.getAllAgents (E:\smart-city-sos-cambodia\backend\src\services\agent.service.js:22:9)
    at async exports.getAllAgents (E:\smart-city-sos-cambodia\backend\src\controllers\agent.controller.js:10:13)
2026-08-12 16:27:04 [ERROR] Error: next is not a function {"statusCode":500,"path":"/api/agents","method":"GET","ip":"127.0.0.1","user":"fcfa02f2-ed60-47a0-9206-796a4dba82d3"}
TypeError: next is not a function
    at exports.getAllAgents (E:\smart-city-sos-cambodia\backend\src\services\agent.service.js:22:9)
    at async exports.getAllAgents (E:\smart-city-sos-cambodia\backend\src\controllers\agent.controller.js:10:13)
2026-08-12 16:27:04 [ERROR] Error: next is not a function {"statusCode":500,"path":"/api/agents","method":"GET","ip":"127.0.0.1","user":"fcfa02f2-ed60-47a0-9206-796a4dba82d3"}
TypeError: next is not a function
    at exports.getAllAgents (E:\smart-city-sos-cambodia\backend\src\services\agent.service.js:22:9)
    at async exports.getAllAgents (E:\smart-city-sos-cambodia\backend\src\controllers\agent.controller.js:10:13)
2026-08-12 16:27:05 [ERROR] Error: next is not a function {"statusCode":500,"path":"/api/agents","method":"GET","ip":"127.0.0.1","user":"fcfa02f2-ed60-47a0-9206-796a4dba82d3"}
TypeError: next is not a function
    at exports.getAllAgents (E:\smart-city-sos-cambodia\backend\src\services\agent.service.js:22:9)
    at async exports.getAllAgents (E:\smart-city-sos-cambodia\backend\src\controllers\agent.controller.js:10:13)
2026-08-12 16:27:05 [ERROR] Error: next is not a function {"statusCode":500,"path":"/api/agents","method":"GET","ip":"127.0.0.1","user":"fcfa02f2-ed60-47a0-9206-796a4dba82d3"}
TypeError: next is not a function
    at exports.getAllAgents (E:\smart-city-sos-cambodia\backend\src\services\agent.service.js:22:9)
    at async exports.getAllAgents (E:\smart-city-sos-cambodia\backend\src\controllers\agent.controller.js:10:13)
2026-08-12 16:27:09 [ERROR] Error: next is not a function {"statusCode":500,"path":"/api/agents","method":"GET","ip":"127.0.0.1","user":"fcfa02f2-ed60-47a0-9206-796a4dba82d3"}
TypeError: next is not a function
    at exports.getAllAgents (E:\smart-city-sos-cambodia\backend\src\services\agent.service.js:22:9)
    at async exports.getAllAgents (E:\smart-city-sos-cambodia\backend\src\controllers\agent.controller.js:10:13)
2026-08-12 16:27:09 [ERROR] Error: next is not a function {"statusCode":500,"path":"/api/agents","method":"GET","ip":"127.0.0.1","user":"fcfa02f2-ed60-47a0-9206-796a4dba82d3"}
TypeError: next is not a function
    at exports.getAllAgents (E:\smart-city-sos-cambodia\backend\src\services\agent.service.js:22:9)
    at async exports.getAllAgents (E:\smart-city-sos-cambodia\backend\src\controllers\agent.controller.js:10:13)
2026-08-12 16:27:10 [ERROR] Error: next is not a function {"statusCode":500,"path":"/api/agents","method":"GET","ip":"127.0.0.1","user":"fcfa02f2-ed60-47a0-9206-796a4dba82d3"}
TypeError: next is not a function
    at exports.getAllAgents (E:\smart-city-sos-cambodia\backend\src\services\agent.service.js:22:9)
    at async exports.getAllAgents (E:\smart-city-sos-cambodia\backend\src\controllers\agent.controller.js:10:13)
2026-08-12 16:27:10 [ERROR] Error: next is not a function {"statusCode":500,"path":"/api/agents","method":"GET","ip":"127.0.0.1","user":"fcfa02f2-ed60-47a0-9206-796a4dba82d3"}
TypeError: next is not a function
    at exports.getAllAgents (E:\smart-city-sos-cambodia\backend\src\services\agent.service.js:22:9)
    at async exports.getAllAgents (E:\smart-city-sos-cambodia\backend\src\controllers\agent.controller.js:10:13)
2026-08-12 16:38:22 [ERROR] Error: next is not a function {"statusCode":500,"path":"/api/agents","method":"GET","ip":"127.0.0.1","user":"fcfa02f2-ed60-47a0-9206-796a4dba82d3"}
TypeError: next is not a function
    at exports.getAllAgents (E:\smart-city-sos-cambodia\backend\src\services\agent.service.js:22:9)
    at async exports.getAllAgents (E:\smart-city-sos-cambodia\backend\src\controllers\agent.controller.js:10:13)
2026-08-12 16:38:23 [ERROR] Error: next is not a function {"statusCode":500,"path":"/api/agents","method":"GET","ip":"127.0.0.1","user":"fcfa02f2-ed60-47a0-9206-796a4dba82d3"}
TypeError: next is not a function
    at exports.getAllAgents (E:\smart-city-sos-cambodia\backend\src\services\agent.service.js:22:9)
    at async exports.getAllAgents (E:\smart-city-sos-cambodia\backend\src\controllers\agent.controller.js:10:13)
2026-08-12 16:38:23 [ERROR] Error: next is not a function {"statusCode":500,"path":"/api/agents","method":"GET","ip":"127.0.0.1","user":"fcfa02f2-ed60-47a0-9206-796a4dba82d3"}
TypeError: next is not a function
    at exports.getAllAgents (E:\smart-city-sos-cambodia\backend\src\services\agent.service.js:22:9)
    at async exports.getAllAgents (E:\smart-city-sos-cambodia\backend\src\controllers\agent.controller.js:10:13)
2026-08-12 16:38:23 [ERROR] Error: next is not a function {"statusCode":500,"path":"/api/agents","method":"GET","ip":"127.0.0.1","user":"fcfa02f2-ed60-47a0-9206-796a4dba82d3"}
TypeError: next is not a function
    at exports.getAllAgents (E:\smart-city-sos-cambodia\backend\src\services\agent.service.js:22:9)
    at async exports.getAllAgents (E:\smart-city-sos-cambodia\backend\src\controllers\agent.controller.js:10:13)
2026-08-12 16:44:52 [ERROR] Error: next is not a function {"statusCode":500,"path":"/api/agents","method":"GET","ip":"127.0.0.1","user":"fcfa02f2-ed60-47a0-9206-796a4dba82d3"}
TypeError: next is not a function
    at exports.getAllAgents (E:\smart-city-sos-cambodia\backend\src\services\agent.service.js:22:9)
    at async exports.getAllAgents (E:\smart-city-sos-cambodia\backend\src\controllers\agent.controller.js:10:13)
2026-08-12 16:44:52 [ERROR] Error: next is not a function {"statusCode":500,"path":"/api/agents","method":"GET","ip":"127.0.0.1","user":"fcfa02f2-ed60-47a0-9206-796a4dba82d3"}
TypeError: next is not a function
    at exports.getAllAgents (E:\smart-city-sos-cambodia\backend\src\services\agent.service.js:22:9)
    at async exports.getAllAgents (E:\smart-city-sos-cambodia\backend\src\controllers\agent.controller.js:10:13)
2026-08-12 16:44:52 [ERROR] Error: next is not a function {"statusCode":500,"path":"/api/agents","method":"GET","ip":"127.0.0.1","user":"fcfa02f2-ed60-47a0-9206-796a4dba82d3"}
TypeError: next is not a function
    at exports.getAllAgents (E:\smart-city-sos-cambodia\backend\src\services\agent.service.js:22:9)
    at async exports.getAllAgents (E:\smart-city-sos-cambodia\backend\src\controllers\agent.controller.js:10:13)
2026-08-12 16:44:53 [ERROR] Error: next is not a function {"statusCode":500,"path":"/api/agents","method":"GET","ip":"127.0.0.1","user":"fcfa02f2-ed60-47a0-9206-796a4dba82d3"}
TypeError: next is not a function
    at exports.getAllAgents (E:\smart-city-sos-cambodia\backend\src\services\agent.service.js:22:9)
    at async exports.getAllAgents (E:\smart-city-sos-cambodia\backend\src\controllers\agent.controller.js:10:13)
2026-08-12 16:46:34 [ERROR] Error: next is not a function {"statusCode":500,"path":"/api/agents","method":"GET","ip":"127.0.0.1","user":"fcfa02f2-ed60-47a0-9206-796a4dba82d3"}
TypeError: next is not a function
    at exports.getAllAgents (E:\smart-city-sos-cambodia\backend\src\services\agent.service.js:22:9)
    at async exports.getAllAgents (E:\smart-city-sos-cambodia\backend\src\controllers\agent.controller.js:10:13)
2026-08-12 16:46:34 [ERROR] Error: next is not a function {"statusCode":500,"path":"/api/agents","method":"GET","ip":"127.0.0.1","user":"fcfa02f2-ed60-47a0-9206-796a4dba82d3"}
TypeError: next is not a function
    at exports.getAllAgents (E:\smart-city-sos-cambodia\backend\src\services\agent.service.js:22:9)
    at async exports.getAllAgents (E:\smart-city-sos-cambodia\backend\src\controllers\agent.controller.js:10:13)
2026-08-12 16:46:34 [ERROR] Error: next is not a function {"statusCode":500,"path":"/api/agents","method":"GET","ip":"127.0.0.1","user":"fcfa02f2-ed60-47a0-9206-796a4dba82d3"}
TypeError: next is not a function
    at exports.getAllAgents (E:\smart-city-sos-cambodia\backend\src\services\agent.service.js:22:9)
    at async exports.getAllAgents (E:\smart-city-sos-cambodia\backend\src\controllers\agent.controller.js:10:13)
2026-08-12 16:46:34 [ERROR] Error: next is not a function {"statusCode":500,"path":"/api/agents","method":"GET","ip":"127.0.0.1","user":"fcfa02f2-ed60-47a0-9206-796a4dba82d3"}
TypeError: next is not a function
    at exports.getAllAgents (E:\smart-city-sos-cambodia\backend\src\services\agent.service.js:22:9)
    at async exports.getAllAgents (E:\smart-city-sos-cambodia\backend\src\controllers\agent.controller.js:10:13)
2026-08-12 16:47:42 [ERROR] Error: next is not a function {"statusCode":500,"path":"/api/agents","method":"GET","ip":"127.0.0.1","user":"fcfa02f2-ed60-47a0-9206-796a4dba82d3"}
TypeError: next is not a function
    at exports.getAllAgents (E:\smart-city-sos-cambodia\backend\src\services\agent.service.js:22:9)
    at async exports.getAllAgents (E:\smart-city-sos-cambodia\backend\src\controllers\agent.controller.js:10:13)
2026-08-12 16:47:43 [ERROR] Error: next is not a function {"statusCode":500,"path":"/api/agents","method":"GET","ip":"127.0.0.1","user":"fcfa02f2-ed60-47a0-9206-796a4dba82d3"}
TypeError: next is not a function
    at exports.getAllAgents (E:\smart-city-sos-cambodia\backend\src\services\agent.service.js:22:9)
    at async exports.getAllAgents (E:\smart-city-sos-cambodia\backend\src\controllers\agent.controller.js:10:13)
2026-08-12 16:47:43 [ERROR] Error: next is not a function {"statusCode":500,"path":"/api/agents","method":"GET","ip":"127.0.0.1","user":"fcfa02f2-ed60-47a0-9206-796a4dba82d3"}
TypeError: next is not a function
    at exports.getAllAgents (E:\smart-city-sos-cambodia\backend\src\services\agent.service.js:22:9)
    at async exports.getAllAgents (E:\smart-city-sos-cambodia\backend\src\controllers\agent.controller.js:10:13)
2026-08-12 16:47:43 [ERROR] Error: next is not a function {"statusCode":500,"path":"/api/agents","method":"GET","ip":"127.0.0.1","user":"fcfa02f2-ed60-47a0-9206-796a4dba82d3"}
TypeError: next is not a function
    at exports.getAllAgents (E:\smart-city-sos-cambodia\backend\src\services\agent.service.js:22:9)
    at async exports.getAllAgents (E:\smart-city-sos-cambodia\backend\src\controllers\agent.controller.js:10:13)
2026-08-12 16:48:54 [ERROR] Error: next is not a function {"statusCode":500,"path":"/api/agents","method":"GET","ip":"127.0.0.1","user":"fcfa02f2-ed60-47a0-9206-796a4dba82d3"}
TypeError: next is not a function
    at exports.getAllAgents (E:\smart-city-sos-cambodia\backend\src\services\agent.service.js:22:9)
    at async exports.getAllAgents (E:\smart-city-sos-cambodia\backend\src\controllers\agent.controller.js:10:13)
2026-08-12 16:48:55 [ERROR] Error: next is not a function {"statusCode":500,"path":"/api/agents","method":"GET","ip":"127.0.0.1","user":"fcfa02f2-ed60-47a0-9206-796a4dba82d3"}
TypeError: next is not a function
    at exports.getAllAgents (E:\smart-city-sos-cambodia\backend\src\services\agent.service.js:22:9)
    at async exports.getAllAgents (E:\smart-city-sos-cambodia\backend\src\controllers\agent.controller.js:10:13)
2026-08-12 17:10:47 [ERROR] Error: next is not a function {"statusCode":500,"path":"/api/agents","method":"GET","ip":"127.0.0.1","user":"fcfa02f2-ed60-47a0-9206-796a4dba82d3"}
TypeError: next is not a function
    at exports.getAllAgents (E:\smart-city-sos-cambodia\backend\src\services\agent.service.js:22:9)
    at async exports.getAllAgents (E:\smart-city-sos-cambodia\backend\src\controllers\agent.controller.js:10:13)
2026-08-12 17:10:48 [ERROR] Error: next is not a function {"statusCode":500,"path":"/api/agents","method":"GET","ip":"127.0.0.1","user":"fcfa02f2-ed60-47a0-9206-796a4dba82d3"}
TypeError: next is not a function
    at exports.getAllAgents (E:\smart-city-sos-cambodia\backend\src\services\agent.service.js:22:9)
    at async exports.getAllAgents (E:\smart-city-sos-cambodia\backend\src\controllers\agent.controller.js:10:13)
2026-08-12 22:18:56 [ERROR] Error: next is not a function {"statusCode":500,"path":"/api/agents","method":"GET","ip":"127.0.0.1","user":"ffbc58b8-8977-4b70-865c-6670ac65a553"}
TypeError: next is not a function
    at exports.getAllAgents (E:\smart-city-sos-cambodia\backend\src\services\agent.service.js:22:9)
    at async exports.getAllAgents (E:\smart-city-sos-cambodia\backend\src\controllers\agent.controller.js:10:13)
2026-08-12 22:18:57 [ERROR] Error: next is not a function {"statusCode":500,"path":"/api/agents","method":"GET","ip":"127.0.0.1","user":"ffbc58b8-8977-4b70-865c-6670ac65a553"}
TypeError: next is not a function
    at exports.getAllAgents (E:\smart-city-sos-cambodia\backend\src\services\agent.service.js:22:9)
    at async exports.getAllAgents (E:\smart-city-sos-cambodia\backend\src\controllers\agent.controller.js:10:13)
2026-08-12 22:18:58 [ERROR] Error: next is not a function {"statusCode":500,"path":"/api/agents","method":"GET","ip":"127.0.0.1","user":"ffbc58b8-8977-4b70-865c-6670ac65a553"}
TypeError: next is not a function
    at exports.getAllAgents (E:\smart-city-sos-cambodia\backend\src\services\agent.service.js:22:9)
    at async exports.getAllAgents (E:\smart-city-sos-cambodia\backend\src\controllers\agent.controller.js:10:13)
2026-08-12 22:18:59 [ERROR] Error: next is not a function {"statusCode":500,"path":"/api/agents","method":"GET","ip":"127.0.0.1","user":"ffbc58b8-8977-4b70-865c-6670ac65a553"}
TypeError: next is not a function
    at exports.getAllAgents (E:\smart-city-sos-cambodia\backend\src\services\agent.service.js:22:9)
    at async exports.getAllAgents (E:\smart-city-sos-cambodia\backend\src\controllers\agent.controller.js:10:13)
2026-08-12 22:19:28 [ERROR] Error: next is not a function {"statusCode":500,"path":"/api/agents","method":"GET","ip":"127.0.0.1","user":"ffbc58b8-8977-4b70-865c-6670ac65a553"}
TypeError: next is not a function
    at exports.getAllAgents (E:\smart-city-sos-cambodia\backend\src\services\agent.service.js:22:9)
    at async exports.getAllAgents (E:\smart-city-sos-cambodia\backend\src\controllers\agent.controller.js:10:13)
2026-08-12 22:19:28 [ERROR] Error: next is not a function {"statusCode":500,"path":"/api/agents","method":"GET","ip":"127.0.0.1","user":"ffbc58b8-8977-4b70-865c-6670ac65a553"}
TypeError: next is not a function
    at exports.getAllAgents (E:\smart-city-sos-cambodia\backend\src\services\agent.service.js:22:9)
    at async exports.getAllAgents (E:\smart-city-sos-cambodia\backend\src\controllers\agent.controller.js:10:13)
2026-08-13 09:45:05 [ERROR] Error: next is not a function {"statusCode":500,"path":"/api/agents","method":"GET","ip":"127.0.0.1","user":"ffbc58b8-8977-4b70-865c-6670ac65a553"}
TypeError: next is not a function
    at exports.getAllAgents (E:\smart-city-sos-cambodia\backend\src\services\agent.service.js:22:9)
    at async exports.getAllAgents (E:\smart-city-sos-cambodia\backend\src\controllers\agent.controller.js:10:13)
2026-08-13 09:45:06 [ERROR] Error: next is not a function {"statusCode":500,"path":"/api/agents","method":"GET","ip":"127.0.0.1","user":"ffbc58b8-8977-4b70-865c-6670ac65a553"}
TypeError: next is not a function
    at exports.getAllAgents (E:\smart-city-sos-cambodia\backend\src\services\agent.service.js:22:9)
    at async exports.getAllAgents (E:\smart-city-sos-cambodia\backend\src\controllers\agent.controller.js:10:13)
2026-08-13 09:45:07 [ERROR] Error: next is not a function {"statusCode":500,"path":"/api/agents","method":"GET","ip":"127.0.0.1","user":"ffbc58b8-8977-4b70-865c-6670ac65a553"}
TypeError: next is not a function
    at exports.getAllAgents (E:\smart-city-sos-cambodia\backend\src\services\agent.service.js:22:9)
    at async exports.getAllAgents (E:\smart-city-sos-cambodia\backend\src\controllers\agent.controller.js:10:13)
2026-08-13 09:45:08 [ERROR] Error: next is not a function {"statusCode":500,"path":"/api/agents","method":"GET","ip":"127.0.0.1","user":"ffbc58b8-8977-4b70-865c-6670ac65a553"}
TypeError: next is not a function
    at exports.getAllAgents (E:\smart-city-sos-cambodia\backend\src\services\agent.service.js:22:9)
    at async exports.getAllAgents (E:\smart-city-sos-cambodia\backend\src\controllers\agent.controller.js:10:13)
2026-08-13 14:32:24 [ERROR] Error: next is not a function {"statusCode":500,"path":"/api/agents","method":"GET","ip":"127.0.0.1","user":"ffbc58b8-8977-4b70-865c-6670ac65a553"}
TypeError: next is not a function
    at exports.getAllAgents (E:\smart-city-sos-cambodia\backend\src\services\agent.service.js:22:9)
    at async exports.getAllAgents (E:\smart-city-sos-cambodia\backend\src\controllers\agent.controller.js:10:13)
2026-08-13 14:32:25 [ERROR] Error: next is not a function {"statusCode":500,"path":"/api/agents","method":"GET","ip":"127.0.0.1","user":"ffbc58b8-8977-4b70-865c-6670ac65a553"}
TypeError: next is not a function
    at exports.getAllAgents (E:\smart-city-sos-cambodia\backend\src\services\agent.service.js:22:9)
    at async exports.getAllAgents (E:\smart-city-sos-cambodia\backend\src\controllers\agent.controller.js:10:13)
2026-08-13 14:32:26 [ERROR] Error: next is not a function {"statusCode":500,"path":"/api/agents","method":"GET","ip":"127.0.0.1","user":"ffbc58b8-8977-4b70-865c-6670ac65a553"}
TypeError: next is not a function
    at exports.getAllAgents (E:\smart-city-sos-cambodia\backend\src\services\agent.service.js:22:9)
    at async exports.getAllAgents (E:\smart-city-sos-cambodia\backend\src\controllers\agent.controller.js:10:13)
2026-08-13 14:32:26 [ERROR] Error: next is not a function {"statusCode":500,"path":"/api/agents","method":"GET","ip":"127.0.0.1","user":"ffbc58b8-8977-4b70-865c-6670ac65a553"}
TypeError: next is not a function
    at exports.getAllAgents (E:\smart-city-sos-cambodia\backend\src\services\agent.service.js:22:9)
    at async exports.getAllAgents (E:\smart-city-sos-cambodia\backend\src\controllers\agent.controller.js:10:13)
2026-08-13 14:33:37 [ERROR] Error: next is not a function {"statusCode":500,"path":"/api/agents","method":"GET","ip":"127.0.0.1","user":"ffbc58b8-8977-4b70-865c-6670ac65a553"}
TypeError: next is not a function
    at exports.getAllAgents (E:\smart-city-sos-cambodia\backend\src\services\agent.service.js:22:9)
    at async exports.getAllAgents (E:\smart-city-sos-cambodia\backend\src\controllers\agent.controller.js:10:13)
2026-08-13 14:33:38 [ERROR] Error: next is not a function {"statusCode":500,"path":"/api/agents","method":"GET","ip":"127.0.0.1","user":"ffbc58b8-8977-4b70-865c-6670ac65a553"}
TypeError: next is not a function
    at exports.getAllAgents (E:\smart-city-sos-cambodia\backend\src\services\agent.service.js:22:9)
    at async exports.getAllAgents (E:\smart-city-sos-cambodia\backend\src\controllers\agent.controller.js:10:13)
2026-08-13 17:00:49 [ERROR] Error: Cannot destructure property 'idToken' of 'req.body' as it is undefined. {"statusCode":401,"path":"/api/auth/google","method":"POST","ip":"127.0.0.1","user":"anonymous"}
Error: Cannot destructure property 'idToken' of 'req.body' as it is undefined.
    at googleLogin (E:\smart-city-sos-cambodia\backend\src\controllers\auth.controller.js:590:13)
    at Layer.handleRequest (E:\smart-city-sos-cambodia\backend\node_modules\router\lib\layer.js:152:17)
    at next (E:\smart-city-sos-cambodia\backend\node_modules\router\lib\route.js:157:13)
    at E:\smart-city-sos-cambodia\backend\src\middleware\validator.js:24:9
    at Layer.handleRequest (E:\smart-city-sos-cambodia\backend\node_modules\router\lib\layer.js:152:17)
    at next (E:\smart-city-sos-cambodia\backend\node_modules\router\lib\route.js:157:13)
    at E:\smart-city-sos-cambodia\backend\node_modules\express-rate-limit\dist\index.cjs:999:7
    at process.processTicksAndRejections (node:internal/process/task_queues:95:5)
    at async E:\smart-city-sos-cambodia\backend\node_modules\express-rate-limit\dist\index.cjs:854:5
2026-08-13 17:05:18 [ERROR] Error: Google ID token is required {"statusCode":401,"path":"/api/auth/google","method":"POST","ip":"127.0.0.1","user":"anonymous"}
Error: Google ID token is required
    at googleLogin (E:\smart-city-sos-cambodia\backend\src\controllers\auth.controller.js:590:13)
    at Layer.handleRequest (E:\smart-city-sos-cambodia\backend\node_modules\router\lib\layer.js:152:17)
    at next (E:\smart-city-sos-cambodia\backend\node_modules\router\lib\route.js:157:13)
    at E:\smart-city-sos-cambodia\backend\src\middleware\validator.js:24:9
    at Layer.handleRequest (E:\smart-city-sos-cambodia\backend\node_modules\router\lib\layer.js:152:17)
    at next (E:\smart-city-sos-cambodia\backend\node_modules\router\lib\route.js:157:13)
    at E:\smart-city-sos-cambodia\backend\node_modules\express-rate-limit\dist\index.cjs:999:7
    at process.processTicksAndRejections (node:internal/process/task_queues:95:5)
    at async E:\smart-city-sos-cambodia\backend\node_modules\express-rate-limit\dist\index.cjs:854:5
2026-08-13 20:25:01 [ERROR] Error: next is not a function {"statusCode":500,"path":"/api/agents","method":"GET","ip":"127.0.0.1","user":"ffbc58b8-8977-4b70-865c-6670ac65a553"}
TypeError: next is not a function
    at exports.getAllAgents (E:\smart-city-sos-cambodia\backend\src\services\agent.service.js:22:9)
    at async exports.getAllAgents (E:\smart-city-sos-cambodia\backend\src\controllers\agent.controller.js:10:13)
2026-08-13 20:25:01 [ERROR] Error: next is not a function {"statusCode":500,"path":"/api/agents","method":"GET","ip":"127.0.0.1","user":"ffbc58b8-8977-4b70-865c-6670ac65a553"}
TypeError: next is not a function
    at exports.getAllAgents (E:\smart-city-sos-cambodia\backend\src\services\agent.service.js:22:9)
    at async exports.getAllAgents (E:\smart-city-sos-cambodia\backend\src\controllers\agent.controller.js:10:13)
2026-08-13 20:25:02 [ERROR] Error: next is not a function {"statusCode":500,"path":"/api/agents","method":"GET","ip":"127.0.0.1","user":"ffbc58b8-8977-4b70-865c-6670ac65a553"}
TypeError: next is not a function
    at exports.getAllAgents (E:\smart-city-sos-cambodia\backend\src\services\agent.service.js:22:9)
    at async exports.getAllAgents (E:\smart-city-sos-cambodia\backend\src\controllers\agent.controller.js:10:13)
2026-08-13 20:25:03 [ERROR] Error: next is not a function {"statusCode":500,"path":"/api/agents","method":"GET","ip":"127.0.0.1","user":"ffbc58b8-8977-4b70-865c-6670ac65a553"}
TypeError: next is not a function
    at exports.getAllAgents (E:\smart-city-sos-cambodia\backend\src\services\agent.service.js:22:9)
    at async exports.getAllAgents (E:\smart-city-sos-cambodia\backend\src\controllers\agent.controller.js:10:13)
2026-08-13 21:25:28 [ERROR] 
Invalid `prisma.user.create()` invocation in
E:\smart-city-sos-cambodia\backend\src\services\auth.service.js:118:40

  115 const hashPassword = await bcrypt.hash(data.password, 10);
  116 
  117 // Create user
→ 118 const user = await prisma.user.create({
        data: {
          fullName: "chatra sir",
          username: "traaa",
          email: "chetra@gmail.com",
          password: "$2b$10$JEeBZa6OWi8Wc5lXLl0oAeEMV1AgMkuu30H3elz4aMIQbij1peV9u",
          phone: "098765443",
          role: "CITIZEN",
                ~~~~~~~~~
          status: "ACTIVE"
        }
      })

Argument `role`: Invalid value provided. Expected RoleCreateNestedOneWithoutUsersInput, provided String.
2026-08-13 21:25:28 [ERROR] Error: 
Invalid `prisma.user.create()` invocation in
E:\smart-city-sos-cambodia\backend\src\services\auth.service.js:118:40

  115 const hashPassword = await bcrypt.hash(data.password, 10);
  116 
  117 // Create user
→ 118 const user = await prisma.user.create({
        data: {
          fullName: "chatra sir",
          username: "traaa",
          email: "chetra@gmail.com",
          password: "$2b$10$JEeBZa6OWi8Wc5lXLl0oAeEMV1AgMkuu30H3elz4aMIQbij1peV9u",
          phone: "098765443",
          role: "CITIZEN",
                ~~~~~~~~~
          status: "ACTIVE"
        }
      })

Argument `role`: Invalid value provided. Expected RoleCreateNestedOneWithoutUsersInput, provided String. {"statusCode":500,"path":"/api/auth/register","method":"POST","ip":"127.0.0.1","user":"anonymous"}
PrismaClientValidationError: 
Invalid `prisma.user.create()` invocation in
E:\smart-city-sos-cambodia\backend\src\services\auth.service.js:118:40

  115 const hashPassword = await bcrypt.hash(data.password, 10);
  116 
  117 // Create user
→ 118 const user = await prisma.user.create({
        data: {
          fullName: "chatra sir",
          username: "traaa",
          email: "chetra@gmail.com",
          password: "$2b$10$JEeBZa6OWi8Wc5lXLl0oAeEMV1AgMkuu30H3elz4aMIQbij1peV9u",
          phone: "098765443",
          role: "CITIZEN",
                ~~~~~~~~~
          status: "ACTIVE"
        }
      })

Argument `role`: Invalid value provided. Expected RoleCreateNestedOneWithoutUsersInput, provided String.
    at Nn (E:\smart-city-sos-cambodia\backend\node_modules\@prisma\client\runtime\library.js:29:1363)
    at ei.handleRequestError (E:\smart-city-sos-cambodia\backend\node_modules\@prisma\client\runtime\library.js:121:6911)
    at ei.handleAndLogRequestError (E:\smart-city-sos-cambodia\backend\node_modules\@prisma\client\runtime\library.js:121:6593)
    at ei.request (E:\smart-city-sos-cambodia\backend\node_modules\@prisma\client\runtime\library.js:121:6300)
    at async a (E:\smart-city-sos-cambodia\backend\node_modules\@prisma\client\runtime\library.js:130:9551)
    at async Object.register (E:\smart-city-sos-cambodia\backend\src\services\auth.service.js:118:22)
    at async register (E:\smart-city-sos-cambodia\backend\src\controllers\auth.controller.js:67:24)
2026-08-13 21:25:42 [ERROR] 
Invalid `prisma.user.create()` invocation in
E:\smart-city-sos-cambodia\backend\src\services\auth.service.js:118:40

  115 const hashPassword = await bcrypt.hash(data.password, 10);
  116 
  117 // Create user
→ 118 const user = await prisma.user.create({
        data: {
          fullName: "chatra sir",
          username: "traaa123",
          email: "chetra@gmail.com",
          password: "$2b$10$XwA4sn08aEls0RtpspLOru90b6gHa..RAMCw8OrxjvoSkI8x/Xtqa",
          phone: "098765443",
          role: "CITIZEN",
                ~~~~~~~~~
          status: "ACTIVE"
        }
      })

Argument `role`: Invalid value provided. Expected RoleCreateNestedOneWithoutUsersInput, provided String.
2026-08-13 21:25:42 [ERROR] Error: 
Invalid `prisma.user.create()` invocation in
E:\smart-city-sos-cambodia\backend\src\services\auth.service.js:118:40

  115 const hashPassword = await bcrypt.hash(data.password, 10);
  116 
  117 // Create user
→ 118 const user = await prisma.user.create({
        data: {
          fullName: "chatra sir",
          username: "traaa123",
          email: "chetra@gmail.com",
          password: "$2b$10$XwA4sn08aEls0RtpspLOru90b6gHa..RAMCw8OrxjvoSkI8x/Xtqa",
          phone: "098765443",
          role: "CITIZEN",
                ~~~~~~~~~
          status: "ACTIVE"
        }
      })

Argument `role`: Invalid value provided. Expected RoleCreateNestedOneWithoutUsersInput, provided String. {"statusCode":500,"path":"/api/auth/register","method":"POST","ip":"127.0.0.1","user":"anonymous"}
PrismaClientValidationError: 
Invalid `prisma.user.create()` invocation in
E:\smart-city-sos-cambodia\backend\src\services\auth.service.js:118:40

  115 const hashPassword = await bcrypt.hash(data.password, 10);
  116 
  117 // Create user
→ 118 const user = await prisma.user.create({
        data: {
          fullName: "chatra sir",
          username: "traaa123",
          email: "chetra@gmail.com",
          password: "$2b$10$XwA4sn08aEls0RtpspLOru90b6gHa..RAMCw8OrxjvoSkI8x/Xtqa",
          phone: "098765443",
          role: "CITIZEN",
                ~~~~~~~~~
          status: "ACTIVE"
        }
      })

Argument `role`: Invalid value provided. Expected RoleCreateNestedOneWithoutUsersInput, provided String.
    at Nn (E:\smart-city-sos-cambodia\backend\node_modules\@prisma\client\runtime\library.js:29:1363)
    at ei.handleRequestError (E:\smart-city-sos-cambodia\backend\node_modules\@prisma\client\runtime\library.js:121:6911)
    at ei.handleAndLogRequestError (E:\smart-city-sos-cambodia\backend\node_modules\@prisma\client\runtime\library.js:121:6593)
    at ei.request (E:\smart-city-sos-cambodia\backend\node_modules\@prisma\client\runtime\library.js:121:6300)
    at async a (E:\smart-city-sos-cambodia\backend\node_modules\@prisma\client\runtime\library.js:130:9551)
    at async Object.register (E:\smart-city-sos-cambodia\backend\src\services\auth.service.js:118:22)
    at async register (E:\smart-city-sos-cambodia\backend\src\controllers\auth.controller.js:67:24)
2026-08-13 21:27:00 [ERROR] 
Invalid `prisma.user.create()` invocation in
E:\smart-city-sos-cambodia\backend\src\services\auth.service.js:118:40

  115 const hashPassword = await bcrypt.hash(data.password, 10);
  116 
  117 // Create user
→ 118 const user = await prisma.user.create({
        data: {
          fullName: "chatra sir",
          username: "traaa123",
          email: "chetra@gmail.com",
          password: "$2b$10$ihxRKQr8rcS/q/BGTgjKju/aWs.jX/m6Ae/RdAOaZgTqCJ6.xFaHK",
          phone: "098765443",
          role: "CITIZEN",
                ~~~~~~~~~
          status: "ACTIVE"
        }
      })

Argument `role`: Invalid value provided. Expected RoleCreateNestedOneWithoutUsersInput, provided String.
2026-08-13 21:27:00 [ERROR] Error: 
Invalid `prisma.user.create()` invocation in
E:\smart-city-sos-cambodia\backend\src\services\auth.service.js:118:40

  115 const hashPassword = await bcrypt.hash(data.password, 10);
  116 
  117 // Create user
→ 118 const user = await prisma.user.create({
        data: {
          fullName: "chatra sir",
          username: "traaa123",
          email: "chetra@gmail.com",
          password: "$2b$10$ihxRKQr8rcS/q/BGTgjKju/aWs.jX/m6Ae/RdAOaZgTqCJ6.xFaHK",
          phone: "098765443",
          role: "CITIZEN",
                ~~~~~~~~~
          status: "ACTIVE"
        }
      })

Argument `role`: Invalid value provided. Expected RoleCreateNestedOneWithoutUsersInput, provided String. {"statusCode":500,"path":"/api/auth/register","method":"POST","ip":"127.0.0.1","user":"anonymous"}
PrismaClientValidationError: 
Invalid `prisma.user.create()` invocation in
E:\smart-city-sos-cambodia\backend\src\services\auth.service.js:118:40

  115 const hashPassword = await bcrypt.hash(data.password, 10);
  116 
  117 // Create user
→ 118 const user = await prisma.user.create({
        data: {
          fullName: "chatra sir",
          username: "traaa123",
          email: "chetra@gmail.com",
          password: "$2b$10$ihxRKQr8rcS/q/BGTgjKju/aWs.jX/m6Ae/RdAOaZgTqCJ6.xFaHK",
          phone: "098765443",
          role: "CITIZEN",
                ~~~~~~~~~
          status: "ACTIVE"
        }
      })

Argument `role`: Invalid value provided. Expected RoleCreateNestedOneWithoutUsersInput, provided String.
    at Nn (E:\smart-city-sos-cambodia\backend\node_modules\@prisma\client\runtime\library.js:29:1363)
    at ei.handleRequestError (E:\smart-city-sos-cambodia\backend\node_modules\@prisma\client\runtime\library.js:121:6911)
    at ei.handleAndLogRequestError (E:\smart-city-sos-cambodia\backend\node_modules\@prisma\client\runtime\library.js:121:6593)
    at ei.request (E:\smart-city-sos-cambodia\backend\node_modules\@prisma\client\runtime\library.js:121:6300)
    at async a (E:\smart-city-sos-cambodia\backend\node_modules\@prisma\client\runtime\library.js:130:9551)
    at async Object.register (E:\smart-city-sos-cambodia\backend\src\services\auth.service.js:118:22)
    at async register (E:\smart-city-sos-cambodia\backend\src\controllers\auth.controller.js:67:24)
2026-08-13 21:27:12 [ERROR] 
Invalid `prisma.user.create()` invocation in
E:\smart-city-sos-cambodia\backend\src\services\auth.service.js:118:40

  115 const hashPassword = await bcrypt.hash(data.password, 10);
  116 
  117 // Create user
→ 118 const user = await prisma.user.create({
        data: {
          fullName: "chatra sir",
          username: "traaa123",
          email: "chetra@gmail.com",
          password: "$2b$10$ITl1wD.Fmc8M9C2PaDCuL.D0yIDeOYOyYrM9HkTu0BgGRMoJOsfkO",
          phone: "098765443",
          role: "CITIZEN",
                ~~~~~~~~~
          status: "ACTIVE"
        }
      })

Argument `role`: Invalid value provided. Expected RoleCreateNestedOneWithoutUsersInput, provided String.
2026-08-13 21:27:12 [ERROR] Error: 
Invalid `prisma.user.create()` invocation in
E:\smart-city-sos-cambodia\backend\src\services\auth.service.js:118:40

  115 const hashPassword = await bcrypt.hash(data.password, 10);
  116 
  117 // Create user
→ 118 const user = await prisma.user.create({
        data: {
          fullName: "chatra sir",
          username: "traaa123",
          email: "chetra@gmail.com",
          password: "$2b$10$ITl1wD.Fmc8M9C2PaDCuL.D0yIDeOYOyYrM9HkTu0BgGRMoJOsfkO",
          phone: "098765443",
          role: "CITIZEN",
                ~~~~~~~~~
          status: "ACTIVE"
        }
      })

Argument `role`: Invalid value provided. Expected RoleCreateNestedOneWithoutUsersInput, provided String. {"statusCode":500,"path":"/api/auth/register","method":"POST","ip":"127.0.0.1","user":"anonymous"}
PrismaClientValidationError: 
Invalid `prisma.user.create()` invocation in
E:\smart-city-sos-cambodia\backend\src\services\auth.service.js:118:40

  115 const hashPassword = await bcrypt.hash(data.password, 10);
  116 
  117 // Create user
→ 118 const user = await prisma.user.create({
        data: {
          fullName: "chatra sir",
          username: "traaa123",
          email: "chetra@gmail.com",
          password: "$2b$10$ITl1wD.Fmc8M9C2PaDCuL.D0yIDeOYOyYrM9HkTu0BgGRMoJOsfkO",
          phone: "098765443",
          role: "CITIZEN",
                ~~~~~~~~~
          status: "ACTIVE"
        }
      })

Argument `role`: Invalid value provided. Expected RoleCreateNestedOneWithoutUsersInput, provided String.
    at Nn (E:\smart-city-sos-cambodia\backend\node_modules\@prisma\client\runtime\library.js:29:1363)
    at ei.handleRequestError (E:\smart-city-sos-cambodia\backend\node_modules\@prisma\client\runtime\library.js:121:6911)
    at ei.handleAndLogRequestError (E:\smart-city-sos-cambodia\backend\node_modules\@prisma\client\runtime\library.js:121:6593)
    at ei.request (E:\smart-city-sos-cambodia\backend\node_modules\@prisma\client\runtime\library.js:121:6300)
    at async a (E:\smart-city-sos-cambodia\backend\node_modules\@prisma\client\runtime\library.js:130:9551)
    at async Object.register (E:\smart-city-sos-cambodia\backend\src\services\auth.service.js:118:22)
    at async register (E:\smart-city-sos-cambodia\backend\src\controllers\auth.controller.js:67:24)
2026-08-13 21:28:46 [ERROR] Refresh token error: jwt malformed
2026-08-13 21:28:46 [ERROR] Error: jwt malformed {"statusCode":401,"path":"/api/auth/refresh","method":"POST","ip":"127.0.0.1","user":"anonymous"}
Error: jwt malformed
    at refresh (E:\smart-city-sos-cambodia\backend\src\controllers\auth.controller.js:198:14)
    at process.processTicksAndRejections (node:internal/process/task_queues:95:5)
2026-08-13 21:57:15 [ERROR] Refresh token error: jwt malformed
2026-08-13 21:57:15 [ERROR] Error: jwt malformed {"statusCode":401,"path":"/api/auth/refresh","method":"POST","ip":"127.0.0.1","user":"anonymous"}
Error: jwt malformed
    at refresh (E:\smart-city-sos-cambodia\backend\src\controllers\auth.controller.js:198:14)
    at process.processTicksAndRejections (node:internal/process/task_queues:95:5)
2026-08-13 22:01:43 [ERROR] Refresh token error: jwt malformed
2026-08-13 22:01:43 [ERROR] Error: jwt malformed {"statusCode":401,"path":"/api/auth/refresh","method":"POST","ip":"127.0.0.1","user":"anonymous"}
Error: jwt malformed
    at refresh (E:\smart-city-sos-cambodia\backend\src\controllers\auth.controller.js:198:14)
    at process.processTicksAndRejections (node:internal/process/task_queues:95:5)
2026-08-14 17:36:23 [ERROR] Reset password error: jwt malformed
2026-08-14 17:36:23 [ERROR] Error: jwt malformed {"statusCode":400,"path":"/api/auth/reset-password","method":"POST","ip":"127.0.0.1","user":"anonymous"}
Error: jwt malformed
    at resetPassword (E:\smart-city-sos-cambodia\backend\src\controllers\auth.controller.js:441:14)
    at process.processTicksAndRejections (node:internal/process/task_queues:95:5)
2026-08-14 17:36:33 [ERROR] Reset password error: jwt malformed
2026-08-14 17:36:33 [ERROR] Error: jwt malformed {"statusCode":400,"path":"/api/auth/reset-password","method":"POST","ip":"127.0.0.1","user":"anonymous"}
Error: jwt malformed
    at resetPassword (E:\smart-city-sos-cambodia\backend\src\controllers\auth.controller.js:441:14)
    at process.processTicksAndRejections (node:internal/process/task_queues:95:5)
2026-08-14 17:47:15 [ERROR] Reset password error: jwt malformed
2026-08-14 17:47:15 [ERROR] Error: jwt malformed {"statusCode":400,"path":"/api/auth/reset-password","method":"POST","ip":"127.0.0.1","user":"anonymous"}
Error: jwt malformed
    at resetPassword (E:\smart-city-sos-cambodia\backend\src\controllers\auth.controller.js:441:14)
    at process.processTicksAndRejections (node:internal/process/task_queues:95:5)
2026-08-14 17:47:23 [ERROR] Reset password error: jwt malformed
2026-08-14 17:47:23 [ERROR] Error: jwt malformed {"statusCode":400,"path":"/api/auth/reset-password","method":"POST","ip":"127.0.0.1","user":"anonymous"}
Error: jwt malformed
    at resetPassword (E:\smart-city-sos-cambodia\backend\src\controllers\auth.controller.js:441:14)
    at process.processTicksAndRejections (node:internal/process/task_queues:95:5)
2026-08-14 17:47:23 [ERROR] Reset password error: jwt malformed
2026-08-14 17:47:23 [ERROR] Error: jwt malformed {"statusCode":400,"path":"/api/auth/reset-password","method":"POST","ip":"127.0.0.1","user":"anonymous"}
Error: jwt malformed
    at resetPassword (E:\smart-city-sos-cambodia\backend\src\controllers\auth.controller.js:441:14)
    at process.processTicksAndRejections (node:internal/process/task_queues:95:5)
2026-08-14 20:17:13 [ERROR] Email already registered
2026-08-14 20:17:13 [ERROR] Error: Email already registered {"statusCode":500,"path":"/api/auth/register","method":"POST","ip":"127.0.0.1","user":"anonymous"}
Error: Email already registered
    at Object.register (E:\smart-city-sos-cambodia\backend\src\services\auth.service.js:100:19)
    at async register (E:\smart-city-sos-cambodia\backend\src\controllers\auth.controller.js:67:24)
2026-08-14 23:56:55 [ERROR] Reset password error: crypto.createHash is not a function
2026-08-14 23:56:55 [ERROR] Reset password controller error: crypto.createHash is not a function
2026-08-14 23:56:56 [ERROR] Error: crypto.createHash is not a function {"statusCode":400,"path":"/api/auth/reset-password","method":"POST","ip":"127.0.0.1","user":"anonymous"}
Error: crypto.createHash is not a function
    at resetPassword (E:\smart-city-sos-cambodia\backend\src\controllers\auth.controller.js:472:13)
    at process.processTicksAndRejections (node:internal/process/task_queues:95:5)
2026-08-14 23:57:26 [ERROR] Reset password error: crypto.createHash is not a function
2026-08-14 23:57:26 [ERROR] Reset password controller error: crypto.createHash is not a function
2026-08-14 23:57:26 [ERROR] Error: crypto.createHash is not a function {"statusCode":400,"path":"/api/auth/reset-password","method":"POST","ip":"127.0.0.1","user":"anonymous"}
Error: crypto.createHash is not a function
    at resetPassword (E:\smart-city-sos-cambodia\backend\src\controllers\auth.controller.js:472:13)
    at process.processTicksAndRejections (node:internal/process/task_queues:95:5)
2026-08-14 23:57:31 [ERROR] Reset password error: crypto.createHash is not a function
2026-08-14 23:57:31 [ERROR] Reset password controller error: crypto.createHash is not a function
2026-08-14 23:57:31 [ERROR] Error: crypto.createHash is not a function {"statusCode":400,"path":"/api/auth/reset-password","method":"POST","ip":"127.0.0.1","user":"anonymous"}
Error: crypto.createHash is not a function
    at resetPassword (E:\smart-city-sos-cambodia\backend\src\controllers\auth.controller.js:472:13)
    at process.processTicksAndRejections (node:internal/process/task_queues:95:5)
2026-08-14 23:57:36 [ERROR] Reset password error: crypto.createHash is not a function
2026-08-14 23:57:36 [ERROR] Reset password controller error: crypto.createHash is not a function
2026-08-14 23:57:36 [ERROR] Error: crypto.createHash is not a function {"statusCode":400,"path":"/api/auth/reset-password","method":"POST","ip":"127.0.0.1","user":"anonymous"}
Error: crypto.createHash is not a function
    at resetPassword (E:\smart-city-sos-cambodia\backend\src\controllers\auth.controller.js:472:13)
    at process.processTicksAndRejections (node:internal/process/task_queues:95:5)
2026-08-14 23:59:12 [ERROR] Reset password error: crypto.createHash is not a function
2026-08-14 23:59:12 [ERROR] Reset password controller error: crypto.createHash is not a function
2026-08-14 23:59:12 [ERROR] Error: crypto.createHash is not a function {"statusCode":400,"path":"/api/auth/reset-password","method":"POST","ip":"127.0.0.1","user":"anonymous"}
Error: crypto.createHash is not a function
    at resetPassword (E:\smart-city-sos-cambodia\backend\src\controllers\auth.controller.js:472:13)
    at process.processTicksAndRejections (node:internal/process/task_queues:95:5)
2026-08-15 00:02:35 [ERROR] Reset password error: crypto.createHash is not a function
2026-08-15 00:02:35 [ERROR] Reset password controller error: crypto.createHash is not a function
2026-08-15 00:02:35 [ERROR] Error: crypto.createHash is not a function {"statusCode":400,"path":"/api/auth/reset-password","method":"POST","ip":"127.0.0.1","user":"anonymous"}
Error: crypto.createHash is not a function
    at resetPassword (E:\smart-city-sos-cambodia\backend\src\controllers\auth.controller.js:472:13)
    at process.processTicksAndRejections (node:internal/process/task_queues:95:5)
2026-08-15 00:02:57 [ERROR] Reset password error: crypto.createHash is not a function
2026-08-15 00:02:57 [ERROR] Reset password controller error: crypto.createHash is not a function
2026-08-15 00:02:57 [ERROR] Error: crypto.createHash is not a function {"statusCode":400,"path":"/api/auth/reset-password","method":"POST","ip":"127.0.0.1","user":"anonymous"}
Error: crypto.createHash is not a function
    at resetPassword (E:\smart-city-sos-cambodia\backend\src\controllers\auth.controller.js:472:13)
    at process.processTicksAndRejections (node:internal/process/task_queues:95:5)
2026-08-15 00:02:58 [ERROR] Reset password error: crypto.createHash is not a function
2026-08-15 00:02:58 [ERROR] Reset password controller error: crypto.createHash is not a function
2026-08-15 00:02:58 [ERROR] Error: crypto.createHash is not a function {"statusCode":400,"path":"/api/auth/reset-password","method":"POST","ip":"127.0.0.1","user":"anonymous"}
Error: crypto.createHash is not a function
    at resetPassword (E:\smart-city-sos-cambodia\backend\src\controllers\auth.controller.js:472:13)
    at process.processTicksAndRejections (node:internal/process/task_queues:95:5)
2026-08-15 00:02:59 [ERROR] Reset password error: crypto.createHash is not a function
2026-08-15 00:02:59 [ERROR] Reset password controller error: crypto.createHash is not a function
2026-08-15 00:02:59 [ERROR] Error: crypto.createHash is not a function {"statusCode":400,"path":"/api/auth/reset-password","method":"POST","ip":"127.0.0.1","user":"anonymous"}
Error: crypto.createHash is not a function
    at resetPassword (E:\smart-city-sos-cambodia\backend\src\controllers\auth.controller.js:472:13)
    at process.processTicksAndRejections (node:internal/process/task_queues:95:5)
2026-08-15 00:03:50 [ERROR] Reset password error: crypto.createHash is not a function
2026-08-15 00:03:50 [ERROR] Reset password controller error: crypto.createHash is not a function
2026-08-15 00:03:50 [ERROR] Error: crypto.createHash is not a function {"statusCode":400,"path":"/api/auth/reset-password","method":"POST","ip":"127.0.0.1","user":"anonymous"}
Error: crypto.createHash is not a function
    at resetPassword (E:\smart-city-sos-cambodia\backend\src\controllers\auth.controller.js:472:13)
    at process.processTicksAndRejections (node:internal/process/task_queues:95:5)
2026-08-15 00:08:39 [ERROR] Reset password error: crypto.createHash is not a function
2026-08-15 00:08:39 [ERROR] Reset password controller error: crypto.createHash is not a function
2026-08-15 00:08:39 [ERROR] Error: crypto.createHash is not a function {"statusCode":400,"path":"/api/auth/reset-password","method":"POST","ip":"127.0.0.1","user":"anonymous"}
Error: crypto.createHash is not a function
    at resetPassword (E:\smart-city-sos-cambodia\backend\src\controllers\auth.controller.js:472:13)
    at process.processTicksAndRejections (node:internal/process/task_queues:95:5)
2026-08-15 00:11:20 [ERROR] Reset password error: tokenHash is not defined
2026-08-15 00:11:20 [ERROR] Reset password controller error: tokenHash is not defined
2026-08-15 00:11:20 [ERROR] Error: tokenHash is not defined {"statusCode":400,"path":"/api/auth/reset-password","method":"POST","ip":"127.0.0.1","user":"anonymous"}
Error: tokenHash is not defined
    at resetPassword (E:\smart-city-sos-cambodia\backend\src\controllers\auth.controller.js:472:13)
    at process.processTicksAndRejections (node:internal/process/task_queues:95:5)
2026-08-15 00:11:26 [ERROR] Reset password error: tokenHash is not defined
2026-08-15 00:11:26 [ERROR] Reset password controller error: tokenHash is not defined
2026-08-15 00:11:26 [ERROR] Error: tokenHash is not defined {"statusCode":400,"path":"/api/auth/reset-password","method":"POST","ip":"127.0.0.1","user":"anonymous"}
Error: tokenHash is not defined
    at resetPassword (E:\smart-city-sos-cambodia\backend\src\controllers\auth.controller.js:472:13)
    at process.processTicksAndRejections (node:internal/process/task_queues:95:5)
2026-08-15 00:13:37 [ERROR] Reset password error: tokenHash is not defined
2026-08-15 00:13:37 [ERROR] Reset password controller error: tokenHash is not defined
2026-08-15 00:13:37 [ERROR] Error: tokenHash is not defined {"statusCode":400,"path":"/api/auth/reset-password","method":"POST","ip":"127.0.0.1","user":"anonymous"}
Error: tokenHash is not defined
    at resetPassword (E:\smart-city-sos-cambodia\backend\src\controllers\auth.controller.js:472:13)
    at process.processTicksAndRejections (node:internal/process/task_queues:95:5)
2026-08-15 00:13:44 [ERROR] Reset password error: tokenHash is not defined
2026-08-15 00:13:44 [ERROR] Reset password controller error: tokenHash is not defined
2026-08-15 00:13:44 [ERROR] Error: tokenHash is not defined {"statusCode":400,"path":"/api/auth/reset-password","method":"POST","ip":"127.0.0.1","user":"anonymous"}
Error: tokenHash is not defined
    at resetPassword (E:\smart-city-sos-cambodia\backend\src\controllers\auth.controller.js:472:13)
    at process.processTicksAndRejections (node:internal/process/task_queues:95:5)
2026-08-15 00:13:59 [ERROR] Reset password error: tokenHash is not defined
2026-08-15 00:13:59 [ERROR] Reset password controller error: tokenHash is not defined
2026-08-15 00:13:59 [ERROR] Error: tokenHash is not defined {"statusCode":400,"path":"/api/auth/reset-password","method":"POST","ip":"127.0.0.1","user":"anonymous"}
Error: tokenHash is not defined
    at resetPassword (E:\smart-city-sos-cambodia\backend\src\controllers\auth.controller.js:472:13)
    at process.processTicksAndRejections (node:internal/process/task_queues:95:5)
2026-08-15 00:19:00 [ERROR] Reset password error: 
Invalid `prisma.user.findUnique()` invocation in
E:\smart-city-sos-cambodia\backend\src\services\auth.service.js:507:40

  504 // ===========================
  505 // Find user
  506 // ===========================
→ 507 const user = await prisma.user.findUnique({
        where: {
          id: undefined,
      ?   username?: String,
      ?   email?: String,
      ?   googleId?: String,
      ?   appleId?: String,
      ?   AND?: UserWhereInput | UserWhereInput[],
      ?   OR?: UserWhereInput[],
      ?   NOT?: UserWhereInput | UserWhereInput[],
      ?   fullName?: StringFilter | String,
      ?   badgeId?: StringFilter | String,
      ?   password?: StringNullableFilter | String | Null,
      ?   phone?: StringNullableFilter | String | Null,
      ?   avatar?: StringFilter | String,
      ?   roleId?: IntNullableFilter | Int | Null,
      ?   status?: EnumUserStatusFilter | UserStatus,
      ?   mfaEnabled?: BoolFilter | Boolean,
      ?   failedLoginAttempts?: IntFilter | Int,
      ?   lastPasswordChange?: DateTimeFilter | DateTime,
      ?   organizationId?: StringNullableFilter | String | Null,
      ?   createdAt?: DateTimeFilter | DateTime,
      ?   updatedAt?: DateTimeFilter | DateTime,
      ?   role?: RoleNullableScalarRelationFilter | RoleWhereInput | Null,
      ?   organization?: OrganizationNullableScalarRelationFilter | OrganizationWhereInput | Null,
      ?   refreshTokens?: RefreshTokenListRelationFilter,
      ?   auditLogs?: AuditLogListRelationFilter,
      ?   newsArticles?: NewsListRelationFilter,
      ?   settingsUpdated?: SystemSettingListRelationFilter,
      ?   reportsCreated?: ReportExportListRelationFilter,
      ?   passwordResetTokens?: PasswordResetTokenListRelationFilter
        }
      })

Argument `where` of type UserWhereUniqueInput needs at least one of `id`, `username`, `email`, `googleId` or `appleId` arguments. Available options are marked with ?.
2026-08-15 00:19:00 [ERROR] Reset password controller error: 
Invalid `prisma.user.findUnique()` invocation in
E:\smart-city-sos-cambodia\backend\src\services\auth.service.js:507:40

  504 // ===========================
  505 // Find user
  506 // ===========================
→ 507 const user = await prisma.user.findUnique({
        where: {
          id: undefined,
      ?   username?: String,
      ?   email?: String,
      ?   googleId?: String,
      ?   appleId?: String,
      ?   AND?: UserWhereInput | UserWhereInput[],
      ?   OR?: UserWhereInput[],
      ?   NOT?: UserWhereInput | UserWhereInput[],
      ?   fullName?: StringFilter | String,
      ?   badgeId?: StringFilter | String,
      ?   password?: StringNullableFilter | String | Null,
      ?   phone?: StringNullableFilter | String | Null,
      ?   avatar?: StringFilter | String,
      ?   roleId?: IntNullableFilter | Int | Null,
      ?   status?: EnumUserStatusFilter | UserStatus,
      ?   mfaEnabled?: BoolFilter | Boolean,
      ?   failedLoginAttempts?: IntFilter | Int,
      ?   lastPasswordChange?: DateTimeFilter | DateTime,
      ?   organizationId?: StringNullableFilter | String | Null,
      ?   createdAt?: DateTimeFilter | DateTime,
      ?   updatedAt?: DateTimeFilter | DateTime,
      ?   role?: RoleNullableScalarRelationFilter | RoleWhereInput | Null,
      ?   organization?: OrganizationNullableScalarRelationFilter | OrganizationWhereInput | Null,
      ?   refreshTokens?: RefreshTokenListRelationFilter,
      ?   auditLogs?: AuditLogListRelationFilter,
      ?   newsArticles?: NewsListRelationFilter,
      ?   settingsUpdated?: SystemSettingListRelationFilter,
      ?   reportsCreated?: ReportExportListRelationFilter,
      ?   passwordResetTokens?: PasswordResetTokenListRelationFilter
        }
      })

Argument `where` of type UserWhereUniqueInput needs at least one of `id`, `username`, `email`, `googleId` or `appleId` arguments. Available options are marked with ?.
2026-08-15 00:19:00 [ERROR] Error: 
Invalid `prisma.user.findUnique()` invocation in
E:\smart-city-sos-cambodia\backend\src\services\auth.service.js:507:40

  504 // ===========================
  505 // Find user
  506 // ===========================
→ 507 const user = await prisma.user.findUnique({
        where: {
          id: undefined,
      ?   username?: String,
      ?   email?: String,
      ?   googleId?: String,
      ?   appleId?: String,
      ?   AND?: UserWhereInput | UserWhereInput[],
      ?   OR?: UserWhereInput[],
      ?   NOT?: UserWhereInput | UserWhereInput[],
      ?   fullName?: StringFilter | String,
      ?   badgeId?: StringFilter | String,
      ?   password?: StringNullableFilter | String | Null,
      ?   phone?: StringNullableFilter | String | Null,
      ?   avatar?: StringFilter | String,
      ?   roleId?: IntNullableFilter | Int | Null,
      ?   status?: EnumUserStatusFilter | UserStatus,
      ?   mfaEnabled?: BoolFilter | Boolean,
      ?   failedLoginAttempts?: IntFilter | Int,
      ?   lastPasswordChange?: DateTimeFilter | DateTime,
      ?   organizationId?: StringNullableFilter | String | Null,
      ?   createdAt?: DateTimeFilter | DateTime,
      ?   updatedAt?: DateTimeFilter | DateTime,
      ?   role?: RoleNullableScalarRelationFilter | RoleWhereInput | Null,
      ?   organization?: OrganizationNullableScalarRelationFilter | OrganizationWhereInput | Null,
      ?   refreshTokens?: RefreshTokenListRelationFilter,
      ?   auditLogs?: AuditLogListRelationFilter,
      ?   newsArticles?: NewsListRelationFilter,
      ?   settingsUpdated?: SystemSettingListRelationFilter,
      ?   reportsCreated?: ReportExportListRelationFilter,
      ?   passwordResetTokens?: PasswordResetTokenListRelationFilter
        }
      })

Argument `where` of type UserWhereUniqueInput needs at least one of `id`, `username`, `email`, `googleId` or `appleId` arguments. Available options are marked with ?. {"statusCode":400,"path":"/api/auth/reset-password","method":"POST","ip":"127.0.0.1","user":"anonymous"}
Error: 
Invalid `prisma.user.findUnique()` invocation in
E:\smart-city-sos-cambodia\backend\src\services\auth.service.js:507:40

  504 // ===========================
  505 // Find user
  506 // ===========================
→ 507 const user = await prisma.user.findUnique({
        where: {
          id: undefined,
      ?   username?: String,
      ?   email?: String,
      ?   googleId?: String,
      ?   appleId?: String,
      ?   AND?: UserWhereInput | UserWhereInput[],
      ?   OR?: UserWhereInput[],
      ?   NOT?: UserWhereInput | UserWhereInput[],
      ?   fullName?: StringFilter | String,
      ?   badgeId?: StringFilter | String,
      ?   password?: StringNullableFilter | String | Null,
      ?   phone?: StringNullableFilter | String | Null,
      ?   avatar?: StringFilter | String,
      ?   roleId?: IntNullableFilter | Int | Null,
      ?   status?: EnumUserStatusFilter | UserStatus,
      ?   mfaEnabled?: BoolFilter | Boolean,
      ?   failedLoginAttempts?: IntFilter | Int,
      ?   lastPasswordChange?: DateTimeFilter | DateTime,
      ?   organizationId?: StringNullableFilter | String | Null,
      ?   createdAt?: DateTimeFilter | DateTime,
      ?   updatedAt?: DateTimeFilter | DateTime,
      ?   role?: RoleNullableScalarRelationFilter | RoleWhereInput | Null,
      ?   organization?: OrganizationNullableScalarRelationFilter | OrganizationWhereInput | Null,
      ?   refreshTokens?: RefreshTokenListRelationFilter,
      ?   auditLogs?: AuditLogListRelationFilter,
      ?   newsArticles?: NewsListRelationFilter,
      ?   settingsUpdated?: SystemSettingListRelationFilter,
      ?   reportsCreated?: ReportExportListRelationFilter,
      ?   passwordResetTokens?: PasswordResetTokenListRelationFilter
        }
      })

Argument `where` of type UserWhereUniqueInput needs at least one of `id`, `username`, `email`, `googleId` or `appleId` arguments. Available options are marked with ?.
    at resetPassword (E:\smart-city-sos-cambodia\backend\src\controllers\auth.controller.js:472:13)
2026-08-15 00:21:19 [ERROR] Reset password error: 
Invalid `prisma.user.findUnique()` invocation in
E:\smart-city-sos-cambodia\backend\src\services\auth.service.js:507:40

  504 // ===========================
  505 // Find user
  506 // ===========================
→ 507 const user = await prisma.user.findUnique({
        where: {
          id: undefined,
      ?   username?: String,
      ?   email?: String,
      ?   googleId?: String,
      ?   appleId?: String,
      ?   AND?: UserWhereInput | UserWhereInput[],
      ?   OR?: UserWhereInput[],
      ?   NOT?: UserWhereInput | UserWhereInput[],
      ?   fullName?: StringFilter | String,
      ?   badgeId?: StringFilter | String,
      ?   password?: StringNullableFilter | String | Null,
      ?   phone?: StringNullableFilter | String | Null,
      ?   avatar?: StringFilter | String,
      ?   roleId?: IntNullableFilter | Int | Null,
      ?   status?: EnumUserStatusFilter | UserStatus,
      ?   mfaEnabled?: BoolFilter | Boolean,
      ?   failedLoginAttempts?: IntFilter | Int,
      ?   lastPasswordChange?: DateTimeFilter | DateTime,
      ?   organizationId?: StringNullableFilter | String | Null,
      ?   createdAt?: DateTimeFilter | DateTime,
      ?   updatedAt?: DateTimeFilter | DateTime,
      ?   role?: RoleNullableScalarRelationFilter | RoleWhereInput | Null,
      ?   organization?: OrganizationNullableScalarRelationFilter | OrganizationWhereInput | Null,
      ?   refreshTokens?: RefreshTokenListRelationFilter,
      ?   auditLogs?: AuditLogListRelationFilter,
      ?   newsArticles?: NewsListRelationFilter,
      ?   settingsUpdated?: SystemSettingListRelationFilter,
      ?   reportsCreated?: ReportExportListRelationFilter,
      ?   passwordResetTokens?: PasswordResetTokenListRelationFilter
        }
      })

Argument `where` of type UserWhereUniqueInput needs at least one of `id`, `username`, `email`, `googleId` or `appleId` arguments. Available options are marked with ?.
2026-08-15 00:21:19 [ERROR] Reset password controller error: 
Invalid `prisma.user.findUnique()` invocation in
E:\smart-city-sos-cambodia\backend\src\services\auth.service.js:507:40

  504 // ===========================
  505 // Find user
  506 // ===========================
→ 507 const user = await prisma.user.findUnique({
        where: {
          id: undefined,
      ?   username?: String,
      ?   email?: String,
      ?   googleId?: String,
      ?   appleId?: String,
      ?   AND?: UserWhereInput | UserWhereInput[],
      ?   OR?: UserWhereInput[],
      ?   NOT?: UserWhereInput | UserWhereInput[],
      ?   fullName?: StringFilter | String,
      ?   badgeId?: StringFilter | String,
      ?   password?: StringNullableFilter | String | Null,
      ?   phone?: StringNullableFilter | String | Null,
      ?   avatar?: StringFilter | String,
      ?   roleId?: IntNullableFilter | Int | Null,
      ?   status?: EnumUserStatusFilter | UserStatus,
      ?   mfaEnabled?: BoolFilter | Boolean,
      ?   failedLoginAttempts?: IntFilter | Int,
      ?   lastPasswordChange?: DateTimeFilter | DateTime,
      ?   organizationId?: StringNullableFilter | String | Null,
      ?   createdAt?: DateTimeFilter | DateTime,
      ?   updatedAt?: DateTimeFilter | DateTime,
      ?   role?: RoleNullableScalarRelationFilter | RoleWhereInput | Null,
      ?   organization?: OrganizationNullableScalarRelationFilter | OrganizationWhereInput | Null,
      ?   refreshTokens?: RefreshTokenListRelationFilter,
      ?   auditLogs?: AuditLogListRelationFilter,
      ?   newsArticles?: NewsListRelationFilter,
      ?   settingsUpdated?: SystemSettingListRelationFilter,
      ?   reportsCreated?: ReportExportListRelationFilter,
      ?   passwordResetTokens?: PasswordResetTokenListRelationFilter
        }
      })

Argument `where` of type UserWhereUniqueInput needs at least one of `id`, `username`, `email`, `googleId` or `appleId` arguments. Available options are marked with ?.
2026-08-15 00:21:19 [ERROR] Error: 
Invalid `prisma.user.findUnique()` invocation in
E:\smart-city-sos-cambodia\backend\src\services\auth.service.js:507:40

  504 // ===========================
  505 // Find user
  506 // ===========================
→ 507 const user = await prisma.user.findUnique({
        where: {
          id: undefined,
      ?   username?: String,
      ?   email?: String,
      ?   googleId?: String,
      ?   appleId?: String,
      ?   AND?: UserWhereInput | UserWhereInput[],
      ?   OR?: UserWhereInput[],
      ?   NOT?: UserWhereInput | UserWhereInput[],
      ?   fullName?: StringFilter | String,
      ?   badgeId?: StringFilter | String,
      ?   password?: StringNullableFilter | String | Null,
      ?   phone?: StringNullableFilter | String | Null,
      ?   avatar?: StringFilter | String,
      ?   roleId?: IntNullableFilter | Int | Null,
      ?   status?: EnumUserStatusFilter | UserStatus,
      ?   mfaEnabled?: BoolFilter | Boolean,
      ?   failedLoginAttempts?: IntFilter | Int,
      ?   lastPasswordChange?: DateTimeFilter | DateTime,
      ?   organizationId?: StringNullableFilter | String | Null,
      ?   createdAt?: DateTimeFilter | DateTime,
      ?   updatedAt?: DateTimeFilter | DateTime,
      ?   role?: RoleNullableScalarRelationFilter | RoleWhereInput | Null,
      ?   organization?: OrganizationNullableScalarRelationFilter | OrganizationWhereInput | Null,
      ?   refreshTokens?: RefreshTokenListRelationFilter,
      ?   auditLogs?: AuditLogListRelationFilter,
      ?   newsArticles?: NewsListRelationFilter,
      ?   settingsUpdated?: SystemSettingListRelationFilter,
      ?   reportsCreated?: ReportExportListRelationFilter,
      ?   passwordResetTokens?: PasswordResetTokenListRelationFilter
        }
      })

Argument `where` of type UserWhereUniqueInput needs at least one of `id`, `username`, `email`, `googleId` or `appleId` arguments. Available options are marked with ?. {"statusCode":400,"path":"/api/auth/reset-password","method":"POST","ip":"127.0.0.1","user":"anonymous"}
Error: 
Invalid `prisma.user.findUnique()` invocation in
E:\smart-city-sos-cambodia\backend\src\services\auth.service.js:507:40

  504 // ===========================
  505 // Find user
  506 // ===========================
→ 507 const user = await prisma.user.findUnique({
        where: {
          id: undefined,
      ?   username?: String,
      ?   email?: String,
      ?   googleId?: String,
      ?   appleId?: String,
      ?   AND?: UserWhereInput | UserWhereInput[],
      ?   OR?: UserWhereInput[],
      ?   NOT?: UserWhereInput | UserWhereInput[],
      ?   fullName?: StringFilter | String,
      ?   badgeId?: StringFilter | String,
      ?   password?: StringNullableFilter | String | Null,
      ?   phone?: StringNullableFilter | String | Null,
      ?   avatar?: StringFilter | String,
      ?   roleId?: IntNullableFilter | Int | Null,
      ?   status?: EnumUserStatusFilter | UserStatus,
      ?   mfaEnabled?: BoolFilter | Boolean,
      ?   failedLoginAttempts?: IntFilter | Int,
      ?   lastPasswordChange?: DateTimeFilter | DateTime,
      ?   organizationId?: StringNullableFilter | String | Null,
      ?   createdAt?: DateTimeFilter | DateTime,
      ?   updatedAt?: DateTimeFilter | DateTime,
      ?   role?: RoleNullableScalarRelationFilter | RoleWhereInput | Null,
      ?   organization?: OrganizationNullableScalarRelationFilter | OrganizationWhereInput | Null,
      ?   refreshTokens?: RefreshTokenListRelationFilter,
      ?   auditLogs?: AuditLogListRelationFilter,
      ?   newsArticles?: NewsListRelationFilter,
      ?   settingsUpdated?: SystemSettingListRelationFilter,
      ?   reportsCreated?: ReportExportListRelationFilter,
      ?   passwordResetTokens?: PasswordResetTokenListRelationFilter
        }
      })

Argument `where` of type UserWhereUniqueInput needs at least one of `id`, `username`, `email`, `googleId` or `appleId` arguments. Available options are marked with ?.
    at resetPassword (E:\smart-city-sos-cambodia\backend\src\controllers\auth.controller.js:472:13)
2026-08-15 00:25:38 [ERROR] Reset password error: 
Invalid `prisma.user.findUnique()` invocation in
E:\smart-city-sos-cambodia\backend\src\services\auth.service.js:507:40

  504 // ===========================
  505 // Find user
  506 // ===========================
→ 507 const user = await prisma.user.findUnique({
        where: {
          id: undefined,
      ?   username?: String,
      ?   email?: String,
      ?   googleId?: String,
      ?   appleId?: String,
      ?   AND?: UserWhereInput | UserWhereInput[],
      ?   OR?: UserWhereInput[],
      ?   NOT?: UserWhereInput | UserWhereInput[],
      ?   fullName?: StringFilter | String,
      ?   badgeId?: StringFilter | String,
      ?   password?: StringNullableFilter | String | Null,
      ?   phone?: StringNullableFilter | String | Null,
      ?   avatar?: StringFilter | String,
      ?   roleId?: IntNullableFilter | Int | Null,
      ?   status?: EnumUserStatusFilter | UserStatus,
      ?   mfaEnabled?: BoolFilter | Boolean,
      ?   failedLoginAttempts?: IntFilter | Int,
      ?   lastPasswordChange?: DateTimeFilter | DateTime,
      ?   organizationId?: StringNullableFilter | String | Null,
      ?   createdAt?: DateTimeFilter | DateTime,
      ?   updatedAt?: DateTimeFilter | DateTime,
      ?   role?: RoleNullableScalarRelationFilter | RoleWhereInput | Null,
      ?   organization?: OrganizationNullableScalarRelationFilter | OrganizationWhereInput | Null,
      ?   refreshTokens?: RefreshTokenListRelationFilter,
      ?   auditLogs?: AuditLogListRelationFilter,
      ?   newsArticles?: NewsListRelationFilter,
      ?   settingsUpdated?: SystemSettingListRelationFilter,
      ?   reportsCreated?: ReportExportListRelationFilter,
      ?   passwordResetTokens?: PasswordResetTokenListRelationFilter
        }
      })

Argument `where` of type UserWhereUniqueInput needs at least one of `id`, `username`, `email`, `googleId` or `appleId` arguments. Available options are marked with ?.
2026-08-15 00:25:38 [ERROR] Reset password controller error: 
Invalid `prisma.user.findUnique()` invocation in
E:\smart-city-sos-cambodia\backend\src\services\auth.service.js:507:40

  504 // ===========================
  505 // Find user
  506 // ===========================
→ 507 const user = await prisma.user.findUnique({
        where: {
          id: undefined,
      ?   username?: String,
      ?   email?: String,
      ?   googleId?: String,
      ?   appleId?: String,
      ?   AND?: UserWhereInput | UserWhereInput[],
      ?   OR?: UserWhereInput[],
      ?   NOT?: UserWhereInput | UserWhereInput[],
      ?   fullName?: StringFilter | String,
      ?   badgeId?: StringFilter | String,
      ?   password?: StringNullableFilter | String | Null,
      ?   phone?: StringNullableFilter | String | Null,
      ?   avatar?: StringFilter | String,
      ?   roleId?: IntNullableFilter | Int | Null,
      ?   status?: EnumUserStatusFilter | UserStatus,
      ?   mfaEnabled?: BoolFilter | Boolean,
      ?   failedLoginAttempts?: IntFilter | Int,
      ?   lastPasswordChange?: DateTimeFilter | DateTime,
      ?   organizationId?: StringNullableFilter | String | Null,
      ?   createdAt?: DateTimeFilter | DateTime,
      ?   updatedAt?: DateTimeFilter | DateTime,
      ?   role?: RoleNullableScalarRelationFilter | RoleWhereInput | Null,
      ?   organization?: OrganizationNullableScalarRelationFilter | OrganizationWhereInput | Null,
      ?   refreshTokens?: RefreshTokenListRelationFilter,
      ?   auditLogs?: AuditLogListRelationFilter,
      ?   newsArticles?: NewsListRelationFilter,
      ?   settingsUpdated?: SystemSettingListRelationFilter,
      ?   reportsCreated?: ReportExportListRelationFilter,
      ?   passwordResetTokens?: PasswordResetTokenListRelationFilter
        }
      })

Argument `where` of type UserWhereUniqueInput needs at least one of `id`, `username`, `email`, `googleId` or `appleId` arguments. Available options are marked with ?.
2026-08-15 00:25:38 [ERROR] Error: 
Invalid `prisma.user.findUnique()` invocation in
E:\smart-city-sos-cambodia\backend\src\services\auth.service.js:507:40

  504 // ===========================
  505 // Find user
  506 // ===========================
→ 507 const user = await prisma.user.findUnique({
        where: {
          id: undefined,
      ?   username?: String,
      ?   email?: String,
      ?   googleId?: String,
      ?   appleId?: String,
      ?   AND?: UserWhereInput | UserWhereInput[],
      ?   OR?: UserWhereInput[],
      ?   NOT?: UserWhereInput | UserWhereInput[],
      ?   fullName?: StringFilter | String,
      ?   badgeId?: StringFilter | String,
      ?   password?: StringNullableFilter | String | Null,
      ?   phone?: StringNullableFilter | String | Null,
      ?   avatar?: StringFilter | String,
      ?   roleId?: IntNullableFilter | Int | Null,
      ?   status?: EnumUserStatusFilter | UserStatus,
      ?   mfaEnabled?: BoolFilter | Boolean,
      ?   failedLoginAttempts?: IntFilter | Int,
      ?   lastPasswordChange?: DateTimeFilter | DateTime,
      ?   organizationId?: StringNullableFilter | String | Null,
      ?   createdAt?: DateTimeFilter | DateTime,
      ?   updatedAt?: DateTimeFilter | DateTime,
      ?   role?: RoleNullableScalarRelationFilter | RoleWhereInput | Null,
      ?   organization?: OrganizationNullableScalarRelationFilter | OrganizationWhereInput | Null,
      ?   refreshTokens?: RefreshTokenListRelationFilter,
      ?   auditLogs?: AuditLogListRelationFilter,
      ?   newsArticles?: NewsListRelationFilter,
      ?   settingsUpdated?: SystemSettingListRelationFilter,
      ?   reportsCreated?: ReportExportListRelationFilter,
      ?   passwordResetTokens?: PasswordResetTokenListRelationFilter
        }
      })

Argument `where` of type UserWhereUniqueInput needs at least one of `id`, `username`, `email`, `googleId` or `appleId` arguments. Available options are marked with ?. {"statusCode":400,"path":"/api/auth/reset-password","method":"POST","ip":"127.0.0.1","user":"anonymous"}
Error: 
Invalid `prisma.user.findUnique()` invocation in
E:\smart-city-sos-cambodia\backend\src\services\auth.service.js:507:40

  504 // ===========================
  505 // Find user
  506 // ===========================
→ 507 const user = await prisma.user.findUnique({
        where: {
          id: undefined,
      ?   username?: String,
      ?   email?: String,
      ?   googleId?: String,
      ?   appleId?: String,
      ?   AND?: UserWhereInput | UserWhereInput[],
      ?   OR?: UserWhereInput[],
      ?   NOT?: UserWhereInput | UserWhereInput[],
      ?   fullName?: StringFilter | String,
      ?   badgeId?: StringFilter | String,
      ?   password?: StringNullableFilter | String | Null,
      ?   phone?: StringNullableFilter | String | Null,
      ?   avatar?: StringFilter | String,
      ?   roleId?: IntNullableFilter | Int | Null,
      ?   status?: EnumUserStatusFilter | UserStatus,
      ?   mfaEnabled?: BoolFilter | Boolean,
      ?   failedLoginAttempts?: IntFilter | Int,
      ?   lastPasswordChange?: DateTimeFilter | DateTime,
      ?   organizationId?: StringNullableFilter | String | Null,
      ?   createdAt?: DateTimeFilter | DateTime,
      ?   updatedAt?: DateTimeFilter | DateTime,
      ?   role?: RoleNullableScalarRelationFilter | RoleWhereInput | Null,
      ?   organization?: OrganizationNullableScalarRelationFilter | OrganizationWhereInput | Null,
      ?   refreshTokens?: RefreshTokenListRelationFilter,
      ?   auditLogs?: AuditLogListRelationFilter,
      ?   newsArticles?: NewsListRelationFilter,
      ?   settingsUpdated?: SystemSettingListRelationFilter,
      ?   reportsCreated?: ReportExportListRelationFilter,
      ?   passwordResetTokens?: PasswordResetTokenListRelationFilter
        }
      })

Argument `where` of type UserWhereUniqueInput needs at least one of `id`, `username`, `email`, `googleId` or `appleId` arguments. Available options are marked with ?.
    at resetPassword (E:\smart-city-sos-cambodia\backend\src\controllers\auth.controller.js:472:13)
2026-08-15 00:30:20 [ERROR] Forgot password error: generateResetToken is not a function
2026-08-15 00:30:20 [ERROR] Forgot password controller error: generateResetToken is not a function
2026-08-15 00:31:08 [ERROR] Forgot password error: generateResetToken is not a function
2026-08-15 00:31:08 [ERROR] Forgot password controller error: generateResetToken is not a function
2026-08-15 00:31:37 [ERROR] Forgot password error: generateResetToken is not a function
2026-08-15 00:31:37 [ERROR] Forgot password controller error: generateResetToken is not a function
2026-08-15 00:32:17 [ERROR] Forgot password error: generateResetToken is not a function
2026-08-15 00:32:17 [ERROR] Forgot password controller error: generateResetToken is not a function
2026-08-15 00:34:45 [ERROR] Forgot password error: generateResetToken is not a function
2026-08-15 00:34:45 [ERROR] Forgot password controller error: generateResetToken is not a function
2026-08-15 00:36:35 [ERROR] Reset password error: 
Invalid `prisma.user.findUnique()` invocation in
E:\smart-city-sos-cambodia\backend\src\services\auth.service.js:523:31

  520 // Find user
  521 // ===========================
  522 const user =
→ 523     await prisma.user.findUnique({
            where: {
              id: undefined,
          ?   username?: String,
          ?   email?: String,
          ?   googleId?: String,
          ?   appleId?: String,
          ?   AND?: UserWhereInput | UserWhereInput[],
          ?   OR?: UserWhereInput[],
          ?   NOT?: UserWhereInput | UserWhereInput[],
          ?   fullName?: StringFilter | String,
          ?   badgeId?: StringFilter | String,
          ?   password?: StringNullableFilter | String | Null,
          ?   phone?: StringNullableFilter | String | Null,
          ?   avatar?: StringFilter | String,
          ?   roleId?: IntNullableFilter | Int | Null,
          ?   status?: EnumUserStatusFilter | UserStatus,
          ?   mfaEnabled?: BoolFilter | Boolean,
          ?   failedLoginAttempts?: IntFilter | Int,
          ?   lastPasswordChange?: DateTimeFilter | DateTime,
          ?   organizationId?: StringNullableFilter | String | Null,
          ?   createdAt?: DateTimeFilter | DateTime,
          ?   updatedAt?: DateTimeFilter | DateTime,
          ?   role?: RoleNullableScalarRelationFilter | RoleWhereInput | Null,
          ?   organization?: OrganizationNullableScalarRelationFilter | OrganizationWhereInput | Null,
          ?   refreshTokens?: RefreshTokenListRelationFilter,
          ?   auditLogs?: AuditLogListRelationFilter,
          ?   newsArticles?: NewsListRelationFilter,
          ?   settingsUpdated?: SystemSettingListRelationFilter,
          ?   reportsCreated?: ReportExportListRelationFilter,
          ?   passwordResetTokens?: PasswordResetTokenListRelationFilter
            }
          })

Argument `where` of type UserWhereUniqueInput needs at least one of `id`, `username`, `email`, `googleId` or `appleId` arguments. Available options are marked with ?.
2026-08-15 00:36:35 [ERROR] Reset password controller error: 
Invalid `prisma.user.findUnique()` invocation in
E:\smart-city-sos-cambodia\backend\src\services\auth.service.js:523:31

  520 // Find user
  521 // ===========================
  522 const user =
→ 523     await prisma.user.findUnique({
            where: {
              id: undefined,
          ?   username?: String,
          ?   email?: String,
          ?   googleId?: String,
          ?   appleId?: String,
          ?   AND?: UserWhereInput | UserWhereInput[],
          ?   OR?: UserWhereInput[],
          ?   NOT?: UserWhereInput | UserWhereInput[],
          ?   fullName?: StringFilter | String,
          ?   badgeId?: StringFilter | String,
          ?   password?: StringNullableFilter | String | Null,
          ?   phone?: StringNullableFilter | String | Null,
          ?   avatar?: StringFilter | String,
          ?   roleId?: IntNullableFilter | Int | Null,
          ?   status?: EnumUserStatusFilter | UserStatus,
          ?   mfaEnabled?: BoolFilter | Boolean,
          ?   failedLoginAttempts?: IntFilter | Int,
          ?   lastPasswordChange?: DateTimeFilter | DateTime,
          ?   organizationId?: StringNullableFilter | String | Null,
          ?   createdAt?: DateTimeFilter | DateTime,
          ?   updatedAt?: DateTimeFilter | DateTime,
          ?   role?: RoleNullableScalarRelationFilter | RoleWhereInput | Null,
          ?   organization?: OrganizationNullableScalarRelationFilter | OrganizationWhereInput | Null,
          ?   refreshTokens?: RefreshTokenListRelationFilter,
          ?   auditLogs?: AuditLogListRelationFilter,
          ?   newsArticles?: NewsListRelationFilter,
          ?   settingsUpdated?: SystemSettingListRelationFilter,
          ?   reportsCreated?: ReportExportListRelationFilter,
          ?   passwordResetTokens?: PasswordResetTokenListRelationFilter
            }
          })

Argument `where` of type UserWhereUniqueInput needs at least one of `id`, `username`, `email`, `googleId` or `appleId` arguments. Available options are marked with ?.
2026-08-15 00:36:35 [ERROR] Error: 
Invalid `prisma.user.findUnique()` invocation in
E:\smart-city-sos-cambodia\backend\src\services\auth.service.js:523:31

  520 // Find user
  521 // ===========================
  522 const user =
→ 523     await prisma.user.findUnique({
            where: {
              id: undefined,
          ?   username?: String,
          ?   email?: String,
          ?   googleId?: String,
          ?   appleId?: String,
          ?   AND?: UserWhereInput | UserWhereInput[],
          ?   OR?: UserWhereInput[],
          ?   NOT?: UserWhereInput | UserWhereInput[],
          ?   fullName?: StringFilter | String,
          ?   badgeId?: StringFilter | String,
          ?   password?: StringNullableFilter | String | Null,
          ?   phone?: StringNullableFilter | String | Null,
          ?   avatar?: StringFilter | String,
          ?   roleId?: IntNullableFilter | Int | Null,
          ?   status?: EnumUserStatusFilter | UserStatus,
          ?   mfaEnabled?: BoolFilter | Boolean,
          ?   failedLoginAttempts?: IntFilter | Int,
          ?   lastPasswordChange?: DateTimeFilter | DateTime,
          ?   organizationId?: StringNullableFilter | String | Null,
          ?   createdAt?: DateTimeFilter | DateTime,
          ?   updatedAt?: DateTimeFilter | DateTime,
          ?   role?: RoleNullableScalarRelationFilter | RoleWhereInput | Null,
          ?   organization?: OrganizationNullableScalarRelationFilter | OrganizationWhereInput | Null,
          ?   refreshTokens?: RefreshTokenListRelationFilter,
          ?   auditLogs?: AuditLogListRelationFilter,
          ?   newsArticles?: NewsListRelationFilter,
          ?   settingsUpdated?: SystemSettingListRelationFilter,
          ?   reportsCreated?: ReportExportListRelationFilter,
          ?   passwordResetTokens?: PasswordResetTokenListRelationFilter
            }
          })

Argument `where` of type UserWhereUniqueInput needs at least one of `id`, `username`, `email`, `googleId` or `appleId` arguments. Available options are marked with ?. {"statusCode":400,"path":"/api/auth/reset-password","method":"POST","ip":"127.0.0.1","user":"anonymous"}
Error: 
Invalid `prisma.user.findUnique()` invocation in
E:\smart-city-sos-cambodia\backend\src\services\auth.service.js:523:31

  520 // Find user
  521 // ===========================
  522 const user =
→ 523     await prisma.user.findUnique({
            where: {
              id: undefined,
          ?   username?: String,
          ?   email?: String,
          ?   googleId?: String,
          ?   appleId?: String,
          ?   AND?: UserWhereInput | UserWhereInput[],
          ?   OR?: UserWhereInput[],
          ?   NOT?: UserWhereInput | UserWhereInput[],
          ?   fullName?: StringFilter | String,
          ?   badgeId?: StringFilter | String,
          ?   password?: StringNullableFilter | String | Null,
          ?   phone?: StringNullableFilter | String | Null,
          ?   avatar?: StringFilter | String,
          ?   roleId?: IntNullableFilter | Int | Null,
          ?   status?: EnumUserStatusFilter | UserStatus,
          ?   mfaEnabled?: BoolFilter | Boolean,
          ?   failedLoginAttempts?: IntFilter | Int,
          ?   lastPasswordChange?: DateTimeFilter | DateTime,
          ?   organizationId?: StringNullableFilter | String | Null,
          ?   createdAt?: DateTimeFilter | DateTime,
          ?   updatedAt?: DateTimeFilter | DateTime,
          ?   role?: RoleNullableScalarRelationFilter | RoleWhereInput | Null,
          ?   organization?: OrganizationNullableScalarRelationFilter | OrganizationWhereInput | Null,
          ?   refreshTokens?: RefreshTokenListRelationFilter,
          ?   auditLogs?: AuditLogListRelationFilter,
          ?   newsArticles?: NewsListRelationFilter,
          ?   settingsUpdated?: SystemSettingListRelationFilter,
          ?   reportsCreated?: ReportExportListRelationFilter,
          ?   passwordResetTokens?: PasswordResetTokenListRelationFilter
            }
          })

Argument `where` of type UserWhereUniqueInput needs at least one of `id`, `username`, `email`, `googleId` or `appleId` arguments. Available options are marked with ?.
    at resetPassword (E:\smart-city-sos-cambodia\backend\src\controllers\auth.controller.js:472:13)
2026-08-15 00:40:18 [ERROR] Reset password error: 
Invalid `prisma.user.findUnique()` invocation in
E:\smart-city-sos-cambodia\backend\src\services\auth.service.js:523:31

  520 // Find user
  521 // ===========================
  522 const user =
→ 523     await prisma.user.findUnique({
            where: {
              id: undefined,
          ?   username?: String,
          ?   email?: String,
          ?   googleId?: String,
          ?   appleId?: String,
          ?   AND?: UserWhereInput | UserWhereInput[],
          ?   OR?: UserWhereInput[],
          ?   NOT?: UserWhereInput | UserWhereInput[],
          ?   fullName?: StringFilter | String,
          ?   badgeId?: StringFilter | String,
          ?   password?: StringNullableFilter | String | Null,
          ?   phone?: StringNullableFilter | String | Null,
          ?   avatar?: StringFilter | String,
          ?   roleId?: IntNullableFilter | Int | Null,
          ?   status?: EnumUserStatusFilter | UserStatus,
          ?   mfaEnabled?: BoolFilter | Boolean,
          ?   failedLoginAttempts?: IntFilter | Int,
          ?   lastPasswordChange?: DateTimeFilter | DateTime,
          ?   organizationId?: StringNullableFilter | String | Null,
          ?   createdAt?: DateTimeFilter | DateTime,
          ?   updatedAt?: DateTimeFilter | DateTime,
          ?   role?: RoleNullableScalarRelationFilter | RoleWhereInput | Null,
          ?   organization?: OrganizationNullableScalarRelationFilter | OrganizationWhereInput | Null,
          ?   refreshTokens?: RefreshTokenListRelationFilter,
          ?   auditLogs?: AuditLogListRelationFilter,
          ?   newsArticles?: NewsListRelationFilter,
          ?   settingsUpdated?: SystemSettingListRelationFilter,
          ?   reportsCreated?: ReportExportListRelationFilter,
          ?   passwordResetTokens?: PasswordResetTokenListRelationFilter
            }
          })

Argument `where` of type UserWhereUniqueInput needs at least one of `id`, `username`, `email`, `googleId` or `appleId` arguments. Available options are marked with ?.
2026-08-15 00:40:18 [ERROR] Reset password controller error: 
Invalid `prisma.user.findUnique()` invocation in
E:\smart-city-sos-cambodia\backend\src\services\auth.service.js:523:31

  520 // Find user
  521 // ===========================
  522 const user =
→ 523     await prisma.user.findUnique({
            where: {
              id: undefined,
          ?   username?: String,
          ?   email?: String,
          ?   googleId?: String,
          ?   appleId?: String,
          ?   AND?: UserWhereInput | UserWhereInput[],
          ?   OR?: UserWhereInput[],
          ?   NOT?: UserWhereInput | UserWhereInput[],
          ?   fullName?: StringFilter | String,
          ?   badgeId?: StringFilter | String,
          ?   password?: StringNullableFilter | String | Null,
          ?   phone?: StringNullableFilter | String | Null,
          ?   avatar?: StringFilter | String,
          ?   roleId?: IntNullableFilter | Int | Null,
          ?   status?: EnumUserStatusFilter | UserStatus,
          ?   mfaEnabled?: BoolFilter | Boolean,
          ?   failedLoginAttempts?: IntFilter | Int,
          ?   lastPasswordChange?: DateTimeFilter | DateTime,
          ?   organizationId?: StringNullableFilter | String | Null,
          ?   createdAt?: DateTimeFilter | DateTime,
          ?   updatedAt?: DateTimeFilter | DateTime,
          ?   role?: RoleNullableScalarRelationFilter | RoleWhereInput | Null,
          ?   organization?: OrganizationNullableScalarRelationFilter | OrganizationWhereInput | Null,
          ?   refreshTokens?: RefreshTokenListRelationFilter,
          ?   auditLogs?: AuditLogListRelationFilter,
          ?   newsArticles?: NewsListRelationFilter,
          ?   settingsUpdated?: SystemSettingListRelationFilter,
          ?   reportsCreated?: ReportExportListRelationFilter,
          ?   passwordResetTokens?: PasswordResetTokenListRelationFilter
            }
          })

Argument `where` of type UserWhereUniqueInput needs at least one of `id`, `username`, `email`, `googleId` or `appleId` arguments. Available options are marked with ?.
2026-08-15 00:40:18 [ERROR] Error: 
Invalid `prisma.user.findUnique()` invocation in
E:\smart-city-sos-cambodia\backend\src\services\auth.service.js:523:31

  520 // Find user
  521 // ===========================
  522 const user =
→ 523     await prisma.user.findUnique({
            where: {
              id: undefined,
          ?   username?: String,
          ?   email?: String,
          ?   googleId?: String,
          ?   appleId?: String,
          ?   AND?: UserWhereInput | UserWhereInput[],
          ?   OR?: UserWhereInput[],
          ?   NOT?: UserWhereInput | UserWhereInput[],
          ?   fullName?: StringFilter | String,
          ?   badgeId?: StringFilter | String,
          ?   password?: StringNullableFilter | String | Null,
          ?   phone?: StringNullableFilter | String | Null,
          ?   avatar?: StringFilter | String,
          ?   roleId?: IntNullableFilter | Int | Null,
          ?   status?: EnumUserStatusFilter | UserStatus,
          ?   mfaEnabled?: BoolFilter | Boolean,
          ?   failedLoginAttempts?: IntFilter | Int,
          ?   lastPasswordChange?: DateTimeFilter | DateTime,
          ?   organizationId?: StringNullableFilter | String | Null,
          ?   createdAt?: DateTimeFilter | DateTime,
          ?   updatedAt?: DateTimeFilter | DateTime,
          ?   role?: RoleNullableScalarRelationFilter | RoleWhereInput | Null,
          ?   organization?: OrganizationNullableScalarRelationFilter | OrganizationWhereInput | Null,
          ?   refreshTokens?: RefreshTokenListRelationFilter,
          ?   auditLogs?: AuditLogListRelationFilter,
          ?   newsArticles?: NewsListRelationFilter,
          ?   settingsUpdated?: SystemSettingListRelationFilter,
          ?   reportsCreated?: ReportExportListRelationFilter,
          ?   passwordResetTokens?: PasswordResetTokenListRelationFilter
            }
          })

Argument `where` of type UserWhereUniqueInput needs at least one of `id`, `username`, `email`, `googleId` or `appleId` arguments. Available options are marked with ?. {"statusCode":400,"path":"/api/auth/reset-password","method":"POST","ip":"127.0.0.1","user":"anonymous"}
Error: 
Invalid `prisma.user.findUnique()` invocation in
E:\smart-city-sos-cambodia\backend\src\services\auth.service.js:523:31

  520 // Find user
  521 // ===========================
  522 const user =
→ 523     await prisma.user.findUnique({
            where: {
              id: undefined,
          ?   username?: String,
          ?   email?: String,
          ?   googleId?: String,
          ?   appleId?: String,
          ?   AND?: UserWhereInput | UserWhereInput[],
          ?   OR?: UserWhereInput[],
          ?   NOT?: UserWhereInput | UserWhereInput[],
          ?   fullName?: StringFilter | String,
          ?   badgeId?: StringFilter | String,
          ?   password?: StringNullableFilter | String | Null,
          ?   phone?: StringNullableFilter | String | Null,
          ?   avatar?: StringFilter | String,
          ?   roleId?: IntNullableFilter | Int | Null,
          ?   status?: EnumUserStatusFilter | UserStatus,
          ?   mfaEnabled?: BoolFilter | Boolean,
          ?   failedLoginAttempts?: IntFilter | Int,
          ?   lastPasswordChange?: DateTimeFilter | DateTime,
          ?   organizationId?: StringNullableFilter | String | Null,
          ?   createdAt?: DateTimeFilter | DateTime,
          ?   updatedAt?: DateTimeFilter | DateTime,
          ?   role?: RoleNullableScalarRelationFilter | RoleWhereInput | Null,
          ?   organization?: OrganizationNullableScalarRelationFilter | OrganizationWhereInput | Null,
          ?   refreshTokens?: RefreshTokenListRelationFilter,
          ?   auditLogs?: AuditLogListRelationFilter,
          ?   newsArticles?: NewsListRelationFilter,
          ?   settingsUpdated?: SystemSettingListRelationFilter,
          ?   reportsCreated?: ReportExportListRelationFilter,
          ?   passwordResetTokens?: PasswordResetTokenListRelationFilter
            }
          })

Argument `where` of type UserWhereUniqueInput needs at least one of `id`, `username`, `email`, `googleId` or `appleId` arguments. Available options are marked with ?.
    at resetPassword (E:\smart-city-sos-cambodia\backend\src\controllers\auth.controller.js:472:13)
2026-08-17 10:14:54 [ERROR] Error: next is not a function {"statusCode":500,"path":"/api/agents","method":"GET","ip":"127.0.0.1","user":"fcfa02f2-ed60-47a0-9206-796a4dba82d3"}
TypeError: next is not a function
    at exports.getAllAgents (E:\smart-city-sos-cambodia\backend\src\services\agent.service.js:22:9)
    at async exports.getAllAgents (E:\smart-city-sos-cambodia\backend\src\controllers\agent.controller.js:10:13)
2026-08-17 10:14:54 [ERROR] Error: next is not a function {"statusCode":500,"path":"/api/agents","method":"GET","ip":"127.0.0.1","user":"fcfa02f2-ed60-47a0-9206-796a4dba82d3"}
TypeError: next is not a function
    at exports.getAllAgents (E:\smart-city-sos-cambodia\backend\src\services\agent.service.js:22:9)
    at async exports.getAllAgents (E:\smart-city-sos-cambodia\backend\src\controllers\agent.controller.js:10:13)
2026-08-17 10:14:55 [ERROR] Error: next is not a function {"statusCode":500,"path":"/api/agents","method":"GET","ip":"127.0.0.1","user":"fcfa02f2-ed60-47a0-9206-796a4dba82d3"}
TypeError: next is not a function
    at exports.getAllAgents (E:\smart-city-sos-cambodia\backend\src\services\agent.service.js:22:9)
    at async exports.getAllAgents (E:\smart-city-sos-cambodia\backend\src\controllers\agent.controller.js:10:13)
2026-08-17 10:14:56 [ERROR] Error: next is not a function {"statusCode":500,"path":"/api/agents","method":"GET","ip":"127.0.0.1","user":"fcfa02f2-ed60-47a0-9206-796a4dba82d3"}
TypeError: next is not a function
    at exports.getAllAgents (E:\smart-city-sos-cambodia\backend\src\services\agent.service.js:22:9)
    at async exports.getAllAgents (E:\smart-city-sos-cambodia\backend\src\controllers\agent.controller.js:10:13)
2026-08-20 22:07:43 [ERROR] Refresh token error: jwt malformed
2026-08-20 22:07:43 [ERROR] Error: jwt malformed {"statusCode":401,"path":"/api/auth/refresh","method":"POST","ip":"127.0.0.1","user":"anonymous"}
Error: jwt malformed
    at refresh (E:\smart-city-sos-cambodia\backend\src\controllers\auth.controller.js:198:14)
    at process.processTicksAndRejections (node:internal/process/task_queues:95:5)
2026-08-20 22:17:45 [ERROR] Email already registered
2026-08-20 22:17:45 [ERROR] Error: Email already registered {"statusCode":500,"path":"/api/auth/register","method":"POST","ip":"127.0.0.1","user":"anonymous"}
Error: Email already registered
    at Object.register (E:\smart-city-sos-cambodia\backend\src\services\auth.service.js:103:19)
    at async register (E:\smart-city-sos-cambodia\backend\src\controllers\auth.controller.js:67:24)
2026-08-20 22:21:11 [ERROR] Login error: Please verify your email before logging in.
2026-08-20 22:21:11 [ERROR] Error: Invalid email or password {"statusCode":401,"path":"/api/auth/login","method":"POST","ip":"127.0.0.1","user":"anonymous"}
Error: Invalid email or password
    at login (E:\smart-city-sos-cambodia\backend\src\controllers\auth.controller.js:166:13)
2026-08-20 22:21:17 [ERROR] Login error: Please verify your email before logging in.
2026-08-20 22:21:17 [ERROR] Error: Invalid email or password {"statusCode":401,"path":"/api/auth/login","method":"POST","ip":"127.0.0.1","user":"anonymous"}
Error: Invalid email or password
    at login (E:\smart-city-sos-cambodia\backend\src\controllers\auth.controller.js:166:13)
2026-08-20 22:21:20 [ERROR] Login error: Please verify your email before logging in.
2026-08-20 22:21:20 [ERROR] Error: Invalid email or password {"statusCode":401,"path":"/api/auth/login","method":"POST","ip":"127.0.0.1","user":"anonymous"}
Error: Invalid email or password
    at login (E:\smart-city-sos-cambodia\backend\src\controllers\auth.controller.js:166:13)
2026-08-20 22:23:59 [ERROR] Email already registered
2026-08-20 22:23:59 [ERROR] Error: Email already registered {"statusCode":500,"path":"/api/auth/register","method":"POST","ip":"127.0.0.1","user":"anonymous"}
Error: Email already registered
    at Object.register (E:\smart-city-sos-cambodia\backend\src\services\auth.service.js:103:19)
    at async register (E:\smart-city-sos-cambodia\backend\src\controllers\auth.controller.js:67:24)
2026-08-20 23:14:29 [ERROR] Email verification error: Cannot read properties of undefined (reading 'token')
2026-08-20 23:14:29 [ERROR] Error: Cannot read properties of undefined (reading 'token') {"statusCode":400,"path":"/api/auth/verify","method":"GET","ip":"127.0.0.1","user":"anonymous"}
Error: Cannot read properties of undefined (reading 'token')
    at verifyEmail (E:\smart-city-sos-cambodia\backend\src\controllers\auth.controller.js:540:13)
    at Layer.handleRequest (E:\smart-city-sos-cambodia\backend\node_modules\router\lib\layer.js:152:17)
    at next (E:\smart-city-sos-cambodia\backend\node_modules\router\lib\route.js:157:13)
    at Route.dispatch (E:\smart-city-sos-cambodia\backend\node_modules\router\lib\route.js:117:3)
    at handle (E:\smart-city-sos-cambodia\backend\node_modules\router\index.js:435:11)
    at Layer.handleRequest (E:\smart-city-sos-cambodia\backend\node_modules\router\lib\layer.js:152:17)
    at E:\smart-city-sos-cambodia\backend\node_modules\router\index.js:295:15
    at processParams (E:\smart-city-sos-cambodia\backend\node_modules\router\index.js:582:12)
    at next (E:\smart-city-sos-cambodia\backend\node_modules\router\index.js:291:5)
    at Function.handle (E:\smart-city-sos-cambodia\backend\node_modules\router\index.js:186:3)
2026-08-20 23:17:15 [ERROR] Email verification error: Cannot read properties of undefined (reading 'token')
2026-08-20 23:17:15 [ERROR] Error: Cannot read properties of undefined (reading 'token') {"statusCode":400,"path":"/api/auth/verify","method":"GET","ip":"127.0.0.1","user":"anonymous"}
Error: Cannot read properties of undefined (reading 'token')
    at verifyEmail (E:\smart-city-sos-cambodia\backend\src\controllers\auth.controller.js:540:13)
    at Layer.handleRequest (E:\smart-city-sos-cambodia\backend\node_modules\router\lib\layer.js:152:17)
    at next (E:\smart-city-sos-cambodia\backend\node_modules\router\lib\route.js:157:13)
    at Route.dispatch (E:\smart-city-sos-cambodia\backend\node_modules\router\lib\route.js:117:3)
    at handle (E:\smart-city-sos-cambodia\backend\node_modules\router\index.js:435:11)
    at Layer.handleRequest (E:\smart-city-sos-cambodia\backend\node_modules\router\lib\layer.js:152:17)
    at E:\smart-city-sos-cambodia\backend\node_modules\router\index.js:295:15
    at processParams (E:\smart-city-sos-cambodia\backend\node_modules\router\index.js:582:12)
    at next (E:\smart-city-sos-cambodia\backend\node_modules\router\index.js:291:5)
    at Function.handle (E:\smart-city-sos-cambodia\backend\node_modules\router\index.js:186:3)
2026-08-20 23:17:16 [ERROR] Email verification error: Cannot read properties of undefined (reading 'token')
2026-08-20 23:17:16 [ERROR] Error: Cannot read properties of undefined (reading 'token') {"statusCode":400,"path":"/api/auth/verify","method":"GET","ip":"127.0.0.1","user":"anonymous"}
Error: Cannot read properties of undefined (reading 'token')
    at verifyEmail (E:\smart-city-sos-cambodia\backend\src\controllers\auth.controller.js:540:13)
    at Layer.handleRequest (E:\smart-city-sos-cambodia\backend\node_modules\router\lib\layer.js:152:17)
    at next (E:\smart-city-sos-cambodia\backend\node_modules\router\lib\route.js:157:13)
    at Route.dispatch (E:\smart-city-sos-cambodia\backend\node_modules\router\lib\route.js:117:3)
    at handle (E:\smart-city-sos-cambodia\backend\node_modules\router\index.js:435:11)
    at Layer.handleRequest (E:\smart-city-sos-cambodia\backend\node_modules\router\lib\layer.js:152:17)
    at E:\smart-city-sos-cambodia\backend\node_modules\router\index.js:295:15
    at processParams (E:\smart-city-sos-cambodia\backend\node_modules\router\index.js:582:12)
    at next (E:\smart-city-sos-cambodia\backend\node_modules\router\index.js:291:5)
    at Function.handle (E:\smart-city-sos-cambodia\backend\node_modules\router\index.js:186:3)
2026-08-20 23:20:40 [ERROR] Refresh token error: jwt malformed
2026-08-20 23:20:40 [ERROR] Error: jwt malformed {"statusCode":401,"path":"/api/auth/refresh","method":"POST","ip":"127.0.0.1","user":"anonymous"}
Error: jwt malformed
    at refresh (E:\smart-city-sos-cambodia\backend\src\controllers\auth.controller.js:210:13)
    at process.processTicksAndRejections (node:internal/process/task_queues:95:5)
2026-08-21 12:34:54 [ERROR] Verify email error: Invalid verification token
2026-08-21 12:34:54 [ERROR] Email verification error: Invalid verification token
2026-08-21 12:34:54 [ERROR] Error: Invalid verification token {"statusCode":400,"path":"/api/auth/verify","method":"GET","ip":"127.0.0.1","user":"anonymous"}
Error: Invalid verification token
    at verifyEmail (E:\smart-city-sos-cambodia\backend\src\controllers\auth.controller.js:534:13)
2026-08-21 12:48:51 [ERROR] Verify email error: Invalid verification token
2026-08-21 12:48:51 [ERROR] Email verification error: Invalid verification token
2026-08-21 12:48:51 [ERROR] Error: Invalid verification token {"statusCode":400,"path":"/api/auth/verify","method":"GET","ip":"127.0.0.1","user":"anonymous"}
Error: Invalid verification token
    at verifyEmail (E:\smart-city-sos-cambodia\backend\src\controllers\auth.controller.js:559:13)
2026-08-21 12:49:04 [ERROR] Verify email error: Invalid verification token
2026-08-21 12:49:04 [ERROR] Email verification error: Invalid verification token
2026-08-21 12:49:04 [ERROR] Error: Invalid verification token {"statusCode":400,"path":"/api/auth/verify","method":"GET","ip":"127.0.0.1","user":"anonymous"}
Error: Invalid verification token
    at verifyEmail (E:\smart-city-sos-cambodia\backend\src\controllers\auth.controller.js:559:13)
2026-08-21 12:49:28 [ERROR] Refresh token error: jwt malformed
2026-08-21 12:49:28 [ERROR] Error: jwt malformed {"statusCode":401,"path":"/api/auth/refresh","method":"POST","ip":"127.0.0.1","user":"anonymous"}
Error: jwt malformed
    at refresh (E:\smart-city-sos-cambodia\backend\src\controllers\auth.controller.js:235:13)
    at process.processTicksAndRejections (node:internal/process/task_queues:95:5)
2026-08-21 12:49:55 [ERROR] Refresh token error: jwt malformed
2026-08-21 12:49:55 [ERROR] Error: jwt malformed {"statusCode":401,"path":"/api/auth/refresh","method":"POST","ip":"127.0.0.1","user":"anonymous"}
Error: jwt malformed
    at refresh (E:\smart-city-sos-cambodia\backend\src\controllers\auth.controller.js:235:13)
    at process.processTicksAndRejections (node:internal/process/task_queues:95:5)
2026-08-21 12:50:18 [ERROR] Login error: Please verify your email before logging in.
2026-08-21 12:50:18 [ERROR] Error: Invalid email or password {"statusCode":401,"path":"/api/auth/login","method":"POST","ip":"127.0.0.1","user":"anonymous"}
Error: Invalid email or password
    at login (E:\smart-city-sos-cambodia\backend\src\controllers\auth.controller.js:166:13)
2026-08-21 12:50:25 [ERROR] Login error: Please verify your email before logging in.
2026-08-21 12:50:25 [ERROR] Error: Invalid email or password {"statusCode":401,"path":"/api/auth/login","method":"POST","ip":"127.0.0.1","user":"anonymous"}
Error: Invalid email or password
    at login (E:\smart-city-sos-cambodia\backend\src\controllers\auth.controller.js:166:13)
2026-08-21 12:50:27 [ERROR] Login error: Please verify your email before logging in.
2026-08-21 12:50:27 [ERROR] Error: Invalid email or password {"statusCode":401,"path":"/api/auth/login","method":"POST","ip":"127.0.0.1","user":"anonymous"}
Error: Invalid email or password
    at login (E:\smart-city-sos-cambodia\backend\src\controllers\auth.controller.js:166:13)
2026-08-21 12:50:28 [ERROR] Login error: Please verify your email before logging in.
2026-08-21 12:50:28 [ERROR] Error: Invalid email or password {"statusCode":401,"path":"/api/auth/login","method":"POST","ip":"127.0.0.1","user":"anonymous"}
Error: Invalid email or password
    at login (E:\smart-city-sos-cambodia\backend\src\controllers\auth.controller.js:166:13)
2026-08-21 12:50:29 [ERROR] Login error: Please verify your email before logging in.
2026-08-21 12:50:29 [ERROR] Error: Invalid email or password {"statusCode":401,"path":"/api/auth/login","method":"POST","ip":"127.0.0.1","user":"anonymous"}
Error: Invalid email or password
    at login (E:\smart-city-sos-cambodia\backend\src\controllers\auth.controller.js:166:13)
2026-08-21 12:50:29 [ERROR] Login error: Please verify your email before logging in.
2026-08-21 12:50:29 [ERROR] Error: Invalid email or password {"statusCode":401,"path":"/api/auth/login","method":"POST","ip":"127.0.0.1","user":"anonymous"}
Error: Invalid email or password
    at login (E:\smart-city-sos-cambodia\backend\src\controllers\auth.controller.js:166:13)
2026-08-21 12:51:38 [ERROR] Login error: Please verify your email before logging in.
2026-08-21 12:51:38 [ERROR] Error: Invalid email or password {"statusCode":401,"path":"/api/auth/login","method":"POST","ip":"127.0.0.1","user":"anonymous"}
Error: Invalid email or password
    at login (E:\smart-city-sos-cambodia\backend\src\controllers\auth.controller.js:166:13)
2026-08-21 12:53:44 [ERROR] Login error: Please verify your email before logging in.
2026-08-21 12:53:44 [ERROR] Error: Invalid email or password {"statusCode":401,"path":"/api/auth/login","method":"POST","ip":"127.0.0.1","user":"anonymous"}
Error: Invalid email or password
    at login (E:\smart-city-sos-cambodia\backend\src\controllers\auth.controller.js:166:13)
2026-08-21 12:56:46 [ERROR] Refresh token error: jwt malformed
2026-08-21 12:56:46 [ERROR] Error: jwt malformed {"statusCode":401,"path":"/api/auth/refresh","method":"POST","ip":"127.0.0.1","user":"anonymous"}
Error: jwt malformed
    at refresh (E:\smart-city-sos-cambodia\backend\src\controllers\auth.controller.js:204:13)
    at process.processTicksAndRejections (node:internal/process/task_queues:95:5)
2026-08-21 13:10:05 [ERROR] Refresh token error: jwt malformed
2026-08-21 13:10:05 [ERROR] Error: jwt malformed {"statusCode":401,"path":"/api/auth/refresh","method":"POST","ip":"127.0.0.1","user":"anonymous"}
Error: jwt malformed
    at refresh (E:\smart-city-sos-cambodia\backend\src\controllers\auth.controller.js:204:13)
    at process.processTicksAndRejections (node:internal/process/task_queues:95:5)
2026-08-21 13:11:35 [ERROR] Refresh token error: jwt malformed
2026-08-21 13:11:35 [ERROR] Error: jwt malformed {"statusCode":401,"path":"/api/auth/refresh","method":"POST","ip":"127.0.0.1","user":"anonymous"}
Error: jwt malformed
    at refresh (E:\smart-city-sos-cambodia\backend\src\controllers\auth.controller.js:204:13)
    at process.processTicksAndRejections (node:internal/process/task_queues:95:5)
2026-08-21 13:11:46 [ERROR] Login error: Invalid credentials
2026-08-21 13:11:46 [ERROR] Error: Invalid credentials {"statusCode":401,"path":"/api/auth/login","method":"POST","ip":"127.0.0.1","user":"anonymous"}
Error: Invalid credentials
    at login (E:\smart-city-sos-cambodia\backend\src\controllers\auth.controller.js:160:13)
2026-08-21 13:16:14 [ERROR] Refresh token error: jwt malformed
2026-08-21 13:16:14 [ERROR] Error: jwt malformed {"statusCode":401,"path":"/api/auth/refresh","method":"POST","ip":"127.0.0.1","user":"anonymous"}
Error: jwt malformed
    at refresh (E:\smart-city-sos-cambodia\backend\src\controllers\auth.controller.js:204:13)
    at process.processTicksAndRejections (node:internal/process/task_queues:95:5)
2026-08-21 13:18:49 [ERROR] Refresh token error: jwt malformed
2026-08-21 13:18:49 [ERROR] Error: jwt malformed {"statusCode":401,"path":"/api/auth/refresh","method":"POST","ip":"127.0.0.1","user":"anonymous"}
Error: jwt malformed
    at refresh (E:\smart-city-sos-cambodia\backend\src\controllers\auth.controller.js:204:13)
    at process.processTicksAndRejections (node:internal/process/task_queues:95:5)
2026-08-21 13:25:31 [ERROR] Refresh token error: jwt malformed
2026-08-21 13:25:31 [ERROR] Error: jwt malformed {"statusCode":401,"path":"/api/auth/refresh","method":"POST","ip":"127.0.0.1","user":"anonymous"}
Error: jwt malformed
    at refresh (E:\smart-city-sos-cambodia\backend\src\controllers\auth.controller.js:204:13)
    at process.processTicksAndRejections (node:internal/process/task_queues:95:5)
2026-08-21 13:30:17 [ERROR] Refresh token error: jwt malformed
2026-08-21 13:30:17 [ERROR] Error: jwt malformed {"statusCode":401,"path":"/api/auth/refresh","method":"POST","ip":"127.0.0.1","user":"anonymous"}
Error: jwt malformed
    at refresh (E:\smart-city-sos-cambodia\backend\src\controllers\auth.controller.js:204:13)
    at process.processTicksAndRejections (node:internal/process/task_queues:95:5)
2026-08-21 13:31:13 [ERROR] Refresh token error: jwt malformed
2026-08-21 13:31:13 [ERROR] Error: jwt malformed {"statusCode":401,"path":"/api/auth/refresh","method":"POST","ip":"127.0.0.1","user":"anonymous"}
Error: jwt malformed
    at refresh (E:\smart-city-sos-cambodia\backend\src\controllers\auth.controller.js:204:13)
    at process.processTicksAndRejections (node:internal/process/task_queues:95:5)
2026-08-21 13:33:09 [ERROR] Verify email error: Invalid verification token
2026-08-21 13:33:09 [ERROR] Email verification error: Invalid verification token
2026-08-21 13:33:09 [ERROR] Error: Invalid verification token {"statusCode":400,"path":"/api/auth/verify","method":"GET","ip":"127.0.0.1","user":"anonymous"}
Error: Invalid verification token
    at verifyEmail (E:\smart-city-sos-cambodia\backend\src\controllers\auth.controller.js:534:13)
2026-08-21 13:33:21 [ERROR] Error: next is not a function {"statusCode":500,"path":"/api/agents","method":"GET","ip":"127.0.0.1","user":"fcfa02f2-ed60-47a0-9206-796a4dba82d3"}
TypeError: next is not a function
    at exports.getAllAgents (E:\smart-city-sos-cambodia\backend\src\services\agent.service.js:22:9)
    at async exports.getAllAgents (E:\smart-city-sos-cambodia\backend\src\controllers\agent.controller.js:10:13)
2026-08-21 13:33:22 [ERROR] Error: next is not a function {"statusCode":500,"path":"/api/agents","method":"GET","ip":"127.0.0.1","user":"fcfa02f2-ed60-47a0-9206-796a4dba82d3"}
TypeError: next is not a function
    at exports.getAllAgents (E:\smart-city-sos-cambodia\backend\src\services\agent.service.js:22:9)
    at async exports.getAllAgents (E:\smart-city-sos-cambodia\backend\src\controllers\agent.controller.js:10:13)
2026-08-21 13:33:23 [ERROR] Error: next is not a function {"statusCode":500,"path":"/api/agents","method":"GET","ip":"127.0.0.1","user":"fcfa02f2-ed60-47a0-9206-796a4dba82d3"}
TypeError: next is not a function
    at exports.getAllAgents (E:\smart-city-sos-cambodia\backend\src\services\agent.service.js:22:9)
    at async exports.getAllAgents (E:\smart-city-sos-cambodia\backend\src\controllers\agent.controller.js:10:13)
2026-08-21 13:33:24 [ERROR] Error: next is not a function {"statusCode":500,"path":"/api/agents","method":"GET","ip":"127.0.0.1","user":"fcfa02f2-ed60-47a0-9206-796a4dba82d3"}
TypeError: next is not a function
    at exports.getAllAgents (E:\smart-city-sos-cambodia\backend\src\services\agent.service.js:22:9)
    at async exports.getAllAgents (E:\smart-city-sos-cambodia\backend\src\controllers\agent.controller.js:10:13)
2026-08-21 14:05:18 [ERROR] Error: validatePhone is not defined {"statusCode":500,"path":"/api/auth/register","method":"POST","ip":"127.0.0.1","user":"anonymous"}
ReferenceError: validatePhone is not defined
    at register (E:\smart-city-sos-cambodia\backend\src\controllers\auth.controller.js:99:9)
    at Layer.handleRequest (E:\smart-city-sos-cambodia\backend\node_modules\router\lib\layer.js:152:17)
    at next (E:\smart-city-sos-cambodia\backend\node_modules\router\lib\route.js:157:13)
    at E:\smart-city-sos-cambodia\backend\src\middleware\validator.js:24:9
    at Layer.handleRequest (E:\smart-city-sos-cambodia\backend\node_modules\router\lib\layer.js:152:17)
    at next (E:\smart-city-sos-cambodia\backend\node_modules\router\lib\route.js:157:13)
    at E:\smart-city-sos-cambodia\backend\node_modules\express-rate-limit\dist\index.cjs:999:7
    at process.processTicksAndRejections (node:internal/process/task_queues:95:5)
    at async E:\smart-city-sos-cambodia\backend\node_modules\express-rate-limit\dist\index.cjs:854:5
2026-08-21 14:05:29 [ERROR] Error: validatePhone is not defined {"statusCode":500,"path":"/api/auth/register","method":"POST","ip":"127.0.0.1","user":"anonymous"}
ReferenceError: validatePhone is not defined
    at register (E:\smart-city-sos-cambodia\backend\src\controllers\auth.controller.js:99:9)
    at Layer.handleRequest (E:\smart-city-sos-cambodia\backend\node_modules\router\lib\layer.js:152:17)
    at next (E:\smart-city-sos-cambodia\backend\node_modules\router\lib\route.js:157:13)
    at E:\smart-city-sos-cambodia\backend\src\middleware\validator.js:24:9
    at Layer.handleRequest (E:\smart-city-sos-cambodia\backend\node_modules\router\lib\layer.js:152:17)
    at next (E:\smart-city-sos-cambodia\backend\node_modules\router\lib\route.js:157:13)
    at E:\smart-city-sos-cambodia\backend\node_modules\express-rate-limit\dist\index.cjs:999:7
    at process.processTicksAndRejections (node:internal/process/task_queues:95:5)
    at async E:\smart-city-sos-cambodia\backend\node_modules\express-rate-limit\dist\index.cjs:854:5
2026-08-21 14:05:34 [ERROR] Error: validatePhone is not defined {"statusCode":500,"path":"/api/auth/register","method":"POST","ip":"127.0.0.1","user":"anonymous"}
ReferenceError: validatePhone is not defined
    at register (E:\smart-city-sos-cambodia\backend\src\controllers\auth.controller.js:99:9)
    at Layer.handleRequest (E:\smart-city-sos-cambodia\backend\node_modules\router\lib\layer.js:152:17)
    at next (E:\smart-city-sos-cambodia\backend\node_modules\router\lib\route.js:157:13)
    at E:\smart-city-sos-cambodia\backend\src\middleware\validator.js:24:9
    at Layer.handleRequest (E:\smart-city-sos-cambodia\backend\node_modules\router\lib\layer.js:152:17)
    at next (E:\smart-city-sos-cambodia\backend\node_modules\router\lib\route.js:157:13)
    at E:\smart-city-sos-cambodia\backend\node_modules\express-rate-limit\dist\index.cjs:999:7
    at process.processTicksAndRejections (node:internal/process/task_queues:95:5)
    at async E:\smart-city-sos-cambodia\backend\node_modules\express-rate-limit\dist\index.cjs:854:5
2026-08-21 14:05:45 [ERROR] Error: validatePhone is not defined {"statusCode":500,"path":"/api/auth/register","method":"POST","ip":"127.0.0.1","user":"anonymous"}
ReferenceError: validatePhone is not defined
    at register (E:\smart-city-sos-cambodia\backend\src\controllers\auth.controller.js:99:9)
    at Layer.handleRequest (E:\smart-city-sos-cambodia\backend\node_modules\router\lib\layer.js:152:17)
    at next (E:\smart-city-sos-cambodia\backend\node_modules\router\lib\route.js:157:13)
    at E:\smart-city-sos-cambodia\backend\src\middleware\validator.js:24:9
    at Layer.handleRequest (E:\smart-city-sos-cambodia\backend\node_modules\router\lib\layer.js:152:17)
    at next (E:\smart-city-sos-cambodia\backend\node_modules\router\lib\route.js:157:13)
    at E:\smart-city-sos-cambodia\backend\node_modules\express-rate-limit\dist\index.cjs:999:7
    at process.processTicksAndRejections (node:internal/process/task_queues:95:5)
    at async E:\smart-city-sos-cambodia\backend\node_modules\express-rate-limit\dist\index.cjs:854:5
2026-08-21 14:05:55 [ERROR] Error: validatePhone is not defined {"statusCode":500,"path":"/api/auth/register","method":"POST","ip":"127.0.0.1","user":"anonymous"}
ReferenceError: validatePhone is not defined
    at register (E:\smart-city-sos-cambodia\backend\src\controllers\auth.controller.js:99:9)
    at Layer.handleRequest (E:\smart-city-sos-cambodia\backend\node_modules\router\lib\layer.js:152:17)
    at next (E:\smart-city-sos-cambodia\backend\node_modules\router\lib\route.js:157:13)
    at E:\smart-city-sos-cambodia\backend\src\middleware\validator.js:24:9
    at Layer.handleRequest (E:\smart-city-sos-cambodia\backend\node_modules\router\lib\layer.js:152:17)
    at next (E:\smart-city-sos-cambodia\backend\node_modules\router\lib\route.js:157:13)
    at E:\smart-city-sos-cambodia\backend\node_modules\express-rate-limit\dist\index.cjs:999:7
    at process.processTicksAndRejections (node:internal/process/task_queues:95:5)
    at async E:\smart-city-sos-cambodia\backend\node_modules\express-rate-limit\dist\index.cjs:854:5
2026-08-21 14:08:11 [ERROR] Error: Invalid phone number format {"statusCode":400,"path":"/api/auth/register","method":"POST","ip":"127.0.0.1","user":"anonymous"}
Error: Invalid phone number format
    at register (E:\smart-city-sos-cambodia\backend\src\controllers\auth.controller.js:100:19)
    at Layer.handleRequest (E:\smart-city-sos-cambodia\backend\node_modules\router\lib\layer.js:152:17)
    at next (E:\smart-city-sos-cambodia\backend\node_modules\router\lib\route.js:157:13)
    at E:\smart-city-sos-cambodia\backend\src\middleware\validator.js:24:9
    at Layer.handleRequest (E:\smart-city-sos-cambodia\backend\node_modules\router\lib\layer.js:152:17)
    at next (E:\smart-city-sos-cambodia\backend\node_modules\router\lib\route.js:157:13)
    at E:\smart-city-sos-cambodia\backend\node_modules\express-rate-limit\dist\index.cjs:999:7
    at process.processTicksAndRejections (node:internal/process/task_queues:95:5)
    at async E:\smart-city-sos-cambodia\backend\node_modules\express-rate-limit\dist\index.cjs:854:5
2026-08-21 14:08:39 [ERROR] Error: Invalid phone number format {"statusCode":400,"path":"/api/auth/register","method":"POST","ip":"127.0.0.1","user":"anonymous"}
Error: Invalid phone number format
    at register (E:\smart-city-sos-cambodia\backend\src\controllers\auth.controller.js:100:19)
    at Layer.handleRequest (E:\smart-city-sos-cambodia\backend\node_modules\router\lib\layer.js:152:17)
    at next (E:\smart-city-sos-cambodia\backend\node_modules\router\lib\route.js:157:13)
    at E:\smart-city-sos-cambodia\backend\src\middleware\validator.js:24:9
    at Layer.handleRequest (E:\smart-city-sos-cambodia\backend\node_modules\router\lib\layer.js:152:17)
    at next (E:\smart-city-sos-cambodia\backend\node_modules\router\lib\route.js:157:13)
    at E:\smart-city-sos-cambodia\backend\node_modules\express-rate-limit\dist\index.cjs:999:7
    at process.processTicksAndRejections (node:internal/process/task_queues:95:5)
    at async E:\smart-city-sos-cambodia\backend\node_modules\express-rate-limit\dist\index.cjs:854:5
2026-08-21 14:09:15 [ERROR] Error: Invalid phone number format {"statusCode":400,"path":"/api/auth/register","method":"POST","ip":"127.0.0.1","user":"anonymous"}
Error: Invalid phone number format
    at register (E:\smart-city-sos-cambodia\backend\src\controllers\auth.controller.js:100:19)
    at Layer.handleRequest (E:\smart-city-sos-cambodia\backend\node_modules\router\lib\layer.js:152:17)
    at next (E:\smart-city-sos-cambodia\backend\node_modules\router\lib\route.js:157:13)
    at E:\smart-city-sos-cambodia\backend\src\middleware\validator.js:24:9
    at Layer.handleRequest (E:\smart-city-sos-cambodia\backend\node_modules\router\lib\layer.js:152:17)
    at next (E:\smart-city-sos-cambodia\backend\node_modules\router\lib\route.js:157:13)
    at E:\smart-city-sos-cambodia\backend\node_modules\express-rate-limit\dist\index.cjs:999:7
    at process.processTicksAndRejections (node:internal/process/task_queues:95:5)
    at async E:\smart-city-sos-cambodia\backend\node_modules\express-rate-limit\dist\index.cjs:854:5
2026-08-21 14:11:06 [ERROR] Verify email error: Invalid verification token
2026-08-21 14:11:06 [ERROR] Error: Invalid verification token {"statusCode":500,"path":"/api/auth/verify","method":"GET","ip":"127.0.0.1","user":"anonymous"}
Error: Invalid verification token
    at Object.verifyEmail (E:\smart-city-sos-cambodia\backend\src\services\auth.service.js:813:19)
    at async verifyEmail (E:\smart-city-sos-cambodia\backend\src\controllers\auth.controller.js:601:13)
2026-08-21 14:37:27 [ERROR] Error: Invalid verification token {"statusCode":500,"path":"/api/auth/verify","method":"GET","ip":"127.0.0.1","user":"anonymous"}
Error: Invalid verification token
    at Object.verifyEmail (E:\smart-city-sos-cambodia\backend\src\services\auth.service.js:825:19)
    at async verifyEmail (E:\smart-city-sos-cambodia\backend\src\controllers\auth.controller.js:601:13)
2026-08-21 14:50:56 [ERROR] Error: Invalid verification token {"statusCode":500,"path":"/api/auth/verify","method":"GET","ip":"127.0.0.1","user":"anonymous"}
Error: Invalid verification token
    at Object.verifyEmail (E:\smart-city-sos-cambodia\backend\src\services\auth.service.js:822:19)
    at async verifyEmail (E:\smart-city-sos-cambodia\backend\src\controllers\auth.controller.js:601:13)
2026-08-21 14:51:06 [ERROR] Error: Invalid verification token {"statusCode":500,"path":"/api/auth/verify","method":"GET","ip":"127.0.0.1","user":"anonymous"}
Error: Invalid verification token
    at Object.verifyEmail (E:\smart-city-sos-cambodia\backend\src\services\auth.service.js:822:19)
    at async verifyEmail (E:\smart-city-sos-cambodia\backend\src\controllers\auth.controller.js:601:13)
2026-08-21 14:51:10 [ERROR] Error: Invalid verification token {"statusCode":500,"path":"/api/auth/verify","method":"GET","ip":"127.0.0.1","user":"anonymous"}
Error: Invalid verification token
    at Object.verifyEmail (E:\smart-city-sos-cambodia\backend\src\services\auth.service.js:822:19)
    at async verifyEmail (E:\smart-city-sos-cambodia\backend\src\controllers\auth.controller.js:601:13)
2026-08-21 14:51:16 [ERROR] Error: Invalid verification token {"statusCode":500,"path":"/api/auth/verify","method":"GET","ip":"127.0.0.1","user":"anonymous"}
Error: Invalid verification token
    at Object.verifyEmail (E:\smart-city-sos-cambodia\backend\src\services\auth.service.js:822:19)
    at async verifyEmail (E:\smart-city-sos-cambodia\backend\src\controllers\auth.controller.js:601:13)
2026-08-21 14:53:59 [ERROR] Error: Invalid verification token {"statusCode":500,"path":"/api/auth/verify","method":"GET","ip":"127.0.0.1","user":"anonymous"}
Error: Invalid verification token
    at Object.verifyEmail (E:\smart-city-sos-cambodia\backend\src\services\auth.service.js:839:19)
    at async verifyEmail (E:\smart-city-sos-cambodia\backend\src\controllers\auth.controller.js:601:13)
2026-08-21 14:54:15 [ERROR] Error: Invalid verification token {"statusCode":500,"path":"/api/auth/verify","method":"GET","ip":"127.0.0.1","user":"anonymous"}
Error: Invalid verification token
    at Object.verifyEmail (E:\smart-city-sos-cambodia\backend\src\services\auth.service.js:839:19)
    at async verifyEmail (E:\smart-city-sos-cambodia\backend\src\controllers\auth.controller.js:601:13)
2026-08-21 14:54:21 [ERROR] Refresh token error: jwt malformed
2026-08-21 14:54:21 [ERROR] Error: jwt malformed {"statusCode":401,"path":"/api/auth/refresh","method":"POST","ip":"127.0.0.1","user":"anonymous"}
Error: jwt malformed
    at refresh (E:\smart-city-sos-cambodia\backend\src\controllers\auth.controller.js:291:13)
    at process.processTicksAndRejections (node:internal/process/task_queues:95:5)
2026-08-21 14:54:44 [ERROR] Error: next is not a function {"statusCode":500,"path":"/api/agents","method":"GET","ip":"127.0.0.1","user":"18a9e506-712c-411f-bc48-420dc75d75bc"}
TypeError: next is not a function
    at exports.getAllAgents (E:\smart-city-sos-cambodia\backend\src\services\agent.service.js:22:9)
    at async exports.getAllAgents (E:\smart-city-sos-cambodia\backend\src\controllers\agent.controller.js:10:13)
2026-08-21 14:54:44 [ERROR] Error: next is not a function {"statusCode":500,"path":"/api/agents","method":"GET","ip":"127.0.0.1","user":"18a9e506-712c-411f-bc48-420dc75d75bc"}
TypeError: next is not a function
    at exports.getAllAgents (E:\smart-city-sos-cambodia\backend\src\services\agent.service.js:22:9)
    at async exports.getAllAgents (E:\smart-city-sos-cambodia\backend\src\controllers\agent.controller.js:10:13)
2026-08-21 14:54:45 [ERROR] Error: next is not a function {"statusCode":500,"path":"/api/agents","method":"GET","ip":"127.0.0.1","user":"18a9e506-712c-411f-bc48-420dc75d75bc"}
TypeError: next is not a function
    at exports.getAllAgents (E:\smart-city-sos-cambodia\backend\src\services\agent.service.js:22:9)
    at async exports.getAllAgents (E:\smart-city-sos-cambodia\backend\src\controllers\agent.controller.js:10:13)
2026-08-21 14:54:47 [ERROR] Error: next is not a function {"statusCode":500,"path":"/api/agents","method":"GET","ip":"127.0.0.1","user":"18a9e506-712c-411f-bc48-420dc75d75bc"}
TypeError: next is not a function
    at exports.getAllAgents (E:\smart-city-sos-cambodia\backend\src\services\agent.service.js:22:9)
    at async exports.getAllAgents (E:\smart-city-sos-cambodia\backend\src\controllers\agent.controller.js:10:13)
2026-08-21 15:01:36 [ERROR] Refresh token error: jwt malformed
2026-08-21 15:01:36 [ERROR] Error: jwt malformed {"statusCode":401,"path":"/api/auth/refresh","method":"POST","ip":"127.0.0.1","user":"anonymous"}
Error: jwt malformed
    at refresh (E:\smart-city-sos-cambodia\backend\src\controllers\auth.controller.js:291:13)
    at process.processTicksAndRejections (node:internal/process/task_queues:95:5)
2026-08-21 15:10:17 [ERROR] Error: Invalid verification token {"statusCode":500,"path":"/api/auth/verify","method":"GET","ip":"127.0.0.1","user":"anonymous"}
Error: Invalid verification token
    at Object.verifyEmail (E:\smart-city-sos-cambodia\backend\src\services\auth.service.js:839:19)
    at async verifyEmail (E:\smart-city-sos-cambodia\backend\src\controllers\auth.controller.js:598:13)
2026-08-21 15:38:22 [ERROR] Error: next is not a function {"statusCode":500,"path":"/api/agents","method":"GET","ip":"127.0.0.1","user":"a0253aa9-cfb5-40a3-94e5-e1154b759ee5"}
TypeError: next is not a function
    at exports.getAllAgents (E:\smart-city-sos-cambodia\backend\src\services\agent.service.js:22:9)
    at async exports.getAllAgents (E:\smart-city-sos-cambodia\backend\src\controllers\agent.controller.js:10:13)
2026-08-21 15:38:23 [ERROR] Error: next is not a function {"statusCode":500,"path":"/api/agents","method":"GET","ip":"127.0.0.1","user":"a0253aa9-cfb5-40a3-94e5-e1154b759ee5"}
TypeError: next is not a function
    at exports.getAllAgents (E:\smart-city-sos-cambodia\backend\src\services\agent.service.js:22:9)
    at async exports.getAllAgents (E:\smart-city-sos-cambodia\backend\src\controllers\agent.controller.js:10:13)
2026-08-21 15:38:24 [ERROR] Error: next is not a function {"statusCode":500,"path":"/api/agents","method":"GET","ip":"127.0.0.1","user":"a0253aa9-cfb5-40a3-94e5-e1154b759ee5"}
TypeError: next is not a function
    at exports.getAllAgents (E:\smart-city-sos-cambodia\backend\src\services\agent.service.js:22:9)
    at async exports.getAllAgents (E:\smart-city-sos-cambodia\backend\src\controllers\agent.controller.js:10:13)
2026-08-21 15:38:25 [ERROR] Error: next is not a function {"statusCode":500,"path":"/api/agents","method":"GET","ip":"127.0.0.1","user":"a0253aa9-cfb5-40a3-94e5-e1154b759ee5"}
TypeError: next is not a function
    at exports.getAllAgents (E:\smart-city-sos-cambodia\backend\src\services\agent.service.js:22:9)
    at async exports.getAllAgents (E:\smart-city-sos-cambodia\backend\src\controllers\agent.controller.js:10:13)
2026-08-21 16:48:43 [ERROR] Refresh token error: jwt malformed
2026-08-21 16:48:43 [ERROR] Error: jwt malformed {"statusCode":401,"path":"/api/auth/refresh","method":"POST","ip":"127.0.0.1","user":"anonymous"}
Error: jwt malformed
    at refresh (E:\smart-city-sos-cambodia\backend\src\controllers\auth.controller.js:323:13)
    at process.processTicksAndRejections (node:internal/process/task_queues:95:5)
2026-08-21 16:49:09 [ERROR] Login error: AppError is not defined
2026-08-21 16:49:09 [ERROR] Error: Invalid email or password {"statusCode":401,"path":"/api/auth/login","method":"POST","ip":"127.0.0.1","user":"anonymous"}
Error: Invalid email or password
    at login (E:\smart-city-sos-cambodia\backend\src\controllers\auth.controller.js:279:13)
2026-08-21 16:49:11 [ERROR] Login error: AppError is not defined
2026-08-21 16:49:11 [ERROR] Error: Invalid email or password {"statusCode":401,"path":"/api/auth/login","method":"POST","ip":"127.0.0.1","user":"anonymous"}
Error: Invalid email or password
    at login (E:\smart-city-sos-cambodia\backend\src\controllers\auth.controller.js:279:13)
2026-08-21 16:49:11 [ERROR] Login error: AppError is not defined
2026-08-21 16:49:11 [ERROR] Error: Invalid email or password {"statusCode":401,"path":"/api/auth/login","method":"POST","ip":"127.0.0.1","user":"anonymous"}
Error: Invalid email or password
    at login (E:\smart-city-sos-cambodia\backend\src\controllers\auth.controller.js:279:13)
2026-08-21 16:51:26 [ERROR] Login error: AppError is not defined
2026-08-21 16:51:26 [ERROR] Error: Invalid email or password {"statusCode":401,"path":"/api/auth/login","method":"POST","ip":"127.0.0.1","user":"anonymous"}
Error: Invalid email or password
    at login (E:\smart-city-sos-cambodia\backend\src\controllers\auth.controller.js:279:13)
2026-08-21 17:00:58 [ERROR] Login error: Please verify your email before logging in.
2026-08-21 17:00:58 [ERROR] Login controller error: Please verify your email before logging in.
2026-08-21 17:00:58 [ERROR] Error: Invalid email or password {"statusCode":401,"path":"/api/auth/login","method":"POST","ip":"127.0.0.1","user":"anonymous"}
Error: Invalid email or password
    at login (E:\smart-city-sos-cambodia\backend\src\controllers\auth.controller.js:264:13)
2026-08-21 17:01:00 [ERROR] Login error: Please verify your email before logging in.
2026-08-21 17:01:00 [ERROR] Login controller error: Please verify your email before logging in.
2026-08-21 17:01:00 [ERROR] Error: Invalid email or password {"statusCode":401,"path":"/api/auth/login","method":"POST","ip":"127.0.0.1","user":"anonymous"}
Error: Invalid email or password
    at login (E:\smart-city-sos-cambodia\backend\src\controllers\auth.controller.js:264:13)
2026-08-21 17:01:01 [ERROR] Login error: Please verify your email before logging in.
2026-08-21 17:01:01 [ERROR] Login controller error: Please verify your email before logging in.
2026-08-21 17:01:01 [ERROR] Error: Invalid email or password {"statusCode":401,"path":"/api/auth/login","method":"POST","ip":"127.0.0.1","user":"anonymous"}
Error: Invalid email or password
    at login (E:\smart-city-sos-cambodia\backend\src\controllers\auth.controller.js:264:13)
2026-08-21 17:01:57 [ERROR] Login error: Please verify your email before logging in.
2026-08-21 17:01:57 [ERROR] Login controller error: Please verify your email before logging in.
2026-08-21 17:01:57 [ERROR] Error: Invalid email or password {"statusCode":401,"path":"/api/auth/login","method":"POST","ip":"127.0.0.1","user":"anonymous"}
Error: Invalid email or password
    at login (E:\smart-city-sos-cambodia\backend\src\controllers\auth.controller.js:264:13)
2026-08-21 17:05:43 [ERROR] Login error: Please verify your email before logging in.
2026-08-21 17:05:43 [ERROR] Login controller error: Please verify your email before logging in.
2026-08-21 17:05:43 [ERROR] Error: Invalid email or password {"statusCode":401,"path":"/api/auth/login","method":"POST","ip":"127.0.0.1","user":"anonymous"}
AppError: Invalid email or password
    at login (E:\smart-city-sos-cambodia\backend\src\controllers\auth.controller.js:257:13)
2026-08-21 17:06:02 [ERROR] Login error: Please verify your email before logging in.
2026-08-21 17:06:02 [ERROR] Login controller error: Please verify your email before logging in.
2026-08-21 17:06:02 [ERROR] Error: Invalid email or password {"statusCode":401,"path":"/api/auth/login","method":"POST","ip":"127.0.0.1","user":"anonymous"}
AppError: Invalid email or password
    at login (E:\smart-city-sos-cambodia\backend\src\controllers\auth.controller.js:257:13)
2026-08-21 17:06:07 [ERROR] Login error: Invalid credentials
2026-08-21 17:06:07 [ERROR] Login controller error: Invalid credentials
2026-08-21 17:06:07 [ERROR] Error: Invalid email or password {"statusCode":401,"path":"/api/auth/login","method":"POST","ip":"127.0.0.1","user":"anonymous"}
AppError: Invalid email or password
    at login (E:\smart-city-sos-cambodia\backend\src\controllers\auth.controller.js:257:13)
2026-08-21 17:06:17 [ERROR] Login error: Please verify your email before logging in.
2026-08-21 17:06:17 [ERROR] Login controller error: Please verify your email before logging in.
2026-08-21 17:06:17 [ERROR] Error: Invalid email or password {"statusCode":401,"path":"/api/auth/login","method":"POST","ip":"127.0.0.1","user":"anonymous"}
AppError: Invalid email or password
    at login (E:\smart-city-sos-cambodia\backend\src\controllers\auth.controller.js:257:13)
2026-08-21 17:08:18 [ERROR] Login error: Please verify your email before logging in.
2026-08-21 17:08:18 [ERROR] Login controller error: Please verify your email before logging in.
2026-08-21 17:08:18 [ERROR] Error: Invalid email or password {"statusCode":401,"path":"/api/auth/login","method":"POST","ip":"127.0.0.1","user":"anonymous"}
AppError: Invalid email or password
    at login (E:\smart-city-sos-cambodia\backend\src\controllers\auth.controller.js:257:13)
2026-08-21 17:10:07 [ERROR] Refresh token error: jwt malformed
2026-08-21 17:10:07 [ERROR] Error: jwt malformed {"statusCode":401,"path":"/api/auth/refresh","method":"POST","ip":"127.0.0.1","user":"anonymous"}
AppError: jwt malformed
    at refresh (E:\smart-city-sos-cambodia\backend\src\controllers\auth.controller.js:305:13)
    at process.processTicksAndRejections (node:internal/process/task_queues:95:5)
2026-08-21 17:10:20 [ERROR] Login error: Please verify your email before logging in.
2026-08-21 17:10:20 [ERROR] Login controller error: Please verify your email before logging in.
2026-08-21 17:10:20 [ERROR] Error: Invalid email or password {"statusCode":401,"path":"/api/auth/login","method":"POST","ip":"127.0.0.1","user":"anonymous"}
AppError: Invalid email or password
    at login (E:\smart-city-sos-cambodia\backend\src\controllers\auth.controller.js:257:13)
2026-08-21 17:12:51 [ERROR] Login error: Please verify your email before logging in.
2026-08-21 17:12:51 [ERROR] Error: Please verify your email before logging in. {"statusCode":403,"path":"/api/auth/login","method":"POST","ip":"127.0.0.1","user":"anonymous"}
AppError: Please verify your email before logging in.
    at Object.login (E:\smart-city-sos-cambodia\backend\src\services\auth.service.js:225:19)
    at async login (E:\smart-city-sos-cambodia\backend\src\controllers\auth.controller.js:212:24)
2026-08-21 17:12:57 [ERROR] Login error: Please verify your email before logging in.
2026-08-21 17:12:57 [ERROR] Error: Please verify your email before logging in. {"statusCode":403,"path":"/api/auth/login","method":"POST","ip":"127.0.0.1","user":"anonymous"}
AppError: Please verify your email before logging in.
    at Object.login (E:\smart-city-sos-cambodia\backend\src\services\auth.service.js:225:19)
    at async login (E:\smart-city-sos-cambodia\backend\src\controllers\auth.controller.js:212:24)
2026-08-21 17:13:17 [ERROR] Error: next is not a function {"statusCode":500,"path":"/api/agents","method":"GET","ip":"127.0.0.1","user":"c95281f8-f0e7-4f76-acb6-96e93f98ee99"}
TypeError: next is not a function
    at exports.getAllAgents (E:\smart-city-sos-cambodia\backend\src\services\agent.service.js:22:9)
    at async exports.getAllAgents (E:\smart-city-sos-cambodia\backend\src\controllers\agent.controller.js:10:13)
2026-08-21 17:13:17 [ERROR] Error: next is not a function {"statusCode":500,"path":"/api/agents","method":"GET","ip":"127.0.0.1","user":"c95281f8-f0e7-4f76-acb6-96e93f98ee99"}
TypeError: next is not a function
    at exports.getAllAgents (E:\smart-city-sos-cambodia\backend\src\services\agent.service.js:22:9)
    at async exports.getAllAgents (E:\smart-city-sos-cambodia\backend\src\controllers\agent.controller.js:10:13)
2026-08-21 17:13:18 [ERROR] Error: next is not a function {"statusCode":500,"path":"/api/agents","method":"GET","ip":"127.0.0.1","user":"c95281f8-f0e7-4f76-acb6-96e93f98ee99"}
TypeError: next is not a function
    at exports.getAllAgents (E:\smart-city-sos-cambodia\backend\src\services\agent.service.js:22:9)
    at async exports.getAllAgents (E:\smart-city-sos-cambodia\backend\src\controllers\agent.controller.js:10:13)
2026-08-21 17:13:18 [ERROR] Error: next is not a function {"statusCode":500,"path":"/api/agents","method":"GET","ip":"127.0.0.1","user":"c95281f8-f0e7-4f76-acb6-96e93f98ee99"}
TypeError: next is not a function
    at exports.getAllAgents (E:\smart-city-sos-cambodia\backend\src\services\agent.service.js:22:9)
    at async exports.getAllAgents (E:\smart-city-sos-cambodia\backend\src\controllers\agent.controller.js:10:13)
2026-08-21 18:40:45 [ERROR] Refresh token error: jwt malformed
2026-08-21 18:40:45 [ERROR] Error: jwt malformed {"statusCode":401,"path":"/api/auth/refresh","method":"POST","ip":"127.0.0.1","user":"anonymous"}
AppError: jwt malformed
    at refresh (E:\smart-city-sos-cambodia\backend\src\controllers\auth.controller.js:305:13)
    at process.processTicksAndRejections (node:internal/process/task_queues:95:5)
2026-08-21 18:41:40 [ERROR] Login error: Please verify your email before logging in.
2026-08-21 18:41:40 [ERROR] Error: Please verify your email before logging in. {"statusCode":403,"path":"/api/auth/login","method":"POST","ip":"127.0.0.1","user":"anonymous"}
AppError: Please verify your email before logging in.
    at Object.login (E:\smart-city-sos-cambodia\backend\src\services\auth.service.js:225:19)
    at async login (E:\smart-city-sos-cambodia\backend\src\controllers\auth.controller.js:212:24)
2026-08-21 18:41:47 [ERROR] Login error: Please verify your email before logging in.
2026-08-21 18:41:47 [ERROR] Error: Please verify your email before logging in. {"statusCode":403,"path":"/api/auth/login","method":"POST","ip":"127.0.0.1","user":"anonymous"}
AppError: Please verify your email before logging in.
    at Object.login (E:\smart-city-sos-cambodia\backend\src\services\auth.service.js:225:19)
    at async login (E:\smart-city-sos-cambodia\backend\src\controllers\auth.controller.js:212:24)
2026-08-21 18:42:15 [ERROR] Login error: Please verify your email before logging in.
2026-08-21 18:42:15 [ERROR] Error: Please verify your email before logging in. {"statusCode":403,"path":"/api/auth/login","method":"POST","ip":"127.0.0.1","user":"anonymous"}
AppError: Please verify your email before logging in.
    at Object.login (E:\smart-city-sos-cambodia\backend\src\services\auth.service.js:225:19)
    at async login (E:\smart-city-sos-cambodia\backend\src\controllers\auth.controller.js:212:24)
2026-08-21 18:42:21 [ERROR] Login error: Please verify your email before logging in.
2026-08-21 18:42:21 [ERROR] Error: Please verify your email before logging in. {"statusCode":403,"path":"/api/auth/login","method":"POST","ip":"127.0.0.1","user":"anonymous"}
AppError: Please verify your email before logging in.
    at Object.login (E:\smart-city-sos-cambodia\backend\src\services\auth.service.js:225:19)
    at async login (E:\smart-city-sos-cambodia\backend\src\controllers\auth.controller.js:212:24)
2026-08-21 18:45:58 [ERROR] Login error: Please verify your email before logging in.
2026-08-21 18:45:58 [ERROR] Error: Please verify your email before logging in. {"statusCode":403,"path":"/api/auth/login","method":"POST","ip":"127.0.0.1","user":"anonymous"}
AppError: Please verify your email before logging in.
    at Object.login (E:\smart-city-sos-cambodia\backend\src\services\auth.service.js:225:19)
    at async login (E:\smart-city-sos-cambodia\backend\src\controllers\auth.controller.js:212:24)
2026-08-21 18:47:06 [ERROR] Login error: Please verify your email before logging in.
2026-08-21 18:47:06 [ERROR] Error: Please verify your email before logging in. {"statusCode":403,"path":"/api/auth/login","method":"POST","ip":"127.0.0.1","user":"anonymous"}
AppError: Please verify your email before logging in.
    at Object.login (E:\smart-city-sos-cambodia\backend\src\services\auth.service.js:225:19)
    at async login (E:\smart-city-sos-cambodia\backend\src\controllers\auth.controller.js:212:24)
2026-08-21 18:47:36 [ERROR] Login error: Please verify your email before logging in.
2026-08-21 18:47:36 [ERROR] Error: Please verify your email before logging in. {"statusCode":403,"path":"/api/auth/login","method":"POST","ip":"127.0.0.1","user":"anonymous"}
AppError: Please verify your email before logging in.
    at Object.login (E:\smart-city-sos-cambodia\backend\src\services\auth.service.js:225:19)
    at async login (E:\smart-city-sos-cambodia\backend\src\controllers\auth.controller.js:212:24)
2026-08-21 18:59:09 [ERROR] Login error: Please verify your email before logging in.
2026-08-21 18:59:09 [ERROR] Error: Please verify your email before logging in. {"statusCode":403,"path":"/api/auth/login","method":"POST","ip":"127.0.0.1","user":"anonymous"}
AppError: Please verify your email before logging in.
    at Object.login (E:\smart-city-sos-cambodia\backend\src\services\auth.service.js:225:19)
    at async login (E:\smart-city-sos-cambodia\backend\src\controllers\auth.controller.js:212:24)
2026-08-21 19:08:39 [ERROR] Login error: Please verify your email before logging in.
2026-08-21 19:08:40 [ERROR] Error: Please verify your email before logging in. {"statusCode":403,"path":"/api/auth/login","method":"POST","ip":"127.0.0.1","user":"anonymous"}
AppError: Please verify your email before logging in.
    at Object.login (E:\smart-city-sos-cambodia\backend\src\services\auth.service.js:225:19)
    at async login (E:\smart-city-sos-cambodia\backend\src\controllers\auth.controller.js:212:24)
2026-08-21 20:10:13 [ERROR] Login error: Please verify your email before logging in.
2026-08-21 20:10:13 [ERROR] Error: Please verify your email before logging in. {"statusCode":403,"path":"/api/auth/login","method":"POST","ip":"127.0.0.1","user":"anonymous"}
AppError: Please verify your email before logging in.
    at Object.login (E:\smart-city-sos-cambodia\backend\src\services\auth.service.js:225:19)
    at async login (E:\smart-city-sos-cambodia\backend\src\controllers\auth.controller.js:212:24)
2026-08-21 20:10:22 [ERROR] Error: Invalid verification token {"statusCode":500,"path":"/api/auth/verify","method":"GET","ip":"127.0.0.1","user":"anonymous"}
Error: Invalid verification token
    at Object.verifyEmail (E:\smart-city-sos-cambodia\backend\src\services\auth.service.js:821:19)
    at async verifyEmail (E:\smart-city-sos-cambodia\backend\src\controllers\auth.controller.js:612:13)
2026-08-21 20:10:42 [ERROR] Login error: Invalid credentials
2026-08-21 20:10:42 [ERROR] Error: Invalid email or password {"statusCode":401,"path":"/api/auth/login","method":"POST","ip":"127.0.0.1","user":"anonymous"}
AppError: Invalid email or password
    at login (E:\smart-city-sos-cambodia\backend\src\controllers\auth.controller.js:257:9)
2026-08-21 20:10:49 [ERROR] Login error: Please verify your email before logging in.
2026-08-21 20:10:49 [ERROR] Error: Please verify your email before logging in. {"statusCode":403,"path":"/api/auth/login","method":"POST","ip":"127.0.0.1","user":"anonymous"}
AppError: Please verify your email before logging in.
    at Object.login (E:\smart-city-sos-cambodia\backend\src\services\auth.service.js:225:19)
    at async login (E:\smart-city-sos-cambodia\backend\src\controllers\auth.controller.js:212:24)
2026-08-21 20:31:40 [ERROR] Login error: Invalid credentials
2026-08-21 20:31:40 [ERROR] Error: Invalid email or password {"statusCode":401,"path":"/api/auth/login","method":"POST","ip":"127.0.0.1","user":"anonymous"}
AppError: Invalid email or password
    at login (E:\smart-city-sos-cambodia\backend\src\controllers\auth.controller.js:257:9)
2026-08-21 20:32:14 [ERROR] Login error: Please verify your email before logging in.
2026-08-21 20:32:14 [ERROR] Error: Please verify your email before logging in. {"statusCode":403,"path":"/api/auth/login","method":"POST","ip":"127.0.0.1","user":"anonymous"}
AppError: Please verify your email before logging in.
    at Object.login (E:\smart-city-sos-cambodia\backend\src\services\auth.service.js:225:19)
    at async login (E:\smart-city-sos-cambodia\backend\src\controllers\auth.controller.js:212:24)
2026-08-21 20:35:04 [ERROR] Login error: Please verify your email before logging in.
2026-08-21 20:35:04 [ERROR] Error: Please verify your email before logging in. {"statusCode":403,"path":"/api/auth/login","method":"POST","ip":"127.0.0.1","user":"anonymous"}
AppError: Please verify your email before logging in.
    at Object.login (E:\smart-city-sos-cambodia\backend\src\services\auth.service.js:225:19)
    at async login (E:\smart-city-sos-cambodia\backend\src\controllers\auth.controller.js:212:24)
2026-08-21 20:42:30 [ERROR] Login error: Invalid credentials
2026-08-21 20:42:30 [ERROR] Error: Invalid email or password {"statusCode":401,"path":"/api/auth/login","method":"POST","ip":"127.0.0.1","user":"anonymous"}
AppError: Invalid email or password
    at login (E:\smart-city-sos-cambodia\backend\src\controllers\auth.controller.js:257:9)
2026-08-21 20:42:39 [ERROR] Error: next is not a function {"statusCode":500,"path":"/api/agents","method":"GET","ip":"127.0.0.1","user":"4ad0cb0d-285f-4bf2-b618-b292b6dd596f"}
TypeError: next is not a function
    at exports.getAllAgents (E:\smart-city-sos-cambodia\backend\src\services\agent.service.js:22:9)
    at async exports.getAllAgents (E:\smart-city-sos-cambodia\backend\src\controllers\agent.controller.js:10:13)
2026-08-21 20:42:39 [ERROR] Error: next is not a function {"statusCode":500,"path":"/api/agents","method":"GET","ip":"127.0.0.1","user":"4ad0cb0d-285f-4bf2-b618-b292b6dd596f"}
TypeError: next is not a function
    at exports.getAllAgents (E:\smart-city-sos-cambodia\backend\src\services\agent.service.js:22:9)
    at async exports.getAllAgents (E:\smart-city-sos-cambodia\backend\src\controllers\agent.controller.js:10:13)
2026-08-21 20:42:40 [ERROR] Error: next is not a function {"statusCode":500,"path":"/api/agents","method":"GET","ip":"127.0.0.1","user":"4ad0cb0d-285f-4bf2-b618-b292b6dd596f"}
TypeError: next is not a function
    at exports.getAllAgents (E:\smart-city-sos-cambodia\backend\src\services\agent.service.js:22:9)
    at async exports.getAllAgents (E:\smart-city-sos-cambodia\backend\src\controllers\agent.controller.js:10:13)
2026-08-21 20:42:40 [ERROR] Error: next is not a function {"statusCode":500,"path":"/api/agents","method":"GET","ip":"127.0.0.1","user":"4ad0cb0d-285f-4bf2-b618-b292b6dd596f"}
TypeError: next is not a function
    at exports.getAllAgents (E:\smart-city-sos-cambodia\backend\src\services\agent.service.js:22:9)
    at async exports.getAllAgents (E:\smart-city-sos-cambodia\backend\src\controllers\agent.controller.js:10:13)
2026-08-21 22:12:40 [ERROR] Refresh token error: 
Invalid `prisma.refreshToken.update()` invocation in
E:\smart-city-sos-cambodia\backend\src\services\auth.service.js:324:35

  321 // =========================
  322 
  323 // Revoke old token
→ 324 await prisma.refreshToken.update({
        where: {
          id: "c0283fdc-11ac-4d5a-9362-a3b49811f557"
        },
        data: {
          revokedAt: new Date("2026-08-21T15:12:40.957Z"),
          ~~~~~~~~~
      ?   id?: String | StringFieldUpdateOperationsInput,
      ?   token?: String | StringFieldUpdateOperationsInput,
      ?   expiresAt?: DateTime | DateTimeFieldUpdateOperationsInput,
      ?   createdAt?: DateTime | DateTimeFieldUpdateOperationsInput,
      ?   user?: UserUpdateOneRequiredWithoutRefreshTokensNestedInput
        }
      })

Unknown argument `revokedAt`. Available options are marked with ?.
2026-08-21 22:12:40 [ERROR] Refresh token error: 
Invalid `prisma.refreshToken.update()` invocation in
E:\smart-city-sos-cambodia\backend\src\services\auth.service.js:324:35

  321 // =========================
  322 
  323 // Revoke old token
→ 324 await prisma.refreshToken.update({
        where: {
          id: "c0283fdc-11ac-4d5a-9362-a3b49811f557"
        },
        data: {
          revokedAt: new Date("2026-08-21T15:12:40.957Z"),
          ~~~~~~~~~
      ?   id?: String | StringFieldUpdateOperationsInput,
      ?   token?: String | StringFieldUpdateOperationsInput,
      ?   expiresAt?: DateTime | DateTimeFieldUpdateOperationsInput,
      ?   createdAt?: DateTime | DateTimeFieldUpdateOperationsInput,
      ?   user?: UserUpdateOneRequiredWithoutRefreshTokensNestedInput
        }
      })

Unknown argument `revokedAt`. Available options are marked with ?.
2026-08-21 22:12:40 [ERROR] Error: Invalid refresh token {"statusCode":401,"path":"/api/auth/refresh","method":"POST","ip":"127.0.0.1","user":"anonymous"}
AppError: Invalid refresh token
    at refresh (E:\smart-city-sos-cambodia\backend\src\controllers\auth.controller.js:308:19)
2026-08-21 22:17:07 [ERROR] Refresh token error: 
Invalid `prisma.refreshToken.update()` invocation in
E:\smart-city-sos-cambodia\backend\src\services\auth.service.js:324:35

  321 // =========================
  322 
  323 // Revoke old token
→ 324 await prisma.refreshToken.update({
        where: {
          id: "49bba3af-befb-4fc3-8270-b8ef35ae72d4"
        },
        data: {
          revokedAt: new Date("2026-08-21T15:17:07.843Z"),
          ~~~~~~~~~
      ?   id?: String | StringFieldUpdateOperationsInput,
      ?   token?: String | StringFieldUpdateOperationsInput,
      ?   expiresAt?: DateTime | DateTimeFieldUpdateOperationsInput,
      ?   createdAt?: DateTime | DateTimeFieldUpdateOperationsInput,
      ?   user?: UserUpdateOneRequiredWithoutRefreshTokensNestedInput
        }
      })

Unknown argument `revokedAt`. Available options are marked with ?.
2026-08-21 22:17:07 [ERROR] Refresh token error: 
Invalid `prisma.refreshToken.update()` invocation in
E:\smart-city-sos-cambodia\backend\src\services\auth.service.js:324:35

  321 // =========================
  322 
  323 // Revoke old token
→ 324 await prisma.refreshToken.update({
        where: {
          id: "49bba3af-befb-4fc3-8270-b8ef35ae72d4"
        },
        data: {
          revokedAt: new Date("2026-08-21T15:17:07.843Z"),
          ~~~~~~~~~
      ?   id?: String | StringFieldUpdateOperationsInput,
      ?   token?: String | StringFieldUpdateOperationsInput,
      ?   expiresAt?: DateTime | DateTimeFieldUpdateOperationsInput,
      ?   createdAt?: DateTime | DateTimeFieldUpdateOperationsInput,
      ?   user?: UserUpdateOneRequiredWithoutRefreshTokensNestedInput
        }
      })

Unknown argument `revokedAt`. Available options are marked with ?.
2026-08-21 22:17:07 [ERROR] Error: Invalid refresh token {"statusCode":401,"path":"/api/auth/refresh","method":"POST","ip":"127.0.0.1","user":"anonymous"}
AppError: Invalid refresh token
    at refresh (E:\smart-city-sos-cambodia\backend\src\controllers\auth.controller.js:308:19)
2026-08-21 22:36:08 [ERROR] Error: next is not a function {"statusCode":500,"path":"/api/agents","method":"GET","ip":"127.0.0.1","user":"4ad0cb0d-285f-4bf2-b618-b292b6dd596f"}
TypeError: next is not a function
    at exports.getAllAgents (E:\smart-city-sos-cambodia\backend\src\services\agent.service.js:22:9)
    at async exports.getAllAgents (E:\smart-city-sos-cambodia\backend\src\controllers\agent.controller.js:10:13)
2026-08-21 22:36:09 [ERROR] Error: next is not a function {"statusCode":500,"path":"/api/agents","method":"GET","ip":"127.0.0.1","user":"4ad0cb0d-285f-4bf2-b618-b292b6dd596f"}
TypeError: next is not a function
    at exports.getAllAgents (E:\smart-city-sos-cambodia\backend\src\services\agent.service.js:22:9)
    at async exports.getAllAgents (E:\smart-city-sos-cambodia\backend\src\controllers\agent.controller.js:10:13)
2026-08-21 22:36:09 [ERROR] Error: next is not a function {"statusCode":500,"path":"/api/agents","method":"GET","ip":"127.0.0.1","user":"4ad0cb0d-285f-4bf2-b618-b292b6dd596f"}
TypeError: next is not a function
    at exports.getAllAgents (E:\smart-city-sos-cambodia\backend\src\services\agent.service.js:22:9)
    at async exports.getAllAgents (E:\smart-city-sos-cambodia\backend\src\controllers\agent.controller.js:10:13)
2026-08-21 22:36:09 [ERROR] Error: next is not a function {"statusCode":500,"path":"/api/agents","method":"GET","ip":"127.0.0.1","user":"4ad0cb0d-285f-4bf2-b618-b292b6dd596f"}
TypeError: next is not a function
    at exports.getAllAgents (E:\smart-city-sos-cambodia\backend\src\services\agent.service.js:22:9)
    at async exports.getAllAgents (E:\smart-city-sos-cambodia\backend\src\controllers\agent.controller.js:10:13)
2026-08-21 22:42:33 [ERROR] Error: next is not a function {"statusCode":500,"path":"/api/agents","method":"GET","ip":"127.0.0.1","user":"4ad0cb0d-285f-4bf2-b618-b292b6dd596f"}
TypeError: next is not a function
    at exports.getAllAgents (E:\smart-city-sos-cambodia\backend\src\services\agent.service.js:22:9)
    at async exports.getAllAgents (E:\smart-city-sos-cambodia\backend\src\controllers\agent.controller.js:10:13)
2026-08-21 22:42:34 [ERROR] Error: next is not a function {"statusCode":500,"path":"/api/agents","method":"GET","ip":"127.0.0.1","user":"4ad0cb0d-285f-4bf2-b618-b292b6dd596f"}
TypeError: next is not a function
    at exports.getAllAgents (E:\smart-city-sos-cambodia\backend\src\services\agent.service.js:22:9)
    at async exports.getAllAgents (E:\smart-city-sos-cambodia\backend\src\controllers\agent.controller.js:10:13)
2026-08-21 22:44:56 [ERROR] Error: next is not a function {"statusCode":500,"path":"/api/agents","method":"GET","ip":"127.0.0.1","user":"4ad0cb0d-285f-4bf2-b618-b292b6dd596f"}
TypeError: next is not a function
    at exports.getAllAgents (E:\smart-city-sos-cambodia\backend\src\services\agent.service.js:22:9)
    at async exports.getAllAgents (E:\smart-city-sos-cambodia\backend\src\controllers\agent.controller.js:10:13)
2026-08-21 22:44:56 [ERROR] Error: next is not a function {"statusCode":500,"path":"/api/agents","method":"GET","ip":"127.0.0.1","user":"4ad0cb0d-285f-4bf2-b618-b292b6dd596f"}
TypeError: next is not a function
    at exports.getAllAgents (E:\smart-city-sos-cambodia\backend\src\services\agent.service.js:22:9)
    at async exports.getAllAgents (E:\smart-city-sos-cambodia\backend\src\controllers\agent.controller.js:10:13)
2026-08-21 22:44:56 [ERROR] Error: next is not a function {"statusCode":500,"path":"/api/agents","method":"GET","ip":"127.0.0.1","user":"4ad0cb0d-285f-4bf2-b618-b292b6dd596f"}
TypeError: next is not a function
    at exports.getAllAgents (E:\smart-city-sos-cambodia\backend\src\services\agent.service.js:22:9)
    at async exports.getAllAgents (E:\smart-city-sos-cambodia\backend\src\controllers\agent.controller.js:10:13)
2026-08-21 22:44:57 [ERROR] Error: next is not a function {"statusCode":500,"path":"/api/agents","method":"GET","ip":"127.0.0.1","user":"4ad0cb0d-285f-4bf2-b618-b292b6dd596f"}
TypeError: next is not a function
    at exports.getAllAgents (E:\smart-city-sos-cambodia\backend\src\services\agent.service.js:22:9)
    at async exports.getAllAgents (E:\smart-city-sos-cambodia\backend\src\controllers\agent.controller.js:10:13)
2026-08-21 22:48:40 [ERROR] Error: next is not a function {"statusCode":500,"path":"/api/agents","method":"GET","ip":"127.0.0.1","user":"4ad0cb0d-285f-4bf2-b618-b292b6dd596f"}
TypeError: next is not a function
    at exports.getAllAgents (E:\smart-city-sos-cambodia\backend\src\services\agent.service.js:22:9)
    at async exports.getAllAgents (E:\smart-city-sos-cambodia\backend\src\controllers\agent.controller.js:10:13)
2026-08-21 22:48:40 [ERROR] Error: next is not a function {"statusCode":500,"path":"/api/agents","method":"GET","ip":"127.0.0.1","user":"4ad0cb0d-285f-4bf2-b618-b292b6dd596f"}
TypeError: next is not a function
    at exports.getAllAgents (E:\smart-city-sos-cambodia\backend\src\services\agent.service.js:22:9)
    at async exports.getAllAgents (E:\smart-city-sos-cambodia\backend\src\controllers\agent.controller.js:10:13)
2026-08-21 22:48:40 [ERROR] Error: next is not a function {"statusCode":500,"path":"/api/agents","method":"GET","ip":"127.0.0.1","user":"4ad0cb0d-285f-4bf2-b618-b292b6dd596f"}
TypeError: next is not a function
    at exports.getAllAgents (E:\smart-city-sos-cambodia\backend\src\services\agent.service.js:22:9)
    at async exports.getAllAgents (E:\smart-city-sos-cambodia\backend\src\controllers\agent.controller.js:10:13)
2026-08-21 22:48:41 [ERROR] Error: next is not a function {"statusCode":500,"path":"/api/agents","method":"GET","ip":"127.0.0.1","user":"4ad0cb0d-285f-4bf2-b618-b292b6dd596f"}
TypeError: next is not a function
    at exports.getAllAgents (E:\smart-city-sos-cambodia\backend\src\services\agent.service.js:22:9)
    at async exports.getAllAgents (E:\smart-city-sos-cambodia\backend\src\controllers\agent.controller.js:10:13)
2026-08-21 22:52:33 [ERROR] Error: next is not a function {"statusCode":500,"path":"/api/agents","method":"GET","ip":"127.0.0.1","user":"4ad0cb0d-285f-4bf2-b618-b292b6dd596f"}
TypeError: next is not a function
    at exports.getAllAgents (E:\smart-city-sos-cambodia\backend\src\services\agent.service.js:22:9)
    at async exports.getAllAgents (E:\smart-city-sos-cambodia\backend\src\controllers\agent.controller.js:10:13)
2026-08-21 22:52:33 [ERROR] Error: next is not a function {"statusCode":500,"path":"/api/agents","method":"GET","ip":"127.0.0.1","user":"4ad0cb0d-285f-4bf2-b618-b292b6dd596f"}
TypeError: next is not a function
    at exports.getAllAgents (E:\smart-city-sos-cambodia\backend\src\services\agent.service.js:22:9)
    at async exports.getAllAgents (E:\smart-city-sos-cambodia\backend\src\controllers\agent.controller.js:10:13)
2026-08-21 22:52:34 [ERROR] Error: next is not a function {"statusCode":500,"path":"/api/agents","method":"GET","ip":"127.0.0.1","user":"4ad0cb0d-285f-4bf2-b618-b292b6dd596f"}
TypeError: next is not a function
    at exports.getAllAgents (E:\smart-city-sos-cambodia\backend\src\services\agent.service.js:22:9)
    at async exports.getAllAgents (E:\smart-city-sos-cambodia\backend\src\controllers\agent.controller.js:10:13)
2026-08-21 22:52:34 [ERROR] Error: next is not a function {"statusCode":500,"path":"/api/agents","method":"GET","ip":"127.0.0.1","user":"4ad0cb0d-285f-4bf2-b618-b292b6dd596f"}
TypeError: next is not a function
    at exports.getAllAgents (E:\smart-city-sos-cambodia\backend\src\services\agent.service.js:22:9)
    at async exports.getAllAgents (E:\smart-city-sos-cambodia\backend\src\controllers\agent.controller.js:10:13)
2026-08-21 22:53:01 [ERROR] Error: next is not a function {"statusCode":500,"path":"/api/agents","method":"GET","ip":"127.0.0.1","user":"4ad0cb0d-285f-4bf2-b618-b292b6dd596f"}
TypeError: next is not a function
    at exports.getAllAgents (E:\smart-city-sos-cambodia\backend\src\services\agent.service.js:22:9)
    at async exports.getAllAgents (E:\smart-city-sos-cambodia\backend\src\controllers\agent.controller.js:10:13)
2026-08-21 22:53:01 [ERROR] Error: next is not a function {"statusCode":500,"path":"/api/agents","method":"GET","ip":"127.0.0.1","user":"4ad0cb0d-285f-4bf2-b618-b292b6dd596f"}
TypeError: next is not a function
    at exports.getAllAgents (E:\smart-city-sos-cambodia\backend\src\services\agent.service.js:22:9)
    at async exports.getAllAgents (E:\smart-city-sos-cambodia\backend\src\controllers\agent.controller.js:10:13)
2026-08-21 22:53:01 [ERROR] Error: next is not a function {"statusCode":500,"path":"/api/agents","method":"GET","ip":"127.0.0.1","user":"4ad0cb0d-285f-4bf2-b618-b292b6dd596f"}
TypeError: next is not a function
    at exports.getAllAgents (E:\smart-city-sos-cambodia\backend\src\services\agent.service.js:22:9)
    at async exports.getAllAgents (E:\smart-city-sos-cambodia\backend\src\controllers\agent.controller.js:10:13)
2026-08-21 22:53:01 [ERROR] Error: next is not a function {"statusCode":500,"path":"/api/agents","method":"GET","ip":"127.0.0.1","user":"4ad0cb0d-285f-4bf2-b618-b292b6dd596f"}
TypeError: next is not a function
    at exports.getAllAgents (E:\smart-city-sos-cambodia\backend\src\services\agent.service.js:22:9)
    at async exports.getAllAgents (E:\smart-city-sos-cambodia\backend\src\controllers\agent.controller.js:10:13)
2026-08-21 22:54:04 [ERROR] Error: next is not a function {"statusCode":500,"path":"/api/agents","method":"GET","ip":"127.0.0.1","user":"4ad0cb0d-285f-4bf2-b618-b292b6dd596f"}
TypeError: next is not a function
    at exports.getAllAgents (E:\smart-city-sos-cambodia\backend\src\services\agent.service.js:22:9)
    at async exports.getAllAgents (E:\smart-city-sos-cambodia\backend\src\controllers\agent.controller.js:10:13)
2026-08-21 22:54:04 [ERROR] Error: next is not a function {"statusCode":500,"path":"/api/agents","method":"GET","ip":"127.0.0.1","user":"4ad0cb0d-285f-4bf2-b618-b292b6dd596f"}
TypeError: next is not a function
    at exports.getAllAgents (E:\smart-city-sos-cambodia\backend\src\services\agent.service.js:22:9)
    at async exports.getAllAgents (E:\smart-city-sos-cambodia\backend\src\controllers\agent.controller.js:10:13)
2026-08-21 22:54:05 [ERROR] Error: next is not a function {"statusCode":500,"path":"/api/agents","method":"GET","ip":"127.0.0.1","user":"4ad0cb0d-285f-4bf2-b618-b292b6dd596f"}
TypeError: next is not a function
    at exports.getAllAgents (E:\smart-city-sos-cambodia\backend\src\services\agent.service.js:22:9)
    at async exports.getAllAgents (E:\smart-city-sos-cambodia\backend\src\controllers\agent.controller.js:10:13)
2026-08-21 22:54:05 [ERROR] Error: next is not a function {"statusCode":500,"path":"/api/agents","method":"GET","ip":"127.0.0.1","user":"4ad0cb0d-285f-4bf2-b618-b292b6dd596f"}
TypeError: next is not a function
    at exports.getAllAgents (E:\smart-city-sos-cambodia\backend\src\services\agent.service.js:22:9)
    at async exports.getAllAgents (E:\smart-city-sos-cambodia\backend\src\controllers\agent.controller.js:10:13)
2026-08-21 22:57:07 [ERROR] Error: next is not a function {"statusCode":500,"path":"/api/agents","method":"GET","ip":"127.0.0.1","user":"4ad0cb0d-285f-4bf2-b618-b292b6dd596f"}
TypeError: next is not a function
    at exports.getAllAgents (E:\smart-city-sos-cambodia\backend\src\services\agent.service.js:22:9)
    at async exports.getAllAgents (E:\smart-city-sos-cambodia\backend\src\controllers\agent.controller.js:10:13)
2026-08-21 22:57:07 [ERROR] Error: next is not a function {"statusCode":500,"path":"/api/agents","method":"GET","ip":"127.0.0.1","user":"4ad0cb0d-285f-4bf2-b618-b292b6dd596f"}
TypeError: next is not a function
    at exports.getAllAgents (E:\smart-city-sos-cambodia\backend\src\services\agent.service.js:22:9)
    at async exports.getAllAgents (E:\smart-city-sos-cambodia\backend\src\controllers\agent.controller.js:10:13)
2026-08-21 22:57:07 [ERROR] Error: next is not a function {"statusCode":500,"path":"/api/agents","method":"GET","ip":"127.0.0.1","user":"4ad0cb0d-285f-4bf2-b618-b292b6dd596f"}
TypeError: next is not a function
    at exports.getAllAgents (E:\smart-city-sos-cambodia\backend\src\services\agent.service.js:22:9)
    at async exports.getAllAgents (E:\smart-city-sos-cambodia\backend\src\controllers\agent.controller.js:10:13)
2026-08-21 22:57:08 [ERROR] Error: next is not a function {"statusCode":500,"path":"/api/agents","method":"GET","ip":"127.0.0.1","user":"4ad0cb0d-285f-4bf2-b618-b292b6dd596f"}
TypeError: next is not a function
    at exports.getAllAgents (E:\smart-city-sos-cambodia\backend\src\services\agent.service.js:22:9)
    at async exports.getAllAgents (E:\smart-city-sos-cambodia\backend\src\controllers\agent.controller.js:10:13)
2026-08-21 23:00:43 [ERROR] Error: next is not a function {"statusCode":500,"path":"/api/agents","method":"GET","ip":"127.0.0.1","user":"4ad0cb0d-285f-4bf2-b618-b292b6dd596f"}
TypeError: next is not a function
    at exports.getAllAgents (E:\smart-city-sos-cambodia\backend\src\services\agent.service.js:22:9)
    at async exports.getAllAgents (E:\smart-city-sos-cambodia\backend\src\controllers\agent.controller.js:10:13)
2026-08-21 23:00:43 [ERROR] Error: next is not a function {"statusCode":500,"path":"/api/agents","method":"GET","ip":"127.0.0.1","user":"4ad0cb0d-285f-4bf2-b618-b292b6dd596f"}
TypeError: next is not a function
    at exports.getAllAgents (E:\smart-city-sos-cambodia\backend\src\services\agent.service.js:22:9)
    at async exports.getAllAgents (E:\smart-city-sos-cambodia\backend\src\controllers\agent.controller.js:10:13)
2026-08-21 23:00:44 [ERROR] Error: next is not a function {"statusCode":500,"path":"/api/agents","method":"GET","ip":"127.0.0.1","user":"4ad0cb0d-285f-4bf2-b618-b292b6dd596f"}
TypeError: next is not a function
    at exports.getAllAgents (E:\smart-city-sos-cambodia\backend\src\services\agent.service.js:22:9)
    at async exports.getAllAgents (E:\smart-city-sos-cambodia\backend\src\controllers\agent.controller.js:10:13)
2026-08-21 23:00:44 [ERROR] Error: next is not a function {"statusCode":500,"path":"/api/agents","method":"GET","ip":"127.0.0.1","user":"4ad0cb0d-285f-4bf2-b618-b292b6dd596f"}
TypeError: next is not a function
    at exports.getAllAgents (E:\smart-city-sos-cambodia\backend\src\services\agent.service.js:22:9)
    at async exports.getAllAgents (E:\smart-city-sos-cambodia\backend\src\controllers\agent.controller.js:10:13)
2026-08-21 23:04:33 [ERROR] Error: next is not a function {"statusCode":500,"path":"/api/agents","method":"GET","ip":"127.0.0.1","user":"4ad0cb0d-285f-4bf2-b618-b292b6dd596f"}
TypeError: next is not a function
    at exports.getAllAgents (E:\smart-city-sos-cambodia\backend\src\services\agent.service.js:22:9)
    at async exports.getAllAgents (E:\smart-city-sos-cambodia\backend\src\controllers\agent.controller.js:10:13)
2026-08-21 23:04:33 [ERROR] Error: next is not a function {"statusCode":500,"path":"/api/agents","method":"GET","ip":"127.0.0.1","user":"4ad0cb0d-285f-4bf2-b618-b292b6dd596f"}
TypeError: next is not a function
    at exports.getAllAgents (E:\smart-city-sos-cambodia\backend\src\services\agent.service.js:22:9)
    at async exports.getAllAgents (E:\smart-city-sos-cambodia\backend\src\controllers\agent.controller.js:10:13)
2026-08-21 23:16:24 [ERROR] Error: next is not a function {"statusCode":500,"path":"/api/agents","method":"GET","ip":"127.0.0.1","user":"4ad0cb0d-285f-4bf2-b618-b292b6dd596f"}
TypeError: next is not a function
    at exports.getAllAgents (E:\smart-city-sos-cambodia\backend\src\services\agent.service.js:22:9)
    at async exports.getAllAgents (E:\smart-city-sos-cambodia\backend\src\controllers\agent.controller.js:10:13)
2026-08-21 23:16:24 [ERROR] Error: next is not a function {"statusCode":500,"path":"/api/agents","method":"GET","ip":"127.0.0.1","user":"4ad0cb0d-285f-4bf2-b618-b292b6dd596f"}
TypeError: next is not a function
    at exports.getAllAgents (E:\smart-city-sos-cambodia\backend\src\services\agent.service.js:22:9)
    at async exports.getAllAgents (E:\smart-city-sos-cambodia\backend\src\controllers\agent.controller.js:10:13)
2026-08-21 23:29:33 [ERROR] Error: next is not a function {"statusCode":500,"path":"/api/agents","method":"GET","ip":"127.0.0.1","user":"4ad0cb0d-285f-4bf2-b618-b292b6dd596f"}
TypeError: next is not a function
    at exports.getAllAgents (E:\smart-city-sos-cambodia\backend\src\services\agent.service.js:22:9)
    at async exports.getAllAgents (E:\smart-city-sos-cambodia\backend\src\controllers\agent.controller.js:10:13)
2026-08-21 23:29:33 [ERROR] Error: next is not a function {"statusCode":500,"path":"/api/agents","method":"GET","ip":"127.0.0.1","user":"4ad0cb0d-285f-4bf2-b618-b292b6dd596f"}
TypeError: next is not a function
    at exports.getAllAgents (E:\smart-city-sos-cambodia\backend\src\services\agent.service.js:22:9)
    at async exports.getAllAgents (E:\smart-city-sos-cambodia\backend\src\controllers\agent.controller.js:10:13)
2026-08-21 23:29:33 [ERROR] Error: next is not a function {"statusCode":500,"path":"/api/agents","method":"GET","ip":"127.0.0.1","user":"4ad0cb0d-285f-4bf2-b618-b292b6dd596f"}
TypeError: next is not a function
    at exports.getAllAgents (E:\smart-city-sos-cambodia\backend\src\services\agent.service.js:22:9)
    at async exports.getAllAgents (E:\smart-city-sos-cambodia\backend\src\controllers\agent.controller.js:10:13)
2026-08-21 23:29:34 [ERROR] Error: next is not a function {"statusCode":500,"path":"/api/agents","method":"GET","ip":"127.0.0.1","user":"4ad0cb0d-285f-4bf2-b618-b292b6dd596f"}
TypeError: next is not a function
    at exports.getAllAgents (E:\smart-city-sos-cambodia\backend\src\services\agent.service.js:22:9)
    at async exports.getAllAgents (E:\smart-city-sos-cambodia\backend\src\controllers\agent.controller.js:10:13)
2026-08-21 23:36:25 [ERROR] Error: next is not a function {"statusCode":500,"path":"/api/agents","method":"GET","ip":"127.0.0.1","user":"4ad0cb0d-285f-4bf2-b618-b292b6dd596f"}
TypeError: next is not a function
    at exports.getAllAgents (E:\smart-city-sos-cambodia\backend\src\services\agent.service.js:22:9)
    at async exports.getAllAgents (E:\smart-city-sos-cambodia\backend\src\controllers\agent.controller.js:10:13)
2026-08-21 23:36:26 [ERROR] Error: next is not a function {"statusCode":500,"path":"/api/agents","method":"GET","ip":"127.0.0.1","user":"4ad0cb0d-285f-4bf2-b618-b292b6dd596f"}
TypeError: next is not a function
    at exports.getAllAgents (E:\smart-city-sos-cambodia\backend\src\services\agent.service.js:22:9)
    at async exports.getAllAgents (E:\smart-city-sos-cambodia\backend\src\controllers\agent.controller.js:10:13)
2026-08-21 23:36:47 [ERROR] Error: next is not a function {"statusCode":500,"path":"/api/agents","method":"GET","ip":"127.0.0.1","user":"4ad0cb0d-285f-4bf2-b618-b292b6dd596f"}
TypeError: next is not a function
    at exports.getAllAgents (E:\smart-city-sos-cambodia\backend\src\services\agent.service.js:22:9)
    at async exports.getAllAgents (E:\smart-city-sos-cambodia\backend\src\controllers\agent.controller.js:10:13)
2026-08-21 23:36:47 [ERROR] Error: next is not a function {"statusCode":500,"path":"/api/agents","method":"GET","ip":"127.0.0.1","user":"4ad0cb0d-285f-4bf2-b618-b292b6dd596f"}
TypeError: next is not a function
    at exports.getAllAgents (E:\smart-city-sos-cambodia\backend\src\services\agent.service.js:22:9)
    at async exports.getAllAgents (E:\smart-city-sos-cambodia\backend\src\controllers\agent.controller.js:10:13)
2026-08-21 23:36:58 [ERROR] Error: next is not a function {"statusCode":500,"path":"/api/agents","method":"GET","ip":"127.0.0.1","user":"4ad0cb0d-285f-4bf2-b618-b292b6dd596f"}
TypeError: next is not a function
    at exports.getAllAgents (E:\smart-city-sos-cambodia\backend\src\services\agent.service.js:22:9)
    at async exports.getAllAgents (E:\smart-city-sos-cambodia\backend\src\controllers\agent.controller.js:10:13)
2026-08-21 23:36:59 [ERROR] Error: next is not a function {"statusCode":500,"path":"/api/agents","method":"GET","ip":"127.0.0.1","user":"4ad0cb0d-285f-4bf2-b618-b292b6dd596f"}
TypeError: next is not a function
    at exports.getAllAgents (E:\smart-city-sos-cambodia\backend\src\services\agent.service.js:22:9)
    at async exports.getAllAgents (E:\smart-city-sos-cambodia\backend\src\controllers\agent.controller.js:10:13)
2026-08-21 23:36:59 [ERROR] Error: next is not a function {"statusCode":500,"path":"/api/agents","method":"GET","ip":"127.0.0.1","user":"4ad0cb0d-285f-4bf2-b618-b292b6dd596f"}
TypeError: next is not a function
    at exports.getAllAgents (E:\smart-city-sos-cambodia\backend\src\services\agent.service.js:22:9)
    at async exports.getAllAgents (E:\smart-city-sos-cambodia\backend\src\controllers\agent.controller.js:10:13)
2026-08-21 23:36:59 [ERROR] Error: next is not a function {"statusCode":500,"path":"/api/agents","method":"GET","ip":"127.0.0.1","user":"4ad0cb0d-285f-4bf2-b618-b292b6dd596f"}
TypeError: next is not a function
    at exports.getAllAgents (E:\smart-city-sos-cambodia\backend\src\services\agent.service.js:22:9)
    at async exports.getAllAgents (E:\smart-city-sos-cambodia\backend\src\controllers\agent.controller.js:10:13)
2026-08-21 23:37:24 [ERROR] Error: next is not a function {"statusCode":500,"path":"/api/agents","method":"GET","ip":"127.0.0.1","user":"4ad0cb0d-285f-4bf2-b618-b292b6dd596f"}
TypeError: next is not a function
    at exports.getAllAgents (E:\smart-city-sos-cambodia\backend\src\services\agent.service.js:22:9)
    at async exports.getAllAgents (E:\smart-city-sos-cambodia\backend\src\controllers\agent.controller.js:10:13)
2026-08-21 23:37:25 [ERROR] Error: next is not a function {"statusCode":500,"path":"/api/agents","method":"GET","ip":"127.0.0.1","user":"4ad0cb0d-285f-4bf2-b618-b292b6dd596f"}
TypeError: next is not a function
    at exports.getAllAgents (E:\smart-city-sos-cambodia\backend\src\services\agent.service.js:22:9)
    at async exports.getAllAgents (E:\smart-city-sos-cambodia\backend\src\controllers\agent.controller.js:10:13)
2026-08-21 23:37:25 [ERROR] Error: next is not a function {"statusCode":500,"path":"/api/agents","method":"GET","ip":"127.0.0.1","user":"4ad0cb0d-285f-4bf2-b618-b292b6dd596f"}
TypeError: next is not a function
    at exports.getAllAgents (E:\smart-city-sos-cambodia\backend\src\services\agent.service.js:22:9)
    at async exports.getAllAgents (E:\smart-city-sos-cambodia\backend\src\controllers\agent.controller.js:10:13)
2026-08-21 23:37:26 [ERROR] Error: next is not a function {"statusCode":500,"path":"/api/agents","method":"GET","ip":"127.0.0.1","user":"4ad0cb0d-285f-4bf2-b618-b292b6dd596f"}
TypeError: next is not a function
    at exports.getAllAgents (E:\smart-city-sos-cambodia\backend\src\services\agent.service.js:22:9)
    at async exports.getAllAgents (E:\smart-city-sos-cambodia\backend\src\controllers\agent.controller.js:10:13)
2026-08-26 14:54:54 [ERROR] Error: next is not a function {"statusCode":500,"path":"/api/agents","method":"GET","ip":"127.0.0.1","user":"4ad0cb0d-285f-4bf2-b618-b292b6dd596f"}
TypeError: next is not a function
    at exports.getAllAgents (E:\smart-city-sos-cambodia\backend\src\services\agent.service.js:22:9)
    at async exports.getAllAgents (E:\smart-city-sos-cambodia\backend\src\controllers\agent.controller.js:10:13)
2026-08-26 14:54:54 [ERROR] Error: next is not a function {"statusCode":500,"path":"/api/agents","method":"GET","ip":"127.0.0.1","user":"4ad0cb0d-285f-4bf2-b618-b292b6dd596f"}
TypeError: next is not a function
    at exports.getAllAgents (E:\smart-city-sos-cambodia\backend\src\services\agent.service.js:22:9)
    at async exports.getAllAgents (E:\smart-city-sos-cambodia\backend\src\controllers\agent.controller.js:10:13)
2026-08-26 14:54:55 [ERROR] Error: next is not a function {"statusCode":500,"path":"/api/agents","method":"GET","ip":"127.0.0.1","user":"4ad0cb0d-285f-4bf2-b618-b292b6dd596f"}
TypeError: next is not a function
    at exports.getAllAgents (E:\smart-city-sos-cambodia\backend\src\services\agent.service.js:22:9)
    at async exports.getAllAgents (E:\smart-city-sos-cambodia\backend\src\controllers\agent.controller.js:10:13)
2026-08-26 14:54:56 [ERROR] Error: next is not a function {"statusCode":500,"path":"/api/agents","method":"GET","ip":"127.0.0.1","user":"4ad0cb0d-285f-4bf2-b618-b292b6dd596f"}
TypeError: next is not a function
    at exports.getAllAgents (E:\smart-city-sos-cambodia\backend\src\services\agent.service.js:22:9)
    at async exports.getAllAgents (E:\smart-city-sos-cambodia\backend\src\controllers\agent.controller.js:10:13)
2026-08-26 14:54:58 [ERROR] Error: next is not a function {"statusCode":500,"path":"/api/agents","method":"GET","ip":"127.0.0.1","user":"4ad0cb0d-285f-4bf2-b618-b292b6dd596f"}
TypeError: next is not a function
    at exports.getAllAgents (E:\smart-city-sos-cambodia\backend\src\services\agent.service.js:22:9)
    at async exports.getAllAgents (E:\smart-city-sos-cambodia\backend\src\controllers\agent.controller.js:10:13)
2026-08-26 14:55:00 [ERROR] Error: next is not a function {"statusCode":500,"path":"/api/agents","method":"GET","ip":"127.0.0.1","user":"4ad0cb0d-285f-4bf2-b618-b292b6dd596f"}
TypeError: next is not a function
    at exports.getAllAgents (E:\smart-city-sos-cambodia\backend\src\services\agent.service.js:22:9)
    at async exports.getAllAgents (E:\smart-city-sos-cambodia\backend\src\controllers\agent.controller.js:10:13)
2026-08-26 15:13:17 [ERROR] Error: next is not a function {"statusCode":500,"path":"/api/agents","method":"GET","ip":"127.0.0.1","user":"4ad0cb0d-285f-4bf2-b618-b292b6dd596f"}
TypeError: next is not a function
    at exports.getAllAgents (E:\smart-city-sos-cambodia\backend\src\services\agent.service.js:22:9)
    at async exports.getAllAgents (E:\smart-city-sos-cambodia\backend\src\controllers\agent.controller.js:10:13)
2026-08-26 15:13:18 [ERROR] Error: next is not a function {"statusCode":500,"path":"/api/agents","method":"GET","ip":"127.0.0.1","user":"4ad0cb0d-285f-4bf2-b618-b292b6dd596f"}
TypeError: next is not a function
    at exports.getAllAgents (E:\smart-city-sos-cambodia\backend\src\services\agent.service.js:22:9)
    at async exports.getAllAgents (E:\smart-city-sos-cambodia\backend\src\controllers\agent.controller.js:10:13)
2026-08-26 15:19:01 [ERROR] Error: next is not a function {"statusCode":500,"path":"/api/agents","method":"GET","ip":"127.0.0.1","user":"4ad0cb0d-285f-4bf2-b618-b292b6dd596f"}
TypeError: next is not a function
    at exports.getAllAgents (E:\smart-city-sos-cambodia\backend\src\services\agent.service.js:22:9)
    at async exports.getAllAgents (E:\smart-city-sos-cambodia\backend\src\controllers\agent.controller.js:10:13)
2026-08-26 15:19:01 [ERROR] Error: next is not a function {"statusCode":500,"path":"/api/agents","method":"GET","ip":"127.0.0.1","user":"4ad0cb0d-285f-4bf2-b618-b292b6dd596f"}
TypeError: next is not a function
    at exports.getAllAgents (E:\smart-city-sos-cambodia\backend\src\services\agent.service.js:22:9)
    at async exports.getAllAgents (E:\smart-city-sos-cambodia\backend\src\controllers\agent.controller.js:10:13)
2026-08-26 19:24:22 [ERROR] Error: next is not a function {"statusCode":500,"path":"/api/agents","method":"GET","ip":"127.0.0.1","user":"4ad0cb0d-285f-4bf2-b618-b292b6dd596f"}
TypeError: next is not a function
    at exports.getAllAgents (E:\smart-city-sos-cambodia\backend\src\services\agent.service.js:22:9)
    at async exports.getAllAgents (E:\smart-city-sos-cambodia\backend\src\controllers\agent.controller.js:10:13)
2026-08-26 19:24:22 [ERROR] Error: next is not a function {"statusCode":500,"path":"/api/agents","method":"GET","ip":"127.0.0.1","user":"4ad0cb0d-285f-4bf2-b618-b292b6dd596f"}
TypeError: next is not a function
    at exports.getAllAgents (E:\smart-city-sos-cambodia\backend\src\services\agent.service.js:22:9)
    at async exports.getAllAgents (E:\smart-city-sos-cambodia\backend\src\controllers\agent.controller.js:10:13)
2026-08-26 19:27:28 [ERROR] Error: next is not a function {"statusCode":500,"path":"/api/agents","method":"GET","ip":"127.0.0.1","user":"4ad0cb0d-285f-4bf2-b618-b292b6dd596f"}
TypeError: next is not a function
    at exports.getAllAgents (E:\smart-city-sos-cambodia\backend\src\services\agent.service.js:22:9)
    at async exports.getAllAgents (E:\smart-city-sos-cambodia\backend\src\controllers\agent.controller.js:10:13)
2026-08-26 19:27:28 [ERROR] Error: next is not a function {"statusCode":500,"path":"/api/agents","method":"GET","ip":"127.0.0.1","user":"4ad0cb0d-285f-4bf2-b618-b292b6dd596f"}
TypeError: next is not a function
    at exports.getAllAgents (E:\smart-city-sos-cambodia\backend\src\services\agent.service.js:22:9)
    at async exports.getAllAgents (E:\smart-city-sos-cambodia\backend\src\controllers\agent.controller.js:10:13)
2026-08-26 19:54:56 [ERROR] Error: next is not a function {"statusCode":500,"path":"/api/agents","method":"GET","ip":"127.0.0.1","user":"4ad0cb0d-285f-4bf2-b618-b292b6dd596f"}
TypeError: next is not a function
    at exports.getAllAgents (E:\smart-city-sos-cambodia\backend\src\services\agent.service.js:22:9)
    at async exports.getAllAgents (E:\smart-city-sos-cambodia\backend\src\controllers\agent.controller.js:10:13)
2026-08-26 19:54:56 [ERROR] Error: next is not a function {"statusCode":500,"path":"/api/agents","method":"GET","ip":"127.0.0.1","user":"4ad0cb0d-285f-4bf2-b618-b292b6dd596f"}
TypeError: next is not a function
    at exports.getAllAgents (E:\smart-city-sos-cambodia\backend\src\services\agent.service.js:22:9)
    at async exports.getAllAgents (E:\smart-city-sos-cambodia\backend\src\controllers\agent.controller.js:10:13)
2026-08-26 20:45:47 [ERROR] Error: next is not a function {"statusCode":500,"path":"/api/agents","method":"GET","ip":"127.0.0.1","user":"4ad0cb0d-285f-4bf2-b618-b292b6dd596f"}
TypeError: next is not a function
    at exports.getAllAgents (E:\smart-city-sos-cambodia\backend\src\services\agent.service.js:22:9)
    at async exports.getAllAgents (E:\smart-city-sos-cambodia\backend\src\controllers\agent.controller.js:10:13)
2026-08-26 20:45:47 [ERROR] Error: next is not a function {"statusCode":500,"path":"/api/agents","method":"GET","ip":"127.0.0.1","user":"4ad0cb0d-285f-4bf2-b618-b292b6dd596f"}
TypeError: next is not a function
    at exports.getAllAgents (E:\smart-city-sos-cambodia\backend\src\services\agent.service.js:22:9)
    at async exports.getAllAgents (E:\smart-city-sos-cambodia\backend\src\controllers\agent.controller.js:10:13)
2026-08-26 21:44:08 [ERROR] Error: next is not a function {"statusCode":500,"path":"/api/agents","method":"GET","ip":"127.0.0.1","user":"4ad0cb0d-285f-4bf2-b618-b292b6dd596f"}
TypeError: next is not a function
    at exports.getAllAgents (E:\smart-city-sos-cambodia\backend\src\services\agent.service.js:22:9)
    at async exports.getAllAgents (E:\smart-city-sos-cambodia\backend\src\controllers\agent.controller.js:10:13)
2026-08-26 21:44:09 [ERROR] Error: next is not a function {"statusCode":500,"path":"/api/agents","method":"GET","ip":"127.0.0.1","user":"4ad0cb0d-285f-4bf2-b618-b292b6dd596f"}
TypeError: next is not a function
    at exports.getAllAgents (E:\smart-city-sos-cambodia\backend\src\services\agent.service.js:22:9)
    at async exports.getAllAgents (E:\smart-city-sos-cambodia\backend\src\controllers\agent.controller.js:10:13)
2026-08-26 21:44:10 [ERROR] Error: next is not a function {"statusCode":500,"path":"/api/agents","method":"GET","ip":"127.0.0.1","user":"4ad0cb0d-285f-4bf2-b618-b292b6dd596f"}
TypeError: next is not a function
    at exports.getAllAgents (E:\smart-city-sos-cambodia\backend\src\services\agent.service.js:22:9)
    at async exports.getAllAgents (E:\smart-city-sos-cambodia\backend\src\controllers\agent.controller.js:10:13)
2026-08-26 21:44:11 [ERROR] Error: next is not a function {"statusCode":500,"path":"/api/agents","method":"GET","ip":"127.0.0.1","user":"4ad0cb0d-285f-4bf2-b618-b292b6dd596f"}
TypeError: next is not a function
    at exports.getAllAgents (E:\smart-city-sos-cambodia\backend\src\services\agent.service.js:22:9)
    at async exports.getAllAgents (E:\smart-city-sos-cambodia\backend\src\controllers\agent.controller.js:10:13)
2026-08-26 22:04:38 [ERROR] Error: next is not a function {"statusCode":500,"path":"/api/agents","method":"GET","ip":"127.0.0.1","user":"4ad0cb0d-285f-4bf2-b618-b292b6dd596f"}
TypeError: next is not a function
    at exports.getAllAgents (E:\smart-city-sos-cambodia\backend\src\services\agent.service.js:22:9)
    at async exports.getAllAgents (E:\smart-city-sos-cambodia\backend\src\controllers\agent.controller.js:10:13)
2026-08-26 22:04:39 [ERROR] Error: next is not a function {"statusCode":500,"path":"/api/agents","method":"GET","ip":"127.0.0.1","user":"4ad0cb0d-285f-4bf2-b618-b292b6dd596f"}
TypeError: next is not a function
    at exports.getAllAgents (E:\smart-city-sos-cambodia\backend\src\services\agent.service.js:22:9)
    at async exports.getAllAgents (E:\smart-city-sos-cambodia\backend\src\controllers\agent.controller.js:10:13)
2026-08-26 22:10:30 [ERROR] Error: next is not a function {"statusCode":500,"path":"/api/agents","method":"GET","ip":"127.0.0.1","user":"4ad0cb0d-285f-4bf2-b618-b292b6dd596f"}
TypeError: next is not a function
    at exports.getAllAgents (E:\smart-city-sos-cambodia\backend\src\services\agent.service.js:22:9)
    at async exports.getAllAgents (E:\smart-city-sos-cambodia\backend\src\controllers\agent.controller.js:10:13)
2026-08-26 22:10:31 [ERROR] Error: next is not a function {"statusCode":500,"path":"/api/agents","method":"GET","ip":"127.0.0.1","user":"4ad0cb0d-285f-4bf2-b618-b292b6dd596f"}
TypeError: next is not a function
    at exports.getAllAgents (E:\smart-city-sos-cambodia\backend\src\services\agent.service.js:22:9)
    at async exports.getAllAgents (E:\smart-city-sos-cambodia\backend\src\controllers\agent.controller.js:10:13)
2026-08-26 22:38:07 [ERROR] Error: next is not a function {"statusCode":500,"path":"/api/agents","method":"GET","ip":"127.0.0.1","user":"4ad0cb0d-285f-4bf2-b618-b292b6dd596f"}
TypeError: next is not a function
    at exports.getAllAgents (E:\smart-city-sos-cambodia\backend\src\services\agent.service.js:22:9)
    at async exports.getAllAgents (E:\smart-city-sos-cambodia\backend\src\controllers\agent.controller.js:10:13)
2026-08-26 22:38:10 [ERROR] Error: next is not a function {"statusCode":500,"path":"/api/agents","method":"GET","ip":"127.0.0.1","user":"4ad0cb0d-285f-4bf2-b618-b292b6dd596f"}
TypeError: next is not a function
    at exports.getAllAgents (E:\smart-city-sos-cambodia\backend\src\services\agent.service.js:22:9)
    at async exports.getAllAgents (E:\smart-city-sos-cambodia\backend\src\controllers\agent.controller.js:10:13)
2026-08-26 22:38:11 [ERROR] Error: next is not a function {"statusCode":500,"path":"/api/agents","method":"GET","ip":"127.0.0.1","user":"4ad0cb0d-285f-4bf2-b618-b292b6dd596f"}
TypeError: next is not a function
    at exports.getAllAgents (E:\smart-city-sos-cambodia\backend\src\services\agent.service.js:22:9)
    at async exports.getAllAgents (E:\smart-city-sos-cambodia\backend\src\controllers\agent.controller.js:10:13)
2026-08-26 22:39:06 [ERROR] Error: next is not a function {"statusCode":500,"path":"/api/agents","method":"GET","ip":"127.0.0.1","user":"4ad0cb0d-285f-4bf2-b618-b292b6dd596f"}
TypeError: next is not a function
    at exports.getAllAgents (E:\smart-city-sos-cambodia\backend\src\services\agent.service.js:22:9)
    at async exports.getAllAgents (E:\smart-city-sos-cambodia\backend\src\controllers\agent.controller.js:10:13)
2026-08-26 22:39:06 [ERROR] Error: next is not a function {"statusCode":500,"path":"/api/agents","method":"GET","ip":"127.0.0.1","user":"4ad0cb0d-285f-4bf2-b618-b292b6dd596f"}
TypeError: next is not a function
    at exports.getAllAgents (E:\smart-city-sos-cambodia\backend\src\services\agent.service.js:22:9)
    at async exports.getAllAgents (E:\smart-city-sos-cambodia\backend\src\controllers\agent.controller.js:10:13)
2026-08-27 13:25:57 [ERROR] Error: next is not a function {"statusCode":500,"path":"/api/agents","method":"GET","ip":"127.0.0.1","user":"4ad0cb0d-285f-4bf2-b618-b292b6dd596f"}
TypeError: next is not a function
    at exports.getAllAgents (E:\smart-city-sos-cambodia\backend\src\services\agent.service.js:22:9)
    at async exports.getAllAgents (E:\smart-city-sos-cambodia\backend\src\controllers\agent.controller.js:10:13)
2026-08-27 13:25:58 [ERROR] Error: next is not a function {"statusCode":500,"path":"/api/agents","method":"GET","ip":"127.0.0.1","user":"4ad0cb0d-285f-4bf2-b618-b292b6dd596f"}
TypeError: next is not a function
    at exports.getAllAgents (E:\smart-city-sos-cambodia\backend\src\services\agent.service.js:22:9)
    at async exports.getAllAgents (E:\smart-city-sos-cambodia\backend\src\controllers\agent.controller.js:10:13)
2026-08-27 13:25:59 [ERROR] Error: next is not a function {"statusCode":500,"path":"/api/agents","method":"GET","ip":"127.0.0.1","user":"4ad0cb0d-285f-4bf2-b618-b292b6dd596f"}
TypeError: next is not a function
    at exports.getAllAgents (E:\smart-city-sos-cambodia\backend\src\services\agent.service.js:22:9)
    at async exports.getAllAgents (E:\smart-city-sos-cambodia\backend\src\controllers\agent.controller.js:10:13)
2026-08-27 13:26:00 [ERROR] Error: next is not a function {"statusCode":500,"path":"/api/agents","method":"GET","ip":"127.0.0.1","user":"4ad0cb0d-285f-4bf2-b618-b292b6dd596f"}
TypeError: next is not a function
    at exports.getAllAgents (E:\smart-city-sos-cambodia\backend\src\services\agent.service.js:22:9)
    at async exports.getAllAgents (E:\smart-city-sos-cambodia\backend\src\controllers\agent.controller.js:10:13)
2026-08-27 13:57:01 [ERROR] Error: next is not a function {"statusCode":500,"path":"/api/agents","method":"GET","ip":"127.0.0.1","user":"4ad0cb0d-285f-4bf2-b618-b292b6dd596f"}
TypeError: next is not a function
    at exports.getAllAgents (E:\smart-city-sos-cambodia\backend\src\services\agent.service.js:22:9)
    at async exports.getAllAgents (E:\smart-city-sos-cambodia\backend\src\controllers\agent.controller.js:10:13)
2026-08-27 13:57:01 [ERROR] Error: next is not a function {"statusCode":500,"path":"/api/agents","method":"GET","ip":"127.0.0.1","user":"4ad0cb0d-285f-4bf2-b618-b292b6dd596f"}
TypeError: next is not a function
    at exports.getAllAgents (E:\smart-city-sos-cambodia\backend\src\services\agent.service.js:22:9)
    at async exports.getAllAgents (E:\smart-city-sos-cambodia\backend\src\controllers\agent.controller.js:10:13)
2026-08-27 14:36:49 [ERROR] Error: next is not a function {"statusCode":500,"path":"/api/agents","method":"GET","ip":"127.0.0.1","user":"4ad0cb0d-285f-4bf2-b618-b292b6dd596f"}
TypeError: next is not a function
    at exports.getAllAgents (E:\smart-city-sos-cambodia\backend\src\services\agent.service.js:22:9)
    at async exports.getAllAgents (E:\smart-city-sos-cambodia\backend\src\controllers\agent.controller.js:10:13)
2026-08-27 14:36:49 [ERROR] Error: next is not a function {"statusCode":500,"path":"/api/agents","method":"GET","ip":"127.0.0.1","user":"4ad0cb0d-285f-4bf2-b618-b292b6dd596f"}
TypeError: next is not a function
    at exports.getAllAgents (E:\smart-city-sos-cambodia\backend\src\services\agent.service.js:22:9)
    at async exports.getAllAgents (E:\smart-city-sos-cambodia\backend\src\controllers\agent.controller.js:10:13)
2026-08-27 14:36:49 [ERROR] Error: next is not a function {"statusCode":500,"path":"/api/agents","method":"GET","ip":"127.0.0.1","user":"4ad0cb0d-285f-4bf2-b618-b292b6dd596f"}
TypeError: next is not a function
    at exports.getAllAgents (E:\smart-city-sos-cambodia\backend\src\services\agent.service.js:22:9)
    at async exports.getAllAgents (E:\smart-city-sos-cambodia\backend\src\controllers\agent.controller.js:10:13)
2026-08-27 14:36:50 [ERROR] Error: next is not a function {"statusCode":500,"path":"/api/agents","method":"GET","ip":"127.0.0.1","user":"4ad0cb0d-285f-4bf2-b618-b292b6dd596f"}
TypeError: next is not a function
    at exports.getAllAgents (E:\smart-city-sos-cambodia\backend\src\services\agent.service.js:22:9)
    at async exports.getAllAgents (E:\smart-city-sos-cambodia\backend\src\controllers\agent.controller.js:10:13)
2026-08-27 14:36:55 [ERROR] Error: next is not a function {"statusCode":500,"path":"/api/agents","method":"GET","ip":"127.0.0.1","user":"4ad0cb0d-285f-4bf2-b618-b292b6dd596f"}
TypeError: next is not a function
    at exports.getAllAgents (E:\smart-city-sos-cambodia\backend\src\services\agent.service.js:22:9)
    at async exports.getAllAgents (E:\smart-city-sos-cambodia\backend\src\controllers\agent.controller.js:10:13)
2026-08-27 14:36:56 [ERROR] Error: next is not a function {"statusCode":500,"path":"/api/agents","method":"GET","ip":"127.0.0.1","user":"4ad0cb0d-285f-4bf2-b618-b292b6dd596f"}
TypeError: next is not a function
    at exports.getAllAgents (E:\smart-city-sos-cambodia\backend\src\services\agent.service.js:22:9)
    at async exports.getAllAgents (E:\smart-city-sos-cambodia\backend\src\controllers\agent.controller.js:10:13)
2026-08-27 15:31:56 [ERROR] Error: next is not a function {"statusCode":500,"path":"/api/agents","method":"GET","ip":"127.0.0.1","user":"4ad0cb0d-285f-4bf2-b618-b292b6dd596f"}
TypeError: next is not a function
    at exports.getAllAgents (E:\smart-city-sos-cambodia\backend\src\services\agent.service.js:22:9)
    at async exports.getAllAgents (E:\smart-city-sos-cambodia\backend\src\controllers\agent.controller.js:10:13)
2026-08-27 15:31:57 [ERROR] Error: next is not a function {"statusCode":500,"path":"/api/agents","method":"GET","ip":"127.0.0.1","user":"4ad0cb0d-285f-4bf2-b618-b292b6dd596f"}
TypeError: next is not a function
    at exports.getAllAgents (E:\smart-city-sos-cambodia\backend\src\services\agent.service.js:22:9)
    at async exports.getAllAgents (E:\smart-city-sos-cambodia\backend\src\controllers\agent.controller.js:10:13)
2026-08-27 15:31:57 [ERROR] Error: next is not a function {"statusCode":500,"path":"/api/agents","method":"GET","ip":"127.0.0.1","user":"4ad0cb0d-285f-4bf2-b618-b292b6dd596f"}
TypeError: next is not a function
    at exports.getAllAgents (E:\smart-city-sos-cambodia\backend\src\services\agent.service.js:22:9)
    at async exports.getAllAgents (E:\smart-city-sos-cambodia\backend\src\controllers\agent.controller.js:10:13)
2026-08-27 15:31:57 [ERROR] Error: next is not a function {"statusCode":500,"path":"/api/agents","method":"GET","ip":"127.0.0.1","user":"4ad0cb0d-285f-4bf2-b618-b292b6dd596f"}
TypeError: next is not a function
    at exports.getAllAgents (E:\smart-city-sos-cambodia\backend\src\services\agent.service.js:22:9)
    at async exports.getAllAgents (E:\smart-city-sos-cambodia\backend\src\controllers\agent.controller.js:10:13)
2026-08-27 15:32:00 [ERROR] Error: next is not a function {"statusCode":500,"path":"/api/agents","method":"GET","ip":"127.0.0.1","user":"4ad0cb0d-285f-4bf2-b618-b292b6dd596f"}
TypeError: next is not a function
    at exports.getAllAgents (E:\smart-city-sos-cambodia\backend\src\services\agent.service.js:22:9)
    at async exports.getAllAgents (E:\smart-city-sos-cambodia\backend\src\controllers\agent.controller.js:10:13)
2026-08-27 15:32:01 [ERROR] Error: next is not a function {"statusCode":500,"path":"/api/agents","method":"GET","ip":"127.0.0.1","user":"4ad0cb0d-285f-4bf2-b618-b292b6dd596f"}
TypeError: next is not a function
    at exports.getAllAgents (E:\smart-city-sos-cambodia\backend\src\services\agent.service.js:22:9)
    at async exports.getAllAgents (E:\smart-city-sos-cambodia\backend\src\controllers\agent.controller.js:10:13)
2026-08-27 15:34:21 [ERROR] Error: next is not a function {"statusCode":500,"path":"/api/agents","method":"GET","ip":"127.0.0.1","user":"4ad0cb0d-285f-4bf2-b618-b292b6dd596f"}
TypeError: next is not a function
    at exports.getAllAgents (E:\smart-city-sos-cambodia\backend\src\services\agent.service.js:22:9)
    at async exports.getAllAgents (E:\smart-city-sos-cambodia\backend\src\controllers\agent.controller.js:10:13)
2026-08-27 15:34:51 [ERROR] Error: next is not a function {"statusCode":500,"path":"/api/agents","method":"GET","ip":"127.0.0.1","user":"4ad0cb0d-285f-4bf2-b618-b292b6dd596f"}
TypeError: next is not a function
    at exports.getAllAgents (E:\smart-city-sos-cambodia\backend\src\services\agent.service.js:22:9)
    at async exports.getAllAgents (E:\smart-city-sos-cambodia\backend\src\controllers\agent.controller.js:10:13)
2026-08-27 15:34:51 [ERROR] Error: next is not a function {"statusCode":500,"path":"/api/agents","method":"GET","ip":"127.0.0.1","user":"4ad0cb0d-285f-4bf2-b618-b292b6dd596f"}
TypeError: next is not a function
    at exports.getAllAgents (E:\smart-city-sos-cambodia\backend\src\services\agent.service.js:22:9)
    at async exports.getAllAgents (E:\smart-city-sos-cambodia\backend\src\controllers\agent.controller.js:10:13)
2026-08-27 15:34:51 [ERROR] Error: next is not a function {"statusCode":500,"path":"/api/agents","method":"GET","ip":"127.0.0.1","user":"4ad0cb0d-285f-4bf2-b618-b292b6dd596f"}
TypeError: next is not a function
    at exports.getAllAgents (E:\smart-city-sos-cambodia\backend\src\services\agent.service.js:22:9)
    at async exports.getAllAgents (E:\smart-city-sos-cambodia\backend\src\controllers\agent.controller.js:10:13)
2026-08-27 15:34:52 [ERROR] Error: next is not a function {"statusCode":500,"path":"/api/agents","method":"GET","ip":"127.0.0.1","user":"4ad0cb0d-285f-4bf2-b618-b292b6dd596f"}
TypeError: next is not a function
    at exports.getAllAgents (E:\smart-city-sos-cambodia\backend\src\services\agent.service.js:22:9)
    at async exports.getAllAgents (E:\smart-city-sos-cambodia\backend\src\controllers\agent.controller.js:10:13)
2026-08-27 15:34:53 [ERROR] Error: next is not a function {"statusCode":500,"path":"/api/agents","method":"GET","ip":"127.0.0.1","user":"4ad0cb0d-285f-4bf2-b618-b292b6dd596f"}
TypeError: next is not a function
    at exports.getAllAgents (E:\smart-city-sos-cambodia\backend\src\services\agent.service.js:22:9)
    at async exports.getAllAgents (E:\smart-city-sos-cambodia\backend\src\controllers\agent.controller.js:10:13)
2026-08-27 15:34:53 [ERROR] Error: next is not a function {"statusCode":500,"path":"/api/agents","method":"GET","ip":"127.0.0.1","user":"4ad0cb0d-285f-4bf2-b618-b292b6dd596f"}
TypeError: next is not a function
    at exports.getAllAgents (E:\smart-city-sos-cambodia\backend\src\services\agent.service.js:22:9)
    at async exports.getAllAgents (E:\smart-city-sos-cambodia\backend\src\controllers\agent.controller.js:10:13)
2026-08-27 15:34:53 [ERROR] Error: next is not a function {"statusCode":500,"path":"/api/agents","method":"GET","ip":"127.0.0.1","user":"4ad0cb0d-285f-4bf2-b618-b292b6dd596f"}
TypeError: next is not a function
    at exports.getAllAgents (E:\smart-city-sos-cambodia\backend\src\services\agent.service.js:22:9)
    at async exports.getAllAgents (E:\smart-city-sos-cambodia\backend\src\controllers\agent.controller.js:10:13)
2026-08-27 15:34:54 [ERROR] Error: next is not a function {"statusCode":500,"path":"/api/agents","method":"GET","ip":"127.0.0.1","user":"4ad0cb0d-285f-4bf2-b618-b292b6dd596f"}
TypeError: next is not a function
    at exports.getAllAgents (E:\smart-city-sos-cambodia\backend\src\services\agent.service.js:22:9)
    at async exports.getAllAgents (E:\smart-city-sos-cambodia\backend\src\controllers\agent.controller.js:10:13)
2026-08-27 15:35:01 [ERROR] Error: next is not a function {"statusCode":500,"path":"/api/agents","method":"GET","ip":"127.0.0.1","user":"4ad0cb0d-285f-4bf2-b618-b292b6dd596f"}
TypeError: next is not a function
    at exports.getAllAgents (E:\smart-city-sos-cambodia\backend\src\services\agent.service.js:22:9)
    at async exports.getAllAgents (E:\smart-city-sos-cambodia\backend\src\controllers\agent.controller.js:10:13)
2026-08-27 15:35:01 [ERROR] Error: next is not a function {"statusCode":500,"path":"/api/agents","method":"GET","ip":"127.0.0.1","user":"4ad0cb0d-285f-4bf2-b618-b292b6dd596f"}
TypeError: next is not a function
    at exports.getAllAgents (E:\smart-city-sos-cambodia\backend\src\services\agent.service.js:22:9)
    at async exports.getAllAgents (E:\smart-city-sos-cambodia\backend\src\controllers\agent.controller.js:10:13)
2026-08-27 15:43:10 [ERROR] Error: next is not a function {"statusCode":500,"path":"/api/agents","method":"GET","ip":"127.0.0.1","user":"4ad0cb0d-285f-4bf2-b618-b292b6dd596f"}
TypeError: next is not a function
    at exports.getAllAgents (E:\smart-city-sos-cambodia\backend\src\services\agent.service.js:22:9)
    at async exports.getAllAgents (E:\smart-city-sos-cambodia\backend\src\controllers\agent.controller.js:10:13)
2026-08-27 15:43:11 [ERROR] Error: next is not a function {"statusCode":500,"path":"/api/agents","method":"GET","ip":"127.0.0.1","user":"4ad0cb0d-285f-4bf2-b618-b292b6dd596f"}
TypeError: next is not a function
    at exports.getAllAgents (E:\smart-city-sos-cambodia\backend\src\services\agent.service.js:22:9)
    at async exports.getAllAgents (E:\smart-city-sos-cambodia\backend\src\controllers\agent.controller.js:10:13)
2026-08-27 15:43:12 [ERROR] Error: next is not a function {"statusCode":500,"path":"/api/agents","method":"GET","ip":"127.0.0.1","user":"4ad0cb0d-285f-4bf2-b618-b292b6dd596f"}
TypeError: next is not a function
    at exports.getAllAgents (E:\smart-city-sos-cambodia\backend\src\services\agent.service.js:22:9)
    at async exports.getAllAgents (E:\smart-city-sos-cambodia\backend\src\controllers\agent.controller.js:10:13)
2026-08-27 15:43:12 [ERROR] Error: next is not a function {"statusCode":500,"path":"/api/agents","method":"GET","ip":"127.0.0.1","user":"4ad0cb0d-285f-4bf2-b618-b292b6dd596f"}
TypeError: next is not a function
    at exports.getAllAgents (E:\smart-city-sos-cambodia\backend\src\services\agent.service.js:22:9)
    at async exports.getAllAgents (E:\smart-city-sos-cambodia\backend\src\controllers\agent.controller.js:10:13)
2026-08-27 15:43:12 [ERROR] Error: next is not a function {"statusCode":500,"path":"/api/agents","method":"GET","ip":"127.0.0.1","user":"4ad0cb0d-285f-4bf2-b618-b292b6dd596f"}
TypeError: next is not a function
    at exports.getAllAgents (E:\smart-city-sos-cambodia\backend\src\services\agent.service.js:22:9)
    at async exports.getAllAgents (E:\smart-city-sos-cambodia\backend\src\controllers\agent.controller.js:10:13)
2026-08-27 15:43:13 [ERROR] Error: next is not a function {"statusCode":500,"path":"/api/agents","method":"GET","ip":"127.0.0.1","user":"4ad0cb0d-285f-4bf2-b618-b292b6dd596f"}
TypeError: next is not a function
    at exports.getAllAgents (E:\smart-city-sos-cambodia\backend\src\services\agent.service.js:22:9)
    at async exports.getAllAgents (E:\smart-city-sos-cambodia\backend\src\controllers\agent.controller.js:10:13)
2026-08-27 15:43:46 [ERROR] Error: next is not a function {"statusCode":500,"path":"/api/agents","method":"GET","ip":"127.0.0.1","user":"4ad0cb0d-285f-4bf2-b618-b292b6dd596f"}
TypeError: next is not a function
    at exports.getAllAgents (E:\smart-city-sos-cambodia\backend\src\services\agent.service.js:22:9)
    at async exports.getAllAgents (E:\smart-city-sos-cambodia\backend\src\controllers\agent.controller.js:10:13)
2026-08-27 15:43:47 [ERROR] Error: next is not a function {"statusCode":500,"path":"/api/agents","method":"GET","ip":"127.0.0.1","user":"4ad0cb0d-285f-4bf2-b618-b292b6dd596f"}
TypeError: next is not a function
    at exports.getAllAgents (E:\smart-city-sos-cambodia\backend\src\services\agent.service.js:22:9)
    at async exports.getAllAgents (E:\smart-city-sos-cambodia\backend\src\controllers\agent.controller.js:10:13)
2026-08-27 16:02:38 [ERROR] Error: next is not a function {"statusCode":500,"path":"/api/agents","method":"GET","ip":"127.0.0.1","user":"4ad0cb0d-285f-4bf2-b618-b292b6dd596f"}
TypeError: next is not a function
    at exports.getAllAgents (E:\smart-city-sos-cambodia\backend\src\services\agent.service.js:22:9)
    at async exports.getAllAgents (E:\smart-city-sos-cambodia\backend\src\controllers\agent.controller.js:10:13)
2026-08-27 16:02:38 [ERROR] Error: next is not a function {"statusCode":500,"path":"/api/agents","method":"GET","ip":"127.0.0.1","user":"4ad0cb0d-285f-4bf2-b618-b292b6dd596f"}
TypeError: next is not a function
    at exports.getAllAgents (E:\smart-city-sos-cambodia\backend\src\services\agent.service.js:22:9)
    at async exports.getAllAgents (E:\smart-city-sos-cambodia\backend\src\controllers\agent.controller.js:10:13)
2026-08-27 16:14:56 [ERROR] Error: next is not a function {"statusCode":500,"path":"/api/agents","method":"GET","ip":"127.0.0.1","user":"4ad0cb0d-285f-4bf2-b618-b292b6dd596f"}
TypeError: next is not a function
    at exports.getAllAgents (E:\smart-city-sos-cambodia\backend\src\services\agent.service.js:22:9)
    at async exports.getAllAgents (E:\smart-city-sos-cambodia\backend\src\controllers\agent.controller.js:10:13)
2026-08-27 16:14:56 [ERROR] Error: next is not a function {"statusCode":500,"path":"/api/agents","method":"GET","ip":"127.0.0.1","user":"4ad0cb0d-285f-4bf2-b618-b292b6dd596f"}
TypeError: next is not a function
    at exports.getAllAgents (E:\smart-city-sos-cambodia\backend\src\services\agent.service.js:22:9)
    at async exports.getAllAgents (E:\smart-city-sos-cambodia\backend\src\controllers\agent.controller.js:10:13)
2026-08-27 16:14:56 [ERROR] Error: next is not a function {"statusCode":500,"path":"/api/agents","method":"GET","ip":"127.0.0.1","user":"4ad0cb0d-285f-4bf2-b618-b292b6dd596f"}
TypeError: next is not a function
    at exports.getAllAgents (E:\smart-city-sos-cambodia\backend\src\services\agent.service.js:22:9)
    at async exports.getAllAgents (E:\smart-city-sos-cambodia\backend\src\controllers\agent.controller.js:10:13)
2026-08-27 16:14:57 [ERROR] Error: next is not a function {"statusCode":500,"path":"/api/agents","method":"GET","ip":"127.0.0.1","user":"4ad0cb0d-285f-4bf2-b618-b292b6dd596f"}
TypeError: next is not a function
    at exports.getAllAgents (E:\smart-city-sos-cambodia\backend\src\services\agent.service.js:22:9)
    at async exports.getAllAgents (E:\smart-city-sos-cambodia\backend\src\controllers\agent.controller.js:10:13)
2026-08-27 16:24:00 [ERROR] Error: next is not a function {"statusCode":500,"path":"/api/agents","method":"GET","ip":"127.0.0.1","user":"4ad0cb0d-285f-4bf2-b618-b292b6dd596f"}
TypeError: next is not a function
    at exports.getAllAgents (E:\smart-city-sos-cambodia\backend\src\services\agent.service.js:22:9)
    at async exports.getAllAgents (E:\smart-city-sos-cambodia\backend\src\controllers\agent.controller.js:10:13)
2026-08-27 16:24:04 [ERROR] Error: next is not a function {"statusCode":500,"path":"/api/agents","method":"GET","ip":"127.0.0.1","user":"4ad0cb0d-285f-4bf2-b618-b292b6dd596f"}
TypeError: next is not a function
    at exports.getAllAgents (E:\smart-city-sos-cambodia\backend\src\services\agent.service.js:22:9)
    at async exports.getAllAgents (E:\smart-city-sos-cambodia\backend\src\controllers\agent.controller.js:10:13)
2026-08-27 16:24:04 [ERROR] Error: next is not a function {"statusCode":500,"path":"/api/agents","method":"GET","ip":"127.0.0.1","user":"4ad0cb0d-285f-4bf2-b618-b292b6dd596f"}
TypeError: next is not a function
    at exports.getAllAgents (E:\smart-city-sos-cambodia\backend\src\services\agent.service.js:22:9)
    at async exports.getAllAgents (E:\smart-city-sos-cambodia\backend\src\controllers\agent.controller.js:10:13)
2026-08-27 16:24:05 [ERROR] Error: next is not a function {"statusCode":500,"path":"/api/agents","method":"GET","ip":"127.0.0.1","user":"4ad0cb0d-285f-4bf2-b618-b292b6dd596f"}
TypeError: next is not a function
    at exports.getAllAgents (E:\smart-city-sos-cambodia\backend\src\services\agent.service.js:22:9)
    at async exports.getAllAgents (E:\smart-city-sos-cambodia\backend\src\controllers\agent.controller.js:10:13)
2026-08-27 16:24:05 [ERROR] Error: next is not a function {"statusCode":500,"path":"/api/agents","method":"GET","ip":"127.0.0.1","user":"4ad0cb0d-285f-4bf2-b618-b292b6dd596f"}
TypeError: next is not a function
    at exports.getAllAgents (E:\smart-city-sos-cambodia\backend\src\services\agent.service.js:22:9)
    at async exports.getAllAgents (E:\smart-city-sos-cambodia\backend\src\controllers\agent.controller.js:10:13)
2026-08-27 18:21:37 [ERROR] Error: next is not a function {"statusCode":500,"path":"/api/agents","method":"GET","ip":"127.0.0.1","user":"4ad0cb0d-285f-4bf2-b618-b292b6dd596f"}
TypeError: next is not a function
    at exports.getAllAgents (E:\smart-city-sos-cambodia\backend\src\services\agent.service.js:22:9)
    at async exports.getAllAgents (E:\smart-city-sos-cambodia\backend\src\controllers\agent.controller.js:10:13)
2026-08-27 18:21:38 [ERROR] Error: next is not a function {"statusCode":500,"path":"/api/agents","method":"GET","ip":"127.0.0.1","user":"4ad0cb0d-285f-4bf2-b618-b292b6dd596f"}
TypeError: next is not a function
    at exports.getAllAgents (E:\smart-city-sos-cambodia\backend\src\services\agent.service.js:22:9)
    at async exports.getAllAgents (E:\smart-city-sos-cambodia\backend\src\controllers\agent.controller.js:10:13)
2026-08-27 18:22:10 [ERROR] Error: next is not a function {"statusCode":500,"path":"/api/agents","method":"GET","ip":"127.0.0.1","user":"4ad0cb0d-285f-4bf2-b618-b292b6dd596f"}
TypeError: next is not a function
    at exports.getAllAgents (E:\smart-city-sos-cambodia\backend\src\services\agent.service.js:22:9)
    at async exports.getAllAgents (E:\smart-city-sos-cambodia\backend\src\controllers\agent.controller.js:10:13)
2026-08-27 18:22:11 [ERROR] Error: next is not a function {"statusCode":500,"path":"/api/agents","method":"GET","ip":"127.0.0.1","user":"4ad0cb0d-285f-4bf2-b618-b292b6dd596f"}
TypeError: next is not a function
    at exports.getAllAgents (E:\smart-city-sos-cambodia\backend\src\services\agent.service.js:22:9)
    at async exports.getAllAgents (E:\smart-city-sos-cambodia\backend\src\controllers\agent.controller.js:10:13)
2026-08-27 18:22:21 [ERROR] Error: next is not a function {"statusCode":500,"path":"/api/agents","method":"GET","ip":"127.0.0.1","user":"4ad0cb0d-285f-4bf2-b618-b292b6dd596f"}
TypeError: next is not a function
    at exports.getAllAgents (E:\smart-city-sos-cambodia\backend\src\services\agent.service.js:22:9)
    at async exports.getAllAgents (E:\smart-city-sos-cambodia\backend\src\controllers\agent.controller.js:10:13)
2026-08-27 18:22:22 [ERROR] Error: next is not a function {"statusCode":500,"path":"/api/agents","method":"GET","ip":"127.0.0.1","user":"4ad0cb0d-285f-4bf2-b618-b292b6dd596f"}
TypeError: next is not a function
    at exports.getAllAgents (E:\smart-city-sos-cambodia\backend\src\services\agent.service.js:22:9)
    at async exports.getAllAgents (E:\smart-city-sos-cambodia\backend\src\controllers\agent.controller.js:10:13)
2026-08-27 18:29:36 [ERROR] Error: next is not a function {"statusCode":500,"path":"/api/agents","method":"GET","ip":"127.0.0.1","user":"4ad0cb0d-285f-4bf2-b618-b292b6dd596f"}
TypeError: next is not a function
    at exports.getAllAgents (E:\smart-city-sos-cambodia\backend\src\services\agent.service.js:22:9)
    at async exports.getAllAgents (E:\smart-city-sos-cambodia\backend\src\controllers\agent.controller.js:10:13)
2026-08-27 18:29:37 [ERROR] Error: next is not a function {"statusCode":500,"path":"/api/agents","method":"GET","ip":"127.0.0.1","user":"4ad0cb0d-285f-4bf2-b618-b292b6dd596f"}
TypeError: next is not a function
    at exports.getAllAgents (E:\smart-city-sos-cambodia\backend\src\services\agent.service.js:22:9)
    at async exports.getAllAgents (E:\smart-city-sos-cambodia\backend\src\controllers\agent.controller.js:10:13)
2026-08-27 18:42:51 [ERROR] Error: next is not a function {"statusCode":500,"path":"/api/agents","method":"GET","ip":"127.0.0.1","user":"4ad0cb0d-285f-4bf2-b618-b292b6dd596f"}
TypeError: next is not a function
    at exports.getAllAgents (E:\smart-city-sos-cambodia\backend\src\services\agent.service.js:22:9)
    at async exports.getAllAgents (E:\smart-city-sos-cambodia\backend\src\controllers\agent.controller.js:10:13)
2026-08-27 18:42:52 [ERROR] Error: next is not a function {"statusCode":500,"path":"/api/agents","method":"GET","ip":"127.0.0.1","user":"4ad0cb0d-285f-4bf2-b618-b292b6dd596f"}
TypeError: next is not a function
    at exports.getAllAgents (E:\smart-city-sos-cambodia\backend\src\services\agent.service.js:22:9)
    at async exports.getAllAgents (E:\smart-city-sos-cambodia\backend\src\controllers\agent.controller.js:10:13)
2026-08-27 19:27:57 [ERROR] Error: next is not a function {"statusCode":500,"path":"/api/agents","method":"GET","ip":"127.0.0.1","user":"4ad0cb0d-285f-4bf2-b618-b292b6dd596f"}
TypeError: next is not a function
    at exports.getAllAgents (E:\smart-city-sos-cambodia\backend\src\services\agent.service.js:22:9)
    at async exports.getAllAgents (E:\smart-city-sos-cambodia\backend\src\controllers\agent.controller.js:10:13)
2026-08-27 19:27:57 [ERROR] Error: next is not a function {"statusCode":500,"path":"/api/agents","method":"GET","ip":"127.0.0.1","user":"4ad0cb0d-285f-4bf2-b618-b292b6dd596f"}
TypeError: next is not a function
    at exports.getAllAgents (E:\smart-city-sos-cambodia\backend\src\services\agent.service.js:22:9)
    at async exports.getAllAgents (E:\smart-city-sos-cambodia\backend\src\controllers\agent.controller.js:10:13)
2026-08-27 19:27:58 [ERROR] Error: next is not a function {"statusCode":500,"path":"/api/agents","method":"GET","ip":"127.0.0.1","user":"4ad0cb0d-285f-4bf2-b618-b292b6dd596f"}
TypeError: next is not a function
    at exports.getAllAgents (E:\smart-city-sos-cambodia\backend\src\services\agent.service.js:22:9)
    at async exports.getAllAgents (E:\smart-city-sos-cambodia\backend\src\controllers\agent.controller.js:10:13)
2026-08-27 19:27:59 [ERROR] Error: next is not a function {"statusCode":500,"path":"/api/agents","method":"GET","ip":"127.0.0.1","user":"4ad0cb0d-285f-4bf2-b618-b292b6dd596f"}
TypeError: next is not a function
    at exports.getAllAgents (E:\smart-city-sos-cambodia\backend\src\services\agent.service.js:22:9)
    at async exports.getAllAgents (E:\smart-city-sos-cambodia\backend\src\controllers\agent.controller.js:10:13)
2026-08-27 19:58:18 [ERROR] Error: next is not a function {"statusCode":500,"path":"/api/agents","method":"GET","ip":"127.0.0.1","user":"4ad0cb0d-285f-4bf2-b618-b292b6dd596f"}
TypeError: next is not a function
    at exports.getAllAgents (E:\smart-city-sos-cambodia\backend\src\services\agent.service.js:22:9)
    at async exports.getAllAgents (E:\smart-city-sos-cambodia\backend\src\controllers\agent.controller.js:10:13)
2026-08-27 19:58:19 [ERROR] Error: next is not a function {"statusCode":500,"path":"/api/agents","method":"GET","ip":"127.0.0.1","user":"4ad0cb0d-285f-4bf2-b618-b292b6dd596f"}
TypeError: next is not a function
    at exports.getAllAgents (E:\smart-city-sos-cambodia\backend\src\services\agent.service.js:22:9)
    at async exports.getAllAgents (E:\smart-city-sos-cambodia\backend\src\controllers\agent.controller.js:10:13)
2026-08-27 20:00:03 [ERROR] Error: next is not a function {"statusCode":500,"path":"/api/agents","method":"GET","ip":"127.0.0.1","user":"4ad0cb0d-285f-4bf2-b618-b292b6dd596f"}
TypeError: next is not a function
    at exports.getAllAgents (E:\smart-city-sos-cambodia\backend\src\services\agent.service.js:22:9)
    at async exports.getAllAgents (E:\smart-city-sos-cambodia\backend\src\controllers\agent.controller.js:10:13)
2026-08-27 20:00:04 [ERROR] Error: next is not a function {"statusCode":500,"path":"/api/agents","method":"GET","ip":"127.0.0.1","user":"4ad0cb0d-285f-4bf2-b618-b292b6dd596f"}
TypeError: next is not a function
    at exports.getAllAgents (E:\smart-city-sos-cambodia\backend\src\services\agent.service.js:22:9)
    at async exports.getAllAgents (E:\smart-city-sos-cambodia\backend\src\controllers\agent.controller.js:10:13)
2026-08-27 20:00:47 [ERROR] Error: next is not a function {"statusCode":500,"path":"/api/agents","method":"GET","ip":"127.0.0.1","user":"4ad0cb0d-285f-4bf2-b618-b292b6dd596f"}
TypeError: next is not a function
    at exports.getAllAgents (E:\smart-city-sos-cambodia\backend\src\services\agent.service.js:22:9)
    at async exports.getAllAgents (E:\smart-city-sos-cambodia\backend\src\controllers\agent.controller.js:10:13)
2026-08-27 20:00:48 [ERROR] Error: next is not a function {"statusCode":500,"path":"/api/agents","method":"GET","ip":"127.0.0.1","user":"4ad0cb0d-285f-4bf2-b618-b292b6dd596f"}
TypeError: next is not a function
    at exports.getAllAgents (E:\smart-city-sos-cambodia\backend\src\services\agent.service.js:22:9)
    at async exports.getAllAgents (E:\smart-city-sos-cambodia\backend\src\controllers\agent.controller.js:10:13)
2026-08-27 20:07:40 [ERROR] Error: next is not a function {"statusCode":500,"path":"/api/agents","method":"GET","ip":"127.0.0.1","user":"4ad0cb0d-285f-4bf2-b618-b292b6dd596f"}
TypeError: next is not a function
    at exports.getAllAgents (E:\smart-city-sos-cambodia\backend\src\services\agent.service.js:22:9)
    at async exports.getAllAgents (E:\smart-city-sos-cambodia\backend\src\controllers\agent.controller.js:10:13)
2026-08-27 20:07:41 [ERROR] Error: next is not a function {"statusCode":500,"path":"/api/agents","method":"GET","ip":"127.0.0.1","user":"4ad0cb0d-285f-4bf2-b618-b292b6dd596f"}
TypeError: next is not a function
    at exports.getAllAgents (E:\smart-city-sos-cambodia\backend\src\services\agent.service.js:22:9)
    at async exports.getAllAgents (E:\smart-city-sos-cambodia\backend\src\controllers\agent.controller.js:10:13)
2026-08-27 20:10:28 [ERROR] Error: next is not a function {"statusCode":500,"path":"/api/agents","method":"GET","ip":"127.0.0.1","user":"4ad0cb0d-285f-4bf2-b618-b292b6dd596f"}
TypeError: next is not a function
    at exports.getAllAgents (E:\smart-city-sos-cambodia\backend\src\services\agent.service.js:22:9)
    at async exports.getAllAgents (E:\smart-city-sos-cambodia\backend\src\controllers\agent.controller.js:10:13)
2026-08-27 20:10:29 [ERROR] Error: next is not a function {"statusCode":500,"path":"/api/agents","method":"GET","ip":"127.0.0.1","user":"4ad0cb0d-285f-4bf2-b618-b292b6dd596f"}
TypeError: next is not a function
    at exports.getAllAgents (E:\smart-city-sos-cambodia\backend\src\services\agent.service.js:22:9)
    at async exports.getAllAgents (E:\smart-city-sos-cambodia\backend\src\controllers\agent.controller.js:10:13)
2026-08-27 20:21:49 [ERROR] Error: next is not a function {"statusCode":500,"path":"/api/agents","method":"GET","ip":"127.0.0.1","user":"4ad0cb0d-285f-4bf2-b618-b292b6dd596f"}
TypeError: next is not a function
    at exports.getAllAgents (E:\smart-city-sos-cambodia\backend\src\services\agent.service.js:22:9)
    at async exports.getAllAgents (E:\smart-city-sos-cambodia\backend\src\controllers\agent.controller.js:10:13)
2026-08-27 20:21:50 [ERROR] Error: next is not a function {"statusCode":500,"path":"/api/agents","method":"GET","ip":"127.0.0.1","user":"4ad0cb0d-285f-4bf2-b618-b292b6dd596f"}
TypeError: next is not a function
    at exports.getAllAgents (E:\smart-city-sos-cambodia\backend\src\services\agent.service.js:22:9)
    at async exports.getAllAgents (E:\smart-city-sos-cambodia\backend\src\controllers\agent.controller.js:10:13)
2026-08-27 20:32:48 [ERROR] Error: next is not a function {"statusCode":500,"path":"/api/agents","method":"GET","ip":"127.0.0.1","user":"4ad0cb0d-285f-4bf2-b618-b292b6dd596f"}
TypeError: next is not a function
    at exports.getAllAgents (E:\smart-city-sos-cambodia\backend\src\services\agent.service.js:22:9)
    at async exports.getAllAgents (E:\smart-city-sos-cambodia\backend\src\controllers\agent.controller.js:10:13)
2026-08-27 20:32:49 [ERROR] Error: next is not a function {"statusCode":500,"path":"/api/agents","method":"GET","ip":"127.0.0.1","user":"4ad0cb0d-285f-4bf2-b618-b292b6dd596f"}
TypeError: next is not a function
    at exports.getAllAgents (E:\smart-city-sos-cambodia\backend\src\services\agent.service.js:22:9)
    at async exports.getAllAgents (E:\smart-city-sos-cambodia\backend\src\controllers\agent.controller.js:10:13)
2026-08-27 20:33:35 [ERROR] Error: next is not a function {"statusCode":500,"path":"/api/agents","method":"GET","ip":"127.0.0.1","user":"4ad0cb0d-285f-4bf2-b618-b292b6dd596f"}
TypeError: next is not a function
    at exports.getAllAgents (E:\smart-city-sos-cambodia\backend\src\services\agent.service.js:22:9)
    at async exports.getAllAgents (E:\smart-city-sos-cambodia\backend\src\controllers\agent.controller.js:10:13)
2026-08-27 20:33:36 [ERROR] Error: next is not a function {"statusCode":500,"path":"/api/agents","method":"GET","ip":"127.0.0.1","user":"4ad0cb0d-285f-4bf2-b618-b292b6dd596f"}
TypeError: next is not a function
    at exports.getAllAgents (E:\smart-city-sos-cambodia\backend\src\services\agent.service.js:22:9)
    at async exports.getAllAgents (E:\smart-city-sos-cambodia\backend\src\controllers\agent.controller.js:10:13)
2026-08-27 20:34:23 [ERROR] Error: next is not a function {"statusCode":500,"path":"/api/agents","method":"GET","ip":"127.0.0.1","user":"4ad0cb0d-285f-4bf2-b618-b292b6dd596f"}
TypeError: next is not a function
    at exports.getAllAgents (E:\smart-city-sos-cambodia\backend\src\services\agent.service.js:22:9)
    at async exports.getAllAgents (E:\smart-city-sos-cambodia\backend\src\controllers\agent.controller.js:10:13)
2026-08-27 20:34:27 [ERROR] Error: next is not a function {"statusCode":500,"path":"/api/agents","method":"GET","ip":"127.0.0.1","user":"4ad0cb0d-285f-4bf2-b618-b292b6dd596f"}
TypeError: next is not a function
    at exports.getAllAgents (E:\smart-city-sos-cambodia\backend\src\services\agent.service.js:22:9)
    at async exports.getAllAgents (E:\smart-city-sos-cambodia\backend\src\controllers\agent.controller.js:10:13)
2026-08-27 20:34:28 [ERROR] Error: next is not a function {"statusCode":500,"path":"/api/agents","method":"GET","ip":"127.0.0.1","user":"4ad0cb0d-285f-4bf2-b618-b292b6dd596f"}
TypeError: next is not a function
    at exports.getAllAgents (E:\smart-city-sos-cambodia\backend\src\services\agent.service.js:22:9)
    at async exports.getAllAgents (E:\smart-city-sos-cambodia\backend\src\controllers\agent.controller.js:10:13)
2026-08-27 20:50:19 [ERROR] Error: next is not a function {"statusCode":500,"path":"/api/agents","method":"GET","ip":"127.0.0.1","user":"4ad0cb0d-285f-4bf2-b618-b292b6dd596f"}
TypeError: next is not a function
    at exports.getAllAgents (E:\smart-city-sos-cambodia\backend\src\services\agent.service.js:22:9)
    at async exports.getAllAgents (E:\smart-city-sos-cambodia\backend\src\controllers\agent.controller.js:10:13)
2026-08-27 20:50:20 [ERROR] Error: next is not a function {"statusCode":500,"path":"/api/agents","method":"GET","ip":"127.0.0.1","user":"4ad0cb0d-285f-4bf2-b618-b292b6dd596f"}
TypeError: next is not a function
    at exports.getAllAgents (E:\smart-city-sos-cambodia\backend\src\services\agent.service.js:22:9)
    at async exports.getAllAgents (E:\smart-city-sos-cambodia\backend\src\controllers\agent.controller.js:10:13)
2026-08-27 20:56:21 [ERROR] Error: next is not a function {"statusCode":500,"path":"/api/agents","method":"GET","ip":"127.0.0.1","user":"4ad0cb0d-285f-4bf2-b618-b292b6dd596f"}
TypeError: next is not a function
    at exports.getAllAgents (E:\smart-city-sos-cambodia\backend\src\services\agent.service.js:22:9)
    at async exports.getAllAgents (E:\smart-city-sos-cambodia\backend\src\controllers\agent.controller.js:10:13)
2026-08-27 20:56:22 [ERROR] Error: next is not a function {"statusCode":500,"path":"/api/agents","method":"GET","ip":"127.0.0.1","user":"4ad0cb0d-285f-4bf2-b618-b292b6dd596f"}
TypeError: next is not a function
    at exports.getAllAgents (E:\smart-city-sos-cambodia\backend\src\services\agent.service.js:22:9)
    at async exports.getAllAgents (E:\smart-city-sos-cambodia\backend\src\controllers\agent.controller.js:10:13)
2026-08-27 21:04:54 [ERROR] Error: next is not a function {"statusCode":500,"path":"/api/agents","method":"GET","ip":"127.0.0.1","user":"4ad0cb0d-285f-4bf2-b618-b292b6dd596f"}
TypeError: next is not a function
    at exports.getAllAgents (E:\smart-city-sos-cambodia\backend\src\services\agent.service.js:22:9)
    at async exports.getAllAgents (E:\smart-city-sos-cambodia\backend\src\controllers\agent.controller.js:10:13)
2026-08-27 21:04:57 [ERROR] Error: next is not a function {"statusCode":500,"path":"/api/agents","method":"GET","ip":"127.0.0.1","user":"4ad0cb0d-285f-4bf2-b618-b292b6dd596f"}
TypeError: next is not a function
    at exports.getAllAgents (E:\smart-city-sos-cambodia\backend\src\services\agent.service.js:22:9)
    at async exports.getAllAgents (E:\smart-city-sos-cambodia\backend\src\controllers\agent.controller.js:10:13)
2026-08-27 21:04:57 [ERROR] Error: next is not a function {"statusCode":500,"path":"/api/agents","method":"GET","ip":"127.0.0.1","user":"4ad0cb0d-285f-4bf2-b618-b292b6dd596f"}
TypeError: next is not a function
    at exports.getAllAgents (E:\smart-city-sos-cambodia\backend\src\services\agent.service.js:22:9)
    at async exports.getAllAgents (E:\smart-city-sos-cambodia\backend\src\controllers\agent.controller.js:10:13)
2026-08-27 21:05:07 [ERROR] Error: next is not a function {"statusCode":500,"path":"/api/agents","method":"GET","ip":"127.0.0.1","user":"4ad0cb0d-285f-4bf2-b618-b292b6dd596f"}
TypeError: next is not a function
    at exports.getAllAgents (E:\smart-city-sos-cambodia\backend\src\services\agent.service.js:22:9)
    at async exports.getAllAgents (E:\smart-city-sos-cambodia\backend\src\controllers\agent.controller.js:10:13)
2026-08-27 21:05:08 [ERROR] Error: next is not a function {"statusCode":500,"path":"/api/agents","method":"GET","ip":"127.0.0.1","user":"4ad0cb0d-285f-4bf2-b618-b292b6dd596f"}
TypeError: next is not a function
    at exports.getAllAgents (E:\smart-city-sos-cambodia\backend\src\services\agent.service.js:22:9)
    at async exports.getAllAgents (E:\smart-city-sos-cambodia\backend\src\controllers\agent.controller.js:10:13)
2026-08-27 21:08:36 [ERROR] Login error: Invalid credentials
2026-08-27 21:08:36 [ERROR] Error: Invalid email or password {"statusCode":401,"path":"/api/auth/login","method":"POST","ip":"127.0.0.1","user":"anonymous"}
AppError: Invalid email or password
    at login (E:\smart-city-sos-cambodia\backend\src\controllers\auth.controller.js:257:9)
2026-08-27 21:08:51 [ERROR] Login error: Invalid credentials
2026-08-27 21:08:51 [ERROR] Error: Invalid email or password {"statusCode":401,"path":"/api/auth/login","method":"POST","ip":"127.0.0.1","user":"anonymous"}
AppError: Invalid email or password
    at login (E:\smart-city-sos-cambodia\backend\src\controllers\auth.controller.js:257:9)
2026-08-27 21:09:05 [ERROR] Error: next is not a function {"statusCode":500,"path":"/api/agents","method":"GET","ip":"127.0.0.1","user":"4ad0cb0d-285f-4bf2-b618-b292b6dd596f"}
TypeError: next is not a function
    at exports.getAllAgents (E:\smart-city-sos-cambodia\backend\src\services\agent.service.js:22:9)
    at async exports.getAllAgents (E:\smart-city-sos-cambodia\backend\src\controllers\agent.controller.js:10:13)
2026-08-27 21:09:06 [ERROR] Error: next is not a function {"statusCode":500,"path":"/api/agents","method":"GET","ip":"127.0.0.1","user":"4ad0cb0d-285f-4bf2-b618-b292b6dd596f"}
TypeError: next is not a function
    at exports.getAllAgents (E:\smart-city-sos-cambodia\backend\src\services\agent.service.js:22:9)
    at async exports.getAllAgents (E:\smart-city-sos-cambodia\backend\src\controllers\agent.controller.js:10:13)
2026-08-27 21:18:19 [ERROR] Error: next is not a function {"statusCode":500,"path":"/api/agents","method":"GET","ip":"127.0.0.1","user":"4ad0cb0d-285f-4bf2-b618-b292b6dd596f"}
TypeError: next is not a function
    at exports.getAllAgents (E:\smart-city-sos-cambodia\backend\src\services\agent.service.js:22:9)
    at async exports.getAllAgents (E:\smart-city-sos-cambodia\backend\src\controllers\agent.controller.js:10:13)
2026-08-27 21:18:19 [ERROR] Error: next is not a function {"statusCode":500,"path":"/api/agents","method":"GET","ip":"127.0.0.1","user":"4ad0cb0d-285f-4bf2-b618-b292b6dd596f"}
TypeError: next is not a function
    at exports.getAllAgents (E:\smart-city-sos-cambodia\backend\src\services\agent.service.js:22:9)
    at async exports.getAllAgents (E:\smart-city-sos-cambodia\backend\src\controllers\agent.controller.js:10:13)
2026-08-27 21:19:04 [ERROR] Error: next is not a function {"statusCode":500,"path":"/api/agents","method":"GET","ip":"127.0.0.1","user":"4ad0cb0d-285f-4bf2-b618-b292b6dd596f"}
TypeError: next is not a function
    at exports.getAllAgents (E:\smart-city-sos-cambodia\backend\src\services\agent.service.js:22:9)
    at async exports.getAllAgents (E:\smart-city-sos-cambodia\backend\src\controllers\agent.controller.js:10:13)
2026-08-27 21:19:05 [ERROR] Error: next is not a function {"statusCode":500,"path":"/api/agents","method":"GET","ip":"127.0.0.1","user":"4ad0cb0d-285f-4bf2-b618-b292b6dd596f"}
TypeError: next is not a function
    at exports.getAllAgents (E:\smart-city-sos-cambodia\backend\src\services\agent.service.js:22:9)
    at async exports.getAllAgents (E:\smart-city-sos-cambodia\backend\src\controllers\agent.controller.js:10:13)
2026-08-27 21:19:11 [ERROR] Error: next is not a function {"statusCode":500,"path":"/api/agents","method":"GET","ip":"127.0.0.1","user":"4ad0cb0d-285f-4bf2-b618-b292b6dd596f"}
TypeError: next is not a function
    at exports.getAllAgents (E:\smart-city-sos-cambodia\backend\src\services\agent.service.js:22:9)
    at async exports.getAllAgents (E:\smart-city-sos-cambodia\backend\src\controllers\agent.controller.js:10:13)
2026-08-27 21:19:12 [ERROR] Error: next is not a function {"statusCode":500,"path":"/api/agents","method":"GET","ip":"127.0.0.1","user":"4ad0cb0d-285f-4bf2-b618-b292b6dd596f"}
TypeError: next is not a function
    at exports.getAllAgents (E:\smart-city-sos-cambodia\backend\src\services\agent.service.js:22:9)
    at async exports.getAllAgents (E:\smart-city-sos-cambodia\backend\src\controllers\agent.controller.js:10:13)
2026-08-27 21:20:44 [ERROR] Error: next is not a function {"statusCode":500,"path":"/api/agents","method":"GET","ip":"127.0.0.1","user":"4ad0cb0d-285f-4bf2-b618-b292b6dd596f"}
TypeError: next is not a function
    at exports.getAllAgents (E:\smart-city-sos-cambodia\backend\src\services\agent.service.js:22:9)
    at async exports.getAllAgents (E:\smart-city-sos-cambodia\backend\src\controllers\agent.controller.js:10:13)
2026-08-27 21:20:45 [ERROR] Error: next is not a function {"statusCode":500,"path":"/api/agents","method":"GET","ip":"127.0.0.1","user":"4ad0cb0d-285f-4bf2-b618-b292b6dd596f"}
TypeError: next is not a function
    at exports.getAllAgents (E:\smart-city-sos-cambodia\backend\src\services\agent.service.js:22:9)
    at async exports.getAllAgents (E:\smart-city-sos-cambodia\backend\src\controllers\agent.controller.js:10:13)
2026-08-27 21:33:44 [ERROR] Error: next is not a function {"statusCode":500,"path":"/api/agents","method":"GET","ip":"127.0.0.1","user":"4ad0cb0d-285f-4bf2-b618-b292b6dd596f"}
TypeError: next is not a function
    at exports.getAllAgents (E:\smart-city-sos-cambodia\backend\src\services\agent.service.js:22:9)
    at async exports.getAllAgents (E:\smart-city-sos-cambodia\backend\src\controllers\agent.controller.js:10:13)
2026-08-27 21:33:45 [ERROR] Error: next is not a function {"statusCode":500,"path":"/api/agents","method":"GET","ip":"127.0.0.1","user":"4ad0cb0d-285f-4bf2-b618-b292b6dd596f"}
TypeError: next is not a function
    at exports.getAllAgents (E:\smart-city-sos-cambodia\backend\src\services\agent.service.js:22:9)
    at async exports.getAllAgents (E:\smart-city-sos-cambodia\backend\src\controllers\agent.controller.js:10:13)
2026-08-27 21:33:59 [ERROR] Error: next is not a function {"statusCode":500,"path":"/api/agents","method":"GET","ip":"127.0.0.1","user":"4ad0cb0d-285f-4bf2-b618-b292b6dd596f"}
TypeError: next is not a function
    at exports.getAllAgents (E:\smart-city-sos-cambodia\backend\src\services\agent.service.js:22:9)
    at async exports.getAllAgents (E:\smart-city-sos-cambodia\backend\src\controllers\agent.controller.js:10:13)
2026-08-27 21:34:00 [ERROR] Error: next is not a function {"statusCode":500,"path":"/api/agents","method":"GET","ip":"127.0.0.1","user":"4ad0cb0d-285f-4bf2-b618-b292b6dd596f"}
TypeError: next is not a function
    at exports.getAllAgents (E:\smart-city-sos-cambodia\backend\src\services\agent.service.js:22:9)
    at async exports.getAllAgents (E:\smart-city-sos-cambodia\backend\src\controllers\agent.controller.js:10:13)
2026-08-27 21:37:28 [ERROR] Error: next is not a function {"statusCode":500,"path":"/api/agents","method":"GET","ip":"127.0.0.1","user":"4ad0cb0d-285f-4bf2-b618-b292b6dd596f"}
TypeError: next is not a function
    at exports.getAllAgents (E:\smart-city-sos-cambodia\backend\src\services\agent.service.js:22:9)
    at async exports.getAllAgents (E:\smart-city-sos-cambodia\backend\src\controllers\agent.controller.js:10:13)
2026-08-27 21:37:29 [ERROR] Error: next is not a function {"statusCode":500,"path":"/api/agents","method":"GET","ip":"127.0.0.1","user":"4ad0cb0d-285f-4bf2-b618-b292b6dd596f"}
TypeError: next is not a function
    at exports.getAllAgents (E:\smart-city-sos-cambodia\backend\src\services\agent.service.js:22:9)
    at async exports.getAllAgents (E:\smart-city-sos-cambodia\backend\src\controllers\agent.controller.js:10:13)
2026-08-28 14:30:33 [ERROR] Error: next is not a function {"statusCode":500,"path":"/api/agents","method":"GET","ip":"127.0.0.1","user":"4ad0cb0d-285f-4bf2-b618-b292b6dd596f"}
TypeError: next is not a function
    at exports.getAllAgents (E:\smart-city-sos-cambodia\backend\src\services\agent.service.js:22:9)
    at async exports.getAllAgents (E:\smart-city-sos-cambodia\backend\src\controllers\agent.controller.js:10:13)
2026-08-28 14:30:34 [ERROR] Error: next is not a function {"statusCode":500,"path":"/api/agents","method":"GET","ip":"127.0.0.1","user":"4ad0cb0d-285f-4bf2-b618-b292b6dd596f"}
TypeError: next is not a function
    at exports.getAllAgents (E:\smart-city-sos-cambodia\backend\src\services\agent.service.js:22:9)
    at async exports.getAllAgents (E:\smart-city-sos-cambodia\backend\src\controllers\agent.controller.js:10:13)
2026-08-28 15:21:26 [ERROR] Error: next is not a function {"statusCode":500,"path":"/api/agents","method":"GET","ip":"127.0.0.1","user":"4ad0cb0d-285f-4bf2-b618-b292b6dd596f"}
TypeError: next is not a function
    at exports.getAllAgents (E:\smart-city-sos-cambodia\backend\src\services\agent.service.js:22:9)
    at async exports.getAllAgents (E:\smart-city-sos-cambodia\backend\src\controllers\agent.controller.js:10:13)
2026-08-28 15:21:27 [ERROR] Error: next is not a function {"statusCode":500,"path":"/api/agents","method":"GET","ip":"127.0.0.1","user":"4ad0cb0d-285f-4bf2-b618-b292b6dd596f"}
TypeError: next is not a function
    at exports.getAllAgents (E:\smart-city-sos-cambodia\backend\src\services\agent.service.js:22:9)
    at async exports.getAllAgents (E:\smart-city-sos-cambodia\backend\src\controllers\agent.controller.js:10:13)
2026-08-28 15:21:32 [ERROR] Error: next is not a function {"statusCode":500,"path":"/api/agents","method":"GET","ip":"127.0.0.1","user":"4ad0cb0d-285f-4bf2-b618-b292b6dd596f"}
TypeError: next is not a function
    at exports.getAllAgents (E:\smart-city-sos-cambodia\backend\src\services\agent.service.js:22:9)
    at async exports.getAllAgents (E:\smart-city-sos-cambodia\backend\src\controllers\agent.controller.js:10:13)
2026-08-28 15:21:34 [ERROR] Error: next is not a function {"statusCode":500,"path":"/api/agents","method":"GET","ip":"127.0.0.1","user":"4ad0cb0d-285f-4bf2-b618-b292b6dd596f"}
TypeError: next is not a function
    at exports.getAllAgents (E:\smart-city-sos-cambodia\backend\src\services\agent.service.js:22:9)
    at async exports.getAllAgents (E:\smart-city-sos-cambodia\backend\src\controllers\agent.controller.js:10:13)
2026-08-28 16:38:24 [ERROR] Error: next is not a function {"statusCode":500,"path":"/api/agents","method":"GET","ip":"127.0.0.1","user":"4ad0cb0d-285f-4bf2-b618-b292b6dd596f"}
TypeError: next is not a function
    at exports.getAllAgents (E:\smart-city-sos-cambodia\backend\src\services\agent.service.js:22:9)
    at async exports.getAllAgents (E:\smart-city-sos-cambodia\backend\src\controllers\agent.controller.js:10:13)
2026-08-28 16:38:25 [ERROR] Error: next is not a function {"statusCode":500,"path":"/api/agents","method":"GET","ip":"127.0.0.1","user":"4ad0cb0d-285f-4bf2-b618-b292b6dd596f"}
TypeError: next is not a function
    at exports.getAllAgents (E:\smart-city-sos-cambodia\backend\src\services\agent.service.js:22:9)
    at async exports.getAllAgents (E:\smart-city-sos-cambodia\backend\src\controllers\agent.controller.js:10:13)
2026-08-28 16:39:26 [ERROR] Error: next is not a function {"statusCode":500,"path":"/api/agents","method":"GET","ip":"127.0.0.1","user":"4ad0cb0d-285f-4bf2-b618-b292b6dd596f"}
TypeError: next is not a function
    at exports.getAllAgents (E:\smart-city-sos-cambodia\backend\src\services\agent.service.js:22:9)
    at async exports.getAllAgents (E:\smart-city-sos-cambodia\backend\src\controllers\agent.controller.js:10:13)
2026-08-28 16:39:27 [ERROR] Error: next is not a function {"statusCode":500,"path":"/api/agents","method":"GET","ip":"127.0.0.1","user":"4ad0cb0d-285f-4bf2-b618-b292b6dd596f"}
TypeError: next is not a function
    at exports.getAllAgents (E:\smart-city-sos-cambodia\backend\src\services\agent.service.js:22:9)
    at async exports.getAllAgents (E:\smart-city-sos-cambodia\backend\src\controllers\agent.controller.js:10:13)
2026-08-28 17:23:30 [ERROR] Error: next is not a function {"statusCode":500,"path":"/api/agents","method":"GET","ip":"127.0.0.1","user":"4ad0cb0d-285f-4bf2-b618-b292b6dd596f"}
TypeError: next is not a function
    at exports.getAllAgents (E:\smart-city-sos-cambodia\backend\src\services\agent.service.js:22:9)
    at async exports.getAllAgents (E:\smart-city-sos-cambodia\backend\src\controllers\agent.controller.js:10:13)
2026-08-28 17:23:31 [ERROR] Error: next is not a function {"statusCode":500,"path":"/api/agents","method":"GET","ip":"127.0.0.1","user":"4ad0cb0d-285f-4bf2-b618-b292b6dd596f"}
TypeError: next is not a function
    at exports.getAllAgents (E:\smart-city-sos-cambodia\backend\src\services\agent.service.js:22:9)
    at async exports.getAllAgents (E:\smart-city-sos-cambodia\backend\src\controllers\agent.controller.js:10:13)
2026-08-28 17:25:42 [ERROR] Error: next is not a function {"statusCode":500,"path":"/api/agents","method":"GET","ip":"127.0.0.1","user":"4ad0cb0d-285f-4bf2-b618-b292b6dd596f"}
TypeError: next is not a function
    at exports.getAllAgents (E:\smart-city-sos-cambodia\backend\src\services\agent.service.js:22:9)
    at async exports.getAllAgents (E:\smart-city-sos-cambodia\backend\src\controllers\agent.controller.js:10:13)
2026-08-28 17:25:43 [ERROR] Error: next is not a function {"statusCode":500,"path":"/api/agents","method":"GET","ip":"127.0.0.1","user":"4ad0cb0d-285f-4bf2-b618-b292b6dd596f"}
TypeError: next is not a function
    at exports.getAllAgents (E:\smart-city-sos-cambodia\backend\src\services\agent.service.js:22:9)
    at async exports.getAllAgents (E:\smart-city-sos-cambodia\backend\src\controllers\agent.controller.js:10:13)
2026-08-28 17:26:17 [ERROR] Error: next is not a function {"statusCode":500,"path":"/api/agents","method":"GET","ip":"127.0.0.1","user":"4ad0cb0d-285f-4bf2-b618-b292b6dd596f"}
TypeError: next is not a function
    at exports.getAllAgents (E:\smart-city-sos-cambodia\backend\src\services\agent.service.js:22:9)
    at async exports.getAllAgents (E:\smart-city-sos-cambodia\backend\src\controllers\agent.controller.js:10:13)
2026-08-28 17:26:18 [ERROR] Error: next is not a function {"statusCode":500,"path":"/api/agents","method":"GET","ip":"127.0.0.1","user":"4ad0cb0d-285f-4bf2-b618-b292b6dd596f"}
TypeError: next is not a function
    at exports.getAllAgents (E:\smart-city-sos-cambodia\backend\src\services\agent.service.js:22:9)
    at async exports.getAllAgents (E:\smart-city-sos-cambodia\backend\src\controllers\agent.controller.js:10:13)
2026-08-28 19:56:28 [ERROR] Login error: Invalid credentials
2026-08-28 19:56:28 [ERROR] Error: Invalid email or password {"statusCode":401,"path":"/api/auth/login","method":"POST","ip":"127.0.0.1","user":"anonymous"}
AppError: Invalid email or password
    at login (E:\smart-city-sos-cambodia\backend\src\controllers\auth.controller.js:257:9)
2026-08-28 19:56:47 [ERROR] Error: next is not a function {"statusCode":500,"path":"/api/agents","method":"GET","ip":"127.0.0.1","user":"4ad0cb0d-285f-4bf2-b618-b292b6dd596f"}
TypeError: next is not a function
    at exports.getAllAgents (E:\smart-city-sos-cambodia\backend\src\services\agent.service.js:22:9)
    at async exports.getAllAgents (E:\smart-city-sos-cambodia\backend\src\controllers\agent.controller.js:10:13)
2026-08-28 19:56:47 [ERROR] Error: next is not a function {"statusCode":500,"path":"/api/agents","method":"GET","ip":"127.0.0.1","user":"4ad0cb0d-285f-4bf2-b618-b292b6dd596f"}
TypeError: next is not a function
    at exports.getAllAgents (E:\smart-city-sos-cambodia\backend\src\services\agent.service.js:22:9)
    at async exports.getAllAgents (E:\smart-city-sos-cambodia\backend\src\controllers\agent.controller.js:10:13)
2026-08-28 20:53:25 [ERROR] Error: next is not a function {"statusCode":500,"path":"/api/agents","method":"GET","ip":"127.0.0.1","user":"4ad0cb0d-285f-4bf2-b618-b292b6dd596f"}
TypeError: next is not a function
    at exports.getAllAgents (E:\smart-city-sos-cambodia\backend\src\services\agent.service.js:22:9)
    at async exports.getAllAgents (E:\smart-city-sos-cambodia\backend\src\controllers\agent.controller.js:10:13)
2026-08-28 20:53:26 [ERROR] Error: next is not a function {"statusCode":500,"path":"/api/agents","method":"GET","ip":"127.0.0.1","user":"4ad0cb0d-285f-4bf2-b618-b292b6dd596f"}
TypeError: next is not a function
    at exports.getAllAgents (E:\smart-city-sos-cambodia\backend\src\services\agent.service.js:22:9)
    at async exports.getAllAgents (E:\smart-city-sos-cambodia\backend\src\controllers\agent.controller.js:10:13)
2026-08-28 20:53:27 [ERROR] Error: next is not a function {"statusCode":500,"path":"/api/agents","method":"GET","ip":"127.0.0.1","user":"4ad0cb0d-285f-4bf2-b618-b292b6dd596f"}
TypeError: next is not a function
    at exports.getAllAgents (E:\smart-city-sos-cambodia\backend\src\services\agent.service.js:22:9)
    at async exports.getAllAgents (E:\smart-city-sos-cambodia\backend\src\controllers\agent.controller.js:10:13)
2026-08-28 20:53:28 [ERROR] Error: next is not a function {"statusCode":500,"path":"/api/agents","method":"GET","ip":"127.0.0.1","user":"4ad0cb0d-285f-4bf2-b618-b292b6dd596f"}
TypeError: next is not a function
    at exports.getAllAgents (E:\smart-city-sos-cambodia\backend\src\services\agent.service.js:22:9)
    at async exports.getAllAgents (E:\smart-city-sos-cambodia\backend\src\controllers\agent.controller.js:10:13)
2026-08-28 21:10:21 [ERROR] Refresh token error: Invalid refresh token
2026-08-28 21:10:21 [ERROR] Refresh token error: Invalid refresh token
2026-08-28 21:10:21 [ERROR] Error: Invalid refresh token {"statusCode":401,"path":"/api/auth/refresh","method":"POST","ip":"127.0.0.1","user":"anonymous"}
AppError: Invalid refresh token
    at refresh (E:\smart-city-sos-cambodia\backend\src\controllers\auth.controller.js:308:19)
2026-08-28 21:10:48 [ERROR] Error: next is not a function {"statusCode":500,"path":"/api/agents","method":"GET","ip":"127.0.0.1","user":"7cb095b7-58b9-4425-bda5-f6216810446d"}
TypeError: next is not a function
    at exports.getAllAgents (E:\smart-city-sos-cambodia\backend\src\services\agent.service.js:22:9)
    at async exports.getAllAgents (E:\smart-city-sos-cambodia\backend\src\controllers\agent.controller.js:10:13)
2026-08-28 21:10:49 [ERROR] Error: next is not a function {"statusCode":500,"path":"/api/agents","method":"GET","ip":"127.0.0.1","user":"7cb095b7-58b9-4425-bda5-f6216810446d"}
TypeError: next is not a function
    at exports.getAllAgents (E:\smart-city-sos-cambodia\backend\src\services\agent.service.js:22:9)
    at async exports.getAllAgents (E:\smart-city-sos-cambodia\backend\src\controllers\agent.controller.js:10:13)
2026-08-28 21:10:50 [ERROR] Error: next is not a function {"statusCode":500,"path":"/api/agents","method":"GET","ip":"127.0.0.1","user":"7cb095b7-58b9-4425-bda5-f6216810446d"}
TypeError: next is not a function
    at exports.getAllAgents (E:\smart-city-sos-cambodia\backend\src\services\agent.service.js:22:9)
    at async exports.getAllAgents (E:\smart-city-sos-cambodia\backend\src\controllers\agent.controller.js:10:13)
2026-08-28 21:10:51 [ERROR] Error: next is not a function {"statusCode":500,"path":"/api/agents","method":"GET","ip":"127.0.0.1","user":"7cb095b7-58b9-4425-bda5-f6216810446d"}
TypeError: next is not a function
    at exports.getAllAgents (E:\smart-city-sos-cambodia\backend\src\services\agent.service.js:22:9)
    at async exports.getAllAgents (E:\smart-city-sos-cambodia\backend\src\controllers\agent.controller.js:10:13)
2026-08-28 21:20:44 [ERROR] Error: next is not a function {"statusCode":500,"path":"/api/agents","method":"GET","ip":"127.0.0.1","user":"7cb095b7-58b9-4425-bda5-f6216810446d"}
TypeError: next is not a function
    at exports.getAllAgents (E:\smart-city-sos-cambodia\backend\src\services\agent.service.js:22:9)
    at async exports.getAllAgents (E:\smart-city-sos-cambodia\backend\src\controllers\agent.controller.js:10:13)
2026-08-28 21:20:45 [ERROR] Error: next is not a function {"statusCode":500,"path":"/api/agents","method":"GET","ip":"127.0.0.1","user":"7cb095b7-58b9-4425-bda5-f6216810446d"}
TypeError: next is not a function
    at exports.getAllAgents (E:\smart-city-sos-cambodia\backend\src\services\agent.service.js:22:9)
    at async exports.getAllAgents (E:\smart-city-sos-cambodia\backend\src\controllers\agent.controller.js:10:13)
2026-08-28 21:26:19 [ERROR] Error: next is not a function {"statusCode":500,"path":"/api/agents","method":"GET","ip":"127.0.0.1","user":"7cb095b7-58b9-4425-bda5-f6216810446d"}
TypeError: next is not a function
    at exports.getAllAgents (E:\smart-city-sos-cambodia\backend\src\services\agent.service.js:22:9)
    at async exports.getAllAgents (E:\smart-city-sos-cambodia\backend\src\controllers\agent.controller.js:10:13)
2026-08-28 21:26:20 [ERROR] Error: next is not a function {"statusCode":500,"path":"/api/agents","method":"GET","ip":"127.0.0.1","user":"7cb095b7-58b9-4425-bda5-f6216810446d"}
TypeError: next is not a function
    at exports.getAllAgents (E:\smart-city-sos-cambodia\backend\src\services\agent.service.js:22:9)
    at async exports.getAllAgents (E:\smart-city-sos-cambodia\backend\src\controllers\agent.controller.js:10:13)
2026-08-28 21:36:44 [ERROR] Error: next is not a function {"statusCode":500,"path":"/api/agents","method":"GET","ip":"127.0.0.1","user":"7cb095b7-58b9-4425-bda5-f6216810446d"}
TypeError: next is not a function
    at exports.getAllAgents (E:\smart-city-sos-cambodia\backend\src\services\agent.service.js:22:9)
    at async exports.getAllAgents (E:\smart-city-sos-cambodia\backend\src\controllers\agent.controller.js:10:13)
2026-08-28 21:36:45 [ERROR] Error: next is not a function {"statusCode":500,"path":"/api/agents","method":"GET","ip":"127.0.0.1","user":"7cb095b7-58b9-4425-bda5-f6216810446d"}
TypeError: next is not a function
    at exports.getAllAgents (E:\smart-city-sos-cambodia\backend\src\services\agent.service.js:22:9)
    at async exports.getAllAgents (E:\smart-city-sos-cambodia\backend\src\controllers\agent.controller.js:10:13)
2026-08-28 21:43:26 [ERROR] Error: next is not a function {"statusCode":500,"path":"/api/agents","method":"GET","ip":"127.0.0.1","user":"7cb095b7-58b9-4425-bda5-f6216810446d"}
TypeError: next is not a function
    at exports.getAllAgents (E:\smart-city-sos-cambodia\backend\src\services\agent.service.js:22:9)
    at async exports.getAllAgents (E:\smart-city-sos-cambodia\backend\src\controllers\agent.controller.js:10:13)
2026-08-28 21:43:28 [ERROR] Error: next is not a function {"statusCode":500,"path":"/api/agents","method":"GET","ip":"127.0.0.1","user":"7cb095b7-58b9-4425-bda5-f6216810446d"}
TypeError: next is not a function
    at exports.getAllAgents (E:\smart-city-sos-cambodia\backend\src\services\agent.service.js:22:9)
    at async exports.getAllAgents (E:\smart-city-sos-cambodia\backend\src\controllers\agent.controller.js:10:13)
2026-08-28 21:45:28 [ERROR] Error: next is not a function {"statusCode":500,"path":"/api/agents","method":"GET","ip":"127.0.0.1","user":"7cb095b7-58b9-4425-bda5-f6216810446d"}
TypeError: next is not a function
    at exports.getAllAgents (E:\smart-city-sos-cambodia\backend\src\services\agent.service.js:22:9)
    at async exports.getAllAgents (E:\smart-city-sos-cambodia\backend\src\controllers\agent.controller.js:10:13)
2026-08-28 21:45:30 [ERROR] Error: next is not a function {"statusCode":500,"path":"/api/agents","method":"GET","ip":"127.0.0.1","user":"7cb095b7-58b9-4425-bda5-f6216810446d"}
TypeError: next is not a function
    at exports.getAllAgents (E:\smart-city-sos-cambodia\backend\src\services\agent.service.js:22:9)
    at async exports.getAllAgents (E:\smart-city-sos-cambodia\backend\src\controllers\agent.controller.js:10:13)
2026-08-28 21:45:31 [ERROR] Error: next is not a function {"statusCode":500,"path":"/api/agents","method":"GET","ip":"127.0.0.1","user":"7cb095b7-58b9-4425-bda5-f6216810446d"}
TypeError: next is not a function
    at exports.getAllAgents (E:\smart-city-sos-cambodia\backend\src\services\agent.service.js:22:9)
    at async exports.getAllAgents (E:\smart-city-sos-cambodia\backend\src\controllers\agent.controller.js:10:13)
2026-08-28 21:45:32 [ERROR] Error: next is not a function {"statusCode":500,"path":"/api/agents","method":"GET","ip":"127.0.0.1","user":"7cb095b7-58b9-4425-bda5-f6216810446d"}
TypeError: next is not a function
    at exports.getAllAgents (E:\smart-city-sos-cambodia\backend\src\services\agent.service.js:22:9)
    at async exports.getAllAgents (E:\smart-city-sos-cambodia\backend\src\controllers\agent.controller.js:10:13)
2026-08-28 22:46:15 [ERROR] Error: next is not a function {"statusCode":500,"path":"/api/agents","method":"GET","ip":"127.0.0.1","user":"7cb095b7-58b9-4425-bda5-f6216810446d"}
TypeError: next is not a function
    at exports.getAllAgents (E:\smart-city-sos-cambodia\backend\src\services\agent.service.js:22:9)
    at async exports.getAllAgents (E:\smart-city-sos-cambodia\backend\src\controllers\agent.controller.js:10:13)
2026-08-28 22:46:16 [ERROR] Error: next is not a function {"statusCode":500,"path":"/api/agents","method":"GET","ip":"127.0.0.1","user":"7cb095b7-58b9-4425-bda5-f6216810446d"}
TypeError: next is not a function
    at exports.getAllAgents (E:\smart-city-sos-cambodia\backend\src\services\agent.service.js:22:9)
    at async exports.getAllAgents (E:\smart-city-sos-cambodia\backend\src\controllers\agent.controller.js:10:13)
2026-08-28 22:46:18 [ERROR] Error: next is not a function {"statusCode":500,"path":"/api/agents","method":"GET","ip":"127.0.0.1","user":"7cb095b7-58b9-4425-bda5-f6216810446d"}
TypeError: next is not a function
    at exports.getAllAgents (E:\smart-city-sos-cambodia\backend\src\services\agent.service.js:22:9)
    at async exports.getAllAgents (E:\smart-city-sos-cambodia\backend\src\controllers\agent.controller.js:10:13)
2026-08-28 22:46:19 [ERROR] Error: next is not a function {"statusCode":500,"path":"/api/agents","method":"GET","ip":"127.0.0.1","user":"7cb095b7-58b9-4425-bda5-f6216810446d"}
TypeError: next is not a function
    at exports.getAllAgents (E:\smart-city-sos-cambodia\backend\src\services\agent.service.js:22:9)
    at async exports.getAllAgents (E:\smart-city-sos-cambodia\backend\src\controllers\agent.controller.js:10:13)
2026-08-28 23:11:09 [ERROR] Error: next is not a function {"statusCode":500,"path":"/api/agents","method":"GET","ip":"127.0.0.1","user":"7cb095b7-58b9-4425-bda5-f6216810446d"}
TypeError: next is not a function
    at exports.getAllAgents (E:\smart-city-sos-cambodia\backend\src\services\agent.service.js:22:9)
    at async exports.getAllAgents (E:\smart-city-sos-cambodia\backend\src\controllers\agent.controller.js:10:13)
2026-08-28 23:11:09 [ERROR] Error: next is not a function {"statusCode":500,"path":"/api/agents","method":"GET","ip":"127.0.0.1","user":"7cb095b7-58b9-4425-bda5-f6216810446d"}
TypeError: next is not a function
    at exports.getAllAgents (E:\smart-city-sos-cambodia\backend\src\services\agent.service.js:22:9)
    at async exports.getAllAgents (E:\smart-city-sos-cambodia\backend\src\controllers\agent.controller.js:10:13)
2026-08-28 23:11:10 [ERROR] Error: next is not a function {"statusCode":500,"path":"/api/agents","method":"GET","ip":"127.0.0.1","user":"7cb095b7-58b9-4425-bda5-f6216810446d"}
TypeError: next is not a function
    at exports.getAllAgents (E:\smart-city-sos-cambodia\backend\src\services\agent.service.js:22:9)
    at async exports.getAllAgents (E:\smart-city-sos-cambodia\backend\src\controllers\agent.controller.js:10:13)
2026-08-28 23:11:10 [ERROR] Error: next is not a function {"statusCode":500,"path":"/api/agents","method":"GET","ip":"127.0.0.1","user":"7cb095b7-58b9-4425-bda5-f6216810446d"}
TypeError: next is not a function
    at exports.getAllAgents (E:\smart-city-sos-cambodia\backend\src\services\agent.service.js:22:9)
    at async exports.getAllAgents (E:\smart-city-sos-cambodia\backend\src\controllers\agent.controller.js:10:13)
2026-08-28 23:46:19 [ERROR] Error: next is not a function {"statusCode":500,"path":"/api/agents","method":"GET","ip":"127.0.0.1","user":"7cb095b7-58b9-4425-bda5-f6216810446d"}
TypeError: next is not a function
    at exports.getAllAgents (E:\smart-city-sos-cambodia\backend\src\services\agent.service.js:22:9)
    at async exports.getAllAgents (E:\smart-city-sos-cambodia\backend\src\controllers\agent.controller.js:10:13)
2026-08-28 23:46:22 [ERROR] Error: next is not a function {"statusCode":500,"path":"/api/agents","method":"GET","ip":"127.0.0.1","user":"7cb095b7-58b9-4425-bda5-f6216810446d"}
TypeError: next is not a function
    at exports.getAllAgents (E:\smart-city-sos-cambodia\backend\src\services\agent.service.js:22:9)
    at async exports.getAllAgents (E:\smart-city-sos-cambodia\backend\src\controllers\agent.controller.js:10:13)
2026-08-28 23:46:23 [ERROR] Error: next is not a function {"statusCode":500,"path":"/api/agents","method":"GET","ip":"127.0.0.1","user":"7cb095b7-58b9-4425-bda5-f6216810446d"}
TypeError: next is not a function
    at exports.getAllAgents (E:\smart-city-sos-cambodia\backend\src\services\agent.service.js:22:9)
    at async exports.getAllAgents (E:\smart-city-sos-cambodia\backend\src\controllers\agent.controller.js:10:13)
2026-08-28 23:46:23 [ERROR] Error: next is not a function {"statusCode":500,"path":"/api/agents","method":"GET","ip":"127.0.0.1","user":"7cb095b7-58b9-4425-bda5-f6216810446d"}
TypeError: next is not a function
    at exports.getAllAgents (E:\smart-city-sos-cambodia\backend\src\services\agent.service.js:22:9)
    at async exports.getAllAgents (E:\smart-city-sos-cambodia\backend\src\controllers\agent.controller.js:10:13)
2026-08-28 23:46:23 [ERROR] Error: next is not a function {"statusCode":500,"path":"/api/agents","method":"GET","ip":"127.0.0.1","user":"7cb095b7-58b9-4425-bda5-f6216810446d"}
TypeError: next is not a function
    at exports.getAllAgents (E:\smart-city-sos-cambodia\backend\src\services\agent.service.js:22:9)
    at async exports.getAllAgents (E:\smart-city-sos-cambodia\backend\src\controllers\agent.controller.js:10:13)
2026-08-29 00:05:53 [ERROR] Error: next is not a function {"statusCode":500,"path":"/api/agents","method":"GET","ip":"127.0.0.1","user":"7cb095b7-58b9-4425-bda5-f6216810446d"}
TypeError: next is not a function
    at exports.getAllAgents (E:\smart-city-sos-cambodia\backend\src\services\agent.service.js:22:9)
    at async exports.getAllAgents (E:\smart-city-sos-cambodia\backend\src\controllers\agent.controller.js:10:13)
2026-08-29 00:05:53 [ERROR] Error: next is not a function {"statusCode":500,"path":"/api/agents","method":"GET","ip":"127.0.0.1","user":"7cb095b7-58b9-4425-bda5-f6216810446d"}
TypeError: next is not a function
    at exports.getAllAgents (E:\smart-city-sos-cambodia\backend\src\services\agent.service.js:22:9)
    at async exports.getAllAgents (E:\smart-city-sos-cambodia\backend\src\controllers\agent.controller.js:10:13)
2026-08-29 12:49:09 [ERROR] Error: next is not a function {"statusCode":500,"path":"/api/agents","method":"GET","ip":"127.0.0.1","user":"7cb095b7-58b9-4425-bda5-f6216810446d"}
TypeError: next is not a function
    at exports.getAllAgents (E:\smart-city-sos-cambodia\backend\src\services\agent.service.js:22:9)
    at async exports.getAllAgents (E:\smart-city-sos-cambodia\backend\src\controllers\agent.controller.js:10:13)
2026-08-29 12:49:09 [ERROR] Error: next is not a function {"statusCode":500,"path":"/api/agents","method":"GET","ip":"127.0.0.1","user":"7cb095b7-58b9-4425-bda5-f6216810446d"}
TypeError: next is not a function
    at exports.getAllAgents (E:\smart-city-sos-cambodia\backend\src\services\agent.service.js:22:9)
    at async exports.getAllAgents (E:\smart-city-sos-cambodia\backend\src\controllers\agent.controller.js:10:13)
2026-08-29 12:49:10 [ERROR] Error: next is not a function {"statusCode":500,"path":"/api/agents","method":"GET","ip":"127.0.0.1","user":"7cb095b7-58b9-4425-bda5-f6216810446d"}
TypeError: next is not a function
    at exports.getAllAgents (E:\smart-city-sos-cambodia\backend\src\services\agent.service.js:22:9)
    at async exports.getAllAgents (E:\smart-city-sos-cambodia\backend\src\controllers\agent.controller.js:10:13)
2026-08-29 12:49:11 [ERROR] Error: next is not a function {"statusCode":500,"path":"/api/agents","method":"GET","ip":"127.0.0.1","user":"7cb095b7-58b9-4425-bda5-f6216810446d"}
TypeError: next is not a function
    at exports.getAllAgents (E:\smart-city-sos-cambodia\backend\src\services\agent.service.js:22:9)
    at async exports.getAllAgents (E:\smart-city-sos-cambodia\backend\src\controllers\agent.controller.js:10:13)
2026-08-29 14:08:32 [ERROR] Error: next is not a function {"statusCode":500,"path":"/api/agents","method":"GET","ip":"127.0.0.1","user":"7cb095b7-58b9-4425-bda5-f6216810446d"}
TypeError: next is not a function
    at exports.getAllAgents (E:\smart-city-sos-cambodia\backend\src\services\agent.service.js:22:9)
    at async exports.getAllAgents (E:\smart-city-sos-cambodia\backend\src\controllers\agent.controller.js:10:13)
2026-08-29 14:08:33 [ERROR] Error: next is not a function {"statusCode":500,"path":"/api/agents","method":"GET","ip":"127.0.0.1","user":"7cb095b7-58b9-4425-bda5-f6216810446d"}
TypeError: next is not a function
    at exports.getAllAgents (E:\smart-city-sos-cambodia\backend\src\services\agent.service.js:22:9)
    at async exports.getAllAgents (E:\smart-city-sos-cambodia\backend\src\controllers\agent.controller.js:10:13)
2026-08-29 14:08:33 [ERROR] Error: next is not a function {"statusCode":500,"path":"/api/agents","method":"GET","ip":"127.0.0.1","user":"7cb095b7-58b9-4425-bda5-f6216810446d"}
TypeError: next is not a function
    at exports.getAllAgents (E:\smart-city-sos-cambodia\backend\src\services\agent.service.js:22:9)
    at async exports.getAllAgents (E:\smart-city-sos-cambodia\backend\src\controllers\agent.controller.js:10:13)
2026-08-29 14:08:34 [ERROR] Error: next is not a function {"statusCode":500,"path":"/api/agents","method":"GET","ip":"127.0.0.1","user":"7cb095b7-58b9-4425-bda5-f6216810446d"}
TypeError: next is not a function
    at exports.getAllAgents (E:\smart-city-sos-cambodia\backend\src\services\agent.service.js:22:9)
    at async exports.getAllAgents (E:\smart-city-sos-cambodia\backend\src\controllers\agent.controller.js:10:13)
2026-08-29 14:08:36 [ERROR] Error: next is not a function {"statusCode":500,"path":"/api/agents","method":"GET","ip":"127.0.0.1","user":"7cb095b7-58b9-4425-bda5-f6216810446d"}
TypeError: next is not a function
    at exports.getAllAgents (E:\smart-city-sos-cambodia\backend\src\services\agent.service.js:22:9)
    at async exports.getAllAgents (E:\smart-city-sos-cambodia\backend\src\controllers\agent.controller.js:10:13)
2026-08-29 14:08:37 [ERROR] Error: next is not a function {"statusCode":500,"path":"/api/agents","method":"GET","ip":"127.0.0.1","user":"7cb095b7-58b9-4425-bda5-f6216810446d"}
TypeError: next is not a function
    at exports.getAllAgents (E:\smart-city-sos-cambodia\backend\src\services\agent.service.js:22:9)
    at async exports.getAllAgents (E:\smart-city-sos-cambodia\backend\src\controllers\agent.controller.js:10:13)
2026-08-29 14:08:47 [ERROR] Error: next is not a function {"statusCode":500,"path":"/api/agents","method":"GET","ip":"127.0.0.1","user":"7cb095b7-58b9-4425-bda5-f6216810446d"}
TypeError: next is not a function
    at exports.getAllAgents (E:\smart-city-sos-cambodia\backend\src\services\agent.service.js:22:9)
    at async exports.getAllAgents (E:\smart-city-sos-cambodia\backend\src\controllers\agent.controller.js:10:13)
2026-08-29 14:08:48 [ERROR] Error: next is not a function {"statusCode":500,"path":"/api/agents","method":"GET","ip":"127.0.0.1","user":"7cb095b7-58b9-4425-bda5-f6216810446d"}
TypeError: next is not a function
    at exports.getAllAgents (E:\smart-city-sos-cambodia\backend\src\services\agent.service.js:22:9)
    at async exports.getAllAgents (E:\smart-city-sos-cambodia\backend\src\controllers\agent.controller.js:10:13)
2026-08-29 14:08:49 [ERROR] Error: next is not a function {"statusCode":500,"path":"/api/agents","method":"GET","ip":"127.0.0.1","user":"7cb095b7-58b9-4425-bda5-f6216810446d"}
TypeError: next is not a function
    at exports.getAllAgents (E:\smart-city-sos-cambodia\backend\src\services\agent.service.js:22:9)
    at async exports.getAllAgents (E:\smart-city-sos-cambodia\backend\src\controllers\agent.controller.js:10:13)
2026-08-29 14:08:50 [ERROR] Error: next is not a function {"statusCode":500,"path":"/api/agents","method":"GET","ip":"127.0.0.1","user":"7cb095b7-58b9-4425-bda5-f6216810446d"}
TypeError: next is not a function
    at exports.getAllAgents (E:\smart-city-sos-cambodia\backend\src\services\agent.service.js:22:9)
    at async exports.getAllAgents (E:\smart-city-sos-cambodia\backend\src\controllers\agent.controller.js:10:13)
2026-08-29 14:09:01 [ERROR] Login error: Invalid credentials
2026-08-29 14:09:01 [ERROR] Error: Invalid email or password {"statusCode":401,"path":"/api/auth/login","method":"POST","ip":"127.0.0.1","user":"anonymous"}
AppError: Invalid email or password
    at login (E:\smart-city-sos-cambodia\backend\src\controllers\auth.controller.js:257:9)
2026-08-29 14:09:09 [ERROR] Error: next is not a function {"statusCode":500,"path":"/api/agents","method":"GET","ip":"127.0.0.1","user":"7cb095b7-58b9-4425-bda5-f6216810446d"}
TypeError: next is not a function
    at exports.getAllAgents (E:\smart-city-sos-cambodia\backend\src\services\agent.service.js:22:9)
    at async exports.getAllAgents (E:\smart-city-sos-cambodia\backend\src\controllers\agent.controller.js:10:13)
2026-08-29 14:09:10 [ERROR] Error: next is not a function {"statusCode":500,"path":"/api/agents","method":"GET","ip":"127.0.0.1","user":"7cb095b7-58b9-4425-bda5-f6216810446d"}
TypeError: next is not a function
    at exports.getAllAgents (E:\smart-city-sos-cambodia\backend\src\services\agent.service.js:22:9)
    at async exports.getAllAgents (E:\smart-city-sos-cambodia\backend\src\controllers\agent.controller.js:10:13)
2026-08-29 14:09:11 [ERROR] Error: next is not a function {"statusCode":500,"path":"/api/agents","method":"GET","ip":"127.0.0.1","user":"7cb095b7-58b9-4425-bda5-f6216810446d"}
TypeError: next is not a function
    at exports.getAllAgents (E:\smart-city-sos-cambodia\backend\src\services\agent.service.js:22:9)
    at async exports.getAllAgents (E:\smart-city-sos-cambodia\backend\src\controllers\agent.controller.js:10:13)
2026-08-29 14:09:12 [ERROR] Error: next is not a function {"statusCode":500,"path":"/api/agents","method":"GET","ip":"127.0.0.1","user":"7cb095b7-58b9-4425-bda5-f6216810446d"}
TypeError: next is not a function
    at exports.getAllAgents (E:\smart-city-sos-cambodia\backend\src\services\agent.service.js:22:9)
    at async exports.getAllAgents (E:\smart-city-sos-cambodia\backend\src\controllers\agent.controller.js:10:13)
2026-08-29 15:11:06 [ERROR] Error: next is not a function {"statusCode":500,"path":"/api/agents","method":"GET","ip":"127.0.0.1","user":"7cb095b7-58b9-4425-bda5-f6216810446d"}
TypeError: next is not a function
    at exports.getAllAgents (E:\smart-city-sos-cambodia\backend\src\services\agent.service.js:22:9)
    at async exports.getAllAgents (E:\smart-city-sos-cambodia\backend\src\controllers\agent.controller.js:10:13)
2026-08-29 15:11:06 [ERROR] Error: next is not a function {"statusCode":500,"path":"/api/agents","method":"GET","ip":"127.0.0.1","user":"7cb095b7-58b9-4425-bda5-f6216810446d"}
TypeError: next is not a function
    at exports.getAllAgents (E:\smart-city-sos-cambodia\backend\src\services\agent.service.js:22:9)
    at async exports.getAllAgents (E:\smart-city-sos-cambodia\backend\src\controllers\agent.controller.js:10:13)
2026-08-29 15:11:07 [ERROR] Error: next is not a function {"statusCode":500,"path":"/api/agents","method":"GET","ip":"127.0.0.1","user":"7cb095b7-58b9-4425-bda5-f6216810446d"}
TypeError: next is not a function
    at exports.getAllAgents (E:\smart-city-sos-cambodia\backend\src\services\agent.service.js:22:9)
    at async exports.getAllAgents (E:\smart-city-sos-cambodia\backend\src\controllers\agent.controller.js:10:13)
2026-08-29 15:11:08 [ERROR] Error: next is not a function {"statusCode":500,"path":"/api/agents","method":"GET","ip":"127.0.0.1","user":"7cb095b7-58b9-4425-bda5-f6216810446d"}
TypeError: next is not a function
    at exports.getAllAgents (E:\smart-city-sos-cambodia\backend\src\services\agent.service.js:22:9)
    at async exports.getAllAgents (E:\smart-city-sos-cambodia\backend\src\controllers\agent.controller.js:10:13)
2026-08-29 15:11:13 [ERROR] Error: next is not a function {"statusCode":500,"path":"/api/agents","method":"GET","ip":"127.0.0.1","user":"7cb095b7-58b9-4425-bda5-f6216810446d"}
TypeError: next is not a function
    at exports.getAllAgents (E:\smart-city-sos-cambodia\backend\src\services\agent.service.js:22:9)
    at async exports.getAllAgents (E:\smart-city-sos-cambodia\backend\src\controllers\agent.controller.js:10:13)
2026-08-29 15:11:14 [ERROR] Error: next is not a function {"statusCode":500,"path":"/api/agents","method":"GET","ip":"127.0.0.1","user":"7cb095b7-58b9-4425-bda5-f6216810446d"}
TypeError: next is not a function
    at exports.getAllAgents (E:\smart-city-sos-cambodia\backend\src\services\agent.service.js:22:9)
    at async exports.getAllAgents (E:\smart-city-sos-cambodia\backend\src\controllers\agent.controller.js:10:13)
2026-08-29 15:11:14 [ERROR] Error: next is not a function {"statusCode":500,"path":"/api/agents","method":"GET","ip":"127.0.0.1","user":"7cb095b7-58b9-4425-bda5-f6216810446d"}
TypeError: next is not a function
    at exports.getAllAgents (E:\smart-city-sos-cambodia\backend\src\services\agent.service.js:22:9)
    at async exports.getAllAgents (E:\smart-city-sos-cambodia\backend\src\controllers\agent.controller.js:10:13)
2026-08-29 15:11:15 [ERROR] Error: next is not a function {"statusCode":500,"path":"/api/agents","method":"GET","ip":"127.0.0.1","user":"7cb095b7-58b9-4425-bda5-f6216810446d"}
TypeError: next is not a function
    at exports.getAllAgents (E:\smart-city-sos-cambodia\backend\src\services\agent.service.js:22:9)
    at async exports.getAllAgents (E:\smart-city-sos-cambodia\backend\src\controllers\agent.controller.js:10:13)
2026-08-29 15:13:20 [ERROR] Error: next is not a function {"statusCode":500,"path":"/api/agents","method":"GET","ip":"127.0.0.1","user":"7cb095b7-58b9-4425-bda5-f6216810446d"}
TypeError: next is not a function
    at exports.getAllAgents (E:\smart-city-sos-cambodia\backend\src\services\agent.service.js:22:9)
    at async exports.getAllAgents (E:\smart-city-sos-cambodia\backend\src\controllers\agent.controller.js:10:13)
2026-08-29 15:13:20 [ERROR] Error: next is not a function {"statusCode":500,"path":"/api/agents","method":"GET","ip":"127.0.0.1","user":"7cb095b7-58b9-4425-bda5-f6216810446d"}
TypeError: next is not a function
    at exports.getAllAgents (E:\smart-city-sos-cambodia\backend\src\services\agent.service.js:22:9)
    at async exports.getAllAgents (E:\smart-city-sos-cambodia\backend\src\controllers\agent.controller.js:10:13)
2026-08-29 15:19:02 [ERROR] Error: next is not a function {"statusCode":500,"path":"/api/agents","method":"GET","ip":"127.0.0.1","user":"7cb095b7-58b9-4425-bda5-f6216810446d"}
TypeError: next is not a function
    at exports.getAllAgents (E:\smart-city-sos-cambodia\backend\src\services\agent.service.js:22:9)
    at async exports.getAllAgents (E:\smart-city-sos-cambodia\backend\src\controllers\agent.controller.js:10:13)
2026-08-29 15:19:03 [ERROR] Error: next is not a function {"statusCode":500,"path":"/api/agents","method":"GET","ip":"127.0.0.1","user":"7cb095b7-58b9-4425-bda5-f6216810446d"}
TypeError: next is not a function
    at exports.getAllAgents (E:\smart-city-sos-cambodia\backend\src\services\agent.service.js:22:9)
    at async exports.getAllAgents (E:\smart-city-sos-cambodia\backend\src\controllers\agent.controller.js:10:13)
2026-08-29 15:19:38 [ERROR] Error: next is not a function {"statusCode":500,"path":"/api/agents","method":"GET","ip":"127.0.0.1","user":"7cb095b7-58b9-4425-bda5-f6216810446d"}
TypeError: next is not a function
    at exports.getAllAgents (E:\smart-city-sos-cambodia\backend\src\services\agent.service.js:22:9)
    at async exports.getAllAgents (E:\smart-city-sos-cambodia\backend\src\controllers\agent.controller.js:10:13)
2026-08-29 15:19:38 [ERROR] Error: next is not a function {"statusCode":500,"path":"/api/agents","method":"GET","ip":"127.0.0.1","user":"7cb095b7-58b9-4425-bda5-f6216810446d"}
TypeError: next is not a function
    at exports.getAllAgents (E:\smart-city-sos-cambodia\backend\src\services\agent.service.js:22:9)
    at async exports.getAllAgents (E:\smart-city-sos-cambodia\backend\src\controllers\agent.controller.js:10:13)
2026-08-29 15:20:25 [ERROR] Error: next is not a function {"statusCode":500,"path":"/api/agents","method":"GET","ip":"127.0.0.1","user":"7cb095b7-58b9-4425-bda5-f6216810446d"}
TypeError: next is not a function
    at exports.getAllAgents (E:\smart-city-sos-cambodia\backend\src\services\agent.service.js:22:9)
    at async exports.getAllAgents (E:\smart-city-sos-cambodia\backend\src\controllers\agent.controller.js:10:13)
2026-08-29 15:20:25 [ERROR] Error: next is not a function {"statusCode":500,"path":"/api/agents","method":"GET","ip":"127.0.0.1","user":"7cb095b7-58b9-4425-bda5-f6216810446d"}
TypeError: next is not a function
    at exports.getAllAgents (E:\smart-city-sos-cambodia\backend\src\services\agent.service.js:22:9)
    at async exports.getAllAgents (E:\smart-city-sos-cambodia\backend\src\controllers\agent.controller.js:10:13)
2026-08-29 15:21:06 [ERROR] Error: next is not a function {"statusCode":500,"path":"/api/agents","method":"GET","ip":"127.0.0.1","user":"7cb095b7-58b9-4425-bda5-f6216810446d"}
TypeError: next is not a function
    at exports.getAllAgents (E:\smart-city-sos-cambodia\backend\src\services\agent.service.js:22:9)
    at async exports.getAllAgents (E:\smart-city-sos-cambodia\backend\src\controllers\agent.controller.js:10:13)
2026-08-29 15:21:07 [ERROR] Error: next is not a function {"statusCode":500,"path":"/api/agents","method":"GET","ip":"127.0.0.1","user":"7cb095b7-58b9-4425-bda5-f6216810446d"}
TypeError: next is not a function
    at exports.getAllAgents (E:\smart-city-sos-cambodia\backend\src\services\agent.service.js:22:9)
    at async exports.getAllAgents (E:\smart-city-sos-cambodia\backend\src\controllers\agent.controller.js:10:13)
2026-08-29 15:23:41 [ERROR] Error: next is not a function {"statusCode":500,"path":"/api/agents","method":"GET","ip":"127.0.0.1","user":"7cb095b7-58b9-4425-bda5-f6216810446d"}
TypeError: next is not a function
    at exports.getAllAgents (E:\smart-city-sos-cambodia\backend\src\services\agent.service.js:22:9)
    at async exports.getAllAgents (E:\smart-city-sos-cambodia\backend\src\controllers\agent.controller.js:10:13)
2026-08-29 15:23:41 [ERROR] Error: next is not a function {"statusCode":500,"path":"/api/agents","method":"GET","ip":"127.0.0.1","user":"7cb095b7-58b9-4425-bda5-f6216810446d"}
TypeError: next is not a function
    at exports.getAllAgents (E:\smart-city-sos-cambodia\backend\src\services\agent.service.js:22:9)
    at async exports.getAllAgents (E:\smart-city-sos-cambodia\backend\src\controllers\agent.controller.js:10:13)
2026-08-29 15:25:41 [ERROR] Error: next is not a function {"statusCode":500,"path":"/api/agents","method":"GET","ip":"127.0.0.1","user":"7cb095b7-58b9-4425-bda5-f6216810446d"}
TypeError: next is not a function
    at exports.getAllAgents (E:\smart-city-sos-cambodia\backend\src\services\agent.service.js:22:9)
    at async exports.getAllAgents (E:\smart-city-sos-cambodia\backend\src\controllers\agent.controller.js:10:13)
2026-08-29 15:25:42 [ERROR] Error: next is not a function {"statusCode":500,"path":"/api/agents","method":"GET","ip":"127.0.0.1","user":"7cb095b7-58b9-4425-bda5-f6216810446d"}
TypeError: next is not a function
    at exports.getAllAgents (E:\smart-city-sos-cambodia\backend\src\services\agent.service.js:22:9)
    at async exports.getAllAgents (E:\smart-city-sos-cambodia\backend\src\controllers\agent.controller.js:10:13)
2026-08-29 15:25:42 [ERROR] Error: next is not a function {"statusCode":500,"path":"/api/agents","method":"GET","ip":"127.0.0.1","user":"7cb095b7-58b9-4425-bda5-f6216810446d"}
TypeError: next is not a function
    at exports.getAllAgents (E:\smart-city-sos-cambodia\backend\src\services\agent.service.js:22:9)
    at async exports.getAllAgents (E:\smart-city-sos-cambodia\backend\src\controllers\agent.controller.js:10:13)
2026-08-29 15:25:42 [ERROR] Error: next is not a function {"statusCode":500,"path":"/api/agents","method":"GET","ip":"127.0.0.1","user":"7cb095b7-58b9-4425-bda5-f6216810446d"}
TypeError: next is not a function
    at exports.getAllAgents (E:\smart-city-sos-cambodia\backend\src\services\agent.service.js:22:9)
    at async exports.getAllAgents (E:\smart-city-sos-cambodia\backend\src\controllers\agent.controller.js:10:13)
2026-08-29 15:25:45 [ERROR] Error: next is not a function {"statusCode":500,"path":"/api/agents","method":"GET","ip":"127.0.0.1","user":"7cb095b7-58b9-4425-bda5-f6216810446d"}
TypeError: next is not a function
    at exports.getAllAgents (E:\smart-city-sos-cambodia\backend\src\services\agent.service.js:22:9)
    at async exports.getAllAgents (E:\smart-city-sos-cambodia\backend\src\controllers\agent.controller.js:10:13)
2026-08-29 15:25:45 [ERROR] Error: next is not a function {"statusCode":500,"path":"/api/agents","method":"GET","ip":"127.0.0.1","user":"7cb095b7-58b9-4425-bda5-f6216810446d"}
TypeError: next is not a function
    at exports.getAllAgents (E:\smart-city-sos-cambodia\backend\src\services\agent.service.js:22:9)
    at async exports.getAllAgents (E:\smart-city-sos-cambodia\backend\src\controllers\agent.controller.js:10:13)
2026-08-29 15:25:46 [ERROR] Error: next is not a function {"statusCode":500,"path":"/api/agents","method":"GET","ip":"127.0.0.1","user":"7cb095b7-58b9-4425-bda5-f6216810446d"}
TypeError: next is not a function
    at exports.getAllAgents (E:\smart-city-sos-cambodia\backend\src\services\agent.service.js:22:9)
    at async exports.getAllAgents (E:\smart-city-sos-cambodia\backend\src\controllers\agent.controller.js:10:13)
2026-08-29 15:25:46 [ERROR] Error: next is not a function {"statusCode":500,"path":"/api/agents","method":"GET","ip":"127.0.0.1","user":"7cb095b7-58b9-4425-bda5-f6216810446d"}
TypeError: next is not a function
    at exports.getAllAgents (E:\smart-city-sos-cambodia\backend\src\services\agent.service.js:22:9)
    at async exports.getAllAgents (E:\smart-city-sos-cambodia\backend\src\controllers\agent.controller.js:10:13)
2026-08-29 15:26:21 [ERROR] Error: next is not a function {"statusCode":500,"path":"/api/agents","method":"GET","ip":"127.0.0.1","user":"7cb095b7-58b9-4425-bda5-f6216810446d"}
TypeError: next is not a function
    at exports.getAllAgents (E:\smart-city-sos-cambodia\backend\src\services\agent.service.js:22:9)
    at async exports.getAllAgents (E:\smart-city-sos-cambodia\backend\src\controllers\agent.controller.js:10:13)
2026-08-29 15:26:22 [ERROR] Error: next is not a function {"statusCode":500,"path":"/api/agents","method":"GET","ip":"127.0.0.1","user":"7cb095b7-58b9-4425-bda5-f6216810446d"}
TypeError: next is not a function
    at exports.getAllAgents (E:\smart-city-sos-cambodia\backend\src\services\agent.service.js:22:9)
    at async exports.getAllAgents (E:\smart-city-sos-cambodia\backend\src\controllers\agent.controller.js:10:13)
2026-08-29 16:36:01 [ERROR] Error: next is not a function {"statusCode":500,"path":"/api/agents","method":"GET","ip":"127.0.0.1","user":"7cb095b7-58b9-4425-bda5-f6216810446d"}
TypeError: next is not a function
    at exports.getAllAgents (E:\smart-city-sos-cambodia\backend\src\services\agent.service.js:22:9)
    at async exports.getAllAgents (E:\smart-city-sos-cambodia\backend\src\controllers\agent.controller.js:10:13)
2026-08-29 16:36:01 [ERROR] Error: next is not a function {"statusCode":500,"path":"/api/agents","method":"GET","ip":"127.0.0.1","user":"7cb095b7-58b9-4425-bda5-f6216810446d"}
TypeError: next is not a function
    at exports.getAllAgents (E:\smart-city-sos-cambodia\backend\src\services\agent.service.js:22:9)
    at async exports.getAllAgents (E:\smart-city-sos-cambodia\backend\src\controllers\agent.controller.js:10:13)
2026-08-29 16:43:25 [ERROR] Error: next is not a function {"statusCode":500,"path":"/api/agents","method":"GET","ip":"127.0.0.1","user":"7cb095b7-58b9-4425-bda5-f6216810446d"}
TypeError: next is not a function
    at exports.getAllAgents (E:\smart-city-sos-cambodia\backend\src\services\agent.service.js:22:9)
    at async exports.getAllAgents (E:\smart-city-sos-cambodia\backend\src\controllers\agent.controller.js:10:13)
2026-08-29 16:43:25 [ERROR] Error: next is not a function {"statusCode":500,"path":"/api/agents","method":"GET","ip":"127.0.0.1","user":"7cb095b7-58b9-4425-bda5-f6216810446d"}
TypeError: next is not a function
    at exports.getAllAgents (E:\smart-city-sos-cambodia\backend\src\services\agent.service.js:22:9)
    at async exports.getAllAgents (E:\smart-city-sos-cambodia\backend\src\controllers\agent.controller.js:10:13)
2026-08-29 16:43:39 [ERROR] Error: next is not a function {"statusCode":500,"path":"/api/agents","method":"GET","ip":"127.0.0.1","user":"7cb095b7-58b9-4425-bda5-f6216810446d"}
TypeError: next is not a function
    at exports.getAllAgents (E:\smart-city-sos-cambodia\backend\src\services\agent.service.js:22:9)
    at async exports.getAllAgents (E:\smart-city-sos-cambodia\backend\src\controllers\agent.controller.js:10:13)
2026-08-29 16:43:39 [ERROR] Error: next is not a function {"statusCode":500,"path":"/api/agents","method":"GET","ip":"127.0.0.1","user":"7cb095b7-58b9-4425-bda5-f6216810446d"}
TypeError: next is not a function
    at exports.getAllAgents (E:\smart-city-sos-cambodia\backend\src\services\agent.service.js:22:9)
    at async exports.getAllAgents (E:\smart-city-sos-cambodia\backend\src\controllers\agent.controller.js:10:13)
2026-08-29 16:49:07 [ERROR] Error: next is not a function {"statusCode":500,"path":"/api/agents","method":"GET","ip":"127.0.0.1","user":"7cb095b7-58b9-4425-bda5-f6216810446d"}
TypeError: next is not a function
    at exports.getAllAgents (E:\smart-city-sos-cambodia\backend\src\services\agent.service.js:22:9)
    at async exports.getAllAgents (E:\smart-city-sos-cambodia\backend\src\controllers\agent.controller.js:10:13)
2026-08-29 16:49:07 [ERROR] Error: next is not a function {"statusCode":500,"path":"/api/agents","method":"GET","ip":"127.0.0.1","user":"7cb095b7-58b9-4425-bda5-f6216810446d"}
TypeError: next is not a function
    at exports.getAllAgents (E:\smart-city-sos-cambodia\backend\src\services\agent.service.js:22:9)
    at async exports.getAllAgents (E:\smart-city-sos-cambodia\backend\src\controllers\agent.controller.js:10:13)
2026-08-29 16:49:15 [ERROR] Error: next is not a function {"statusCode":500,"path":"/api/agents","method":"GET","ip":"127.0.0.1","user":"7cb095b7-58b9-4425-bda5-f6216810446d"}
TypeError: next is not a function
    at exports.getAllAgents (E:\smart-city-sos-cambodia\backend\src\services\agent.service.js:22:9)
    at async exports.getAllAgents (E:\smart-city-sos-cambodia\backend\src\controllers\agent.controller.js:10:13)
2026-08-29 16:49:15 [ERROR] Error: next is not a function {"statusCode":500,"path":"/api/agents","method":"GET","ip":"127.0.0.1","user":"7cb095b7-58b9-4425-bda5-f6216810446d"}
TypeError: next is not a function
    at exports.getAllAgents (E:\smart-city-sos-cambodia\backend\src\services\agent.service.js:22:9)
    at async exports.getAllAgents (E:\smart-city-sos-cambodia\backend\src\controllers\agent.controller.js:10:13)
2026-08-29 19:15:58 [ERROR] Error: next is not a function {"statusCode":500,"path":"/api/agents","method":"GET","ip":"127.0.0.1","user":"7cb095b7-58b9-4425-bda5-f6216810446d"}
TypeError: next is not a function
    at exports.getAllAgents (E:\smart-city-sos-cambodia\backend\src\services\agent.service.js:22:9)
    at async exports.getAllAgents (E:\smart-city-sos-cambodia\backend\src\controllers\agent.controller.js:10:13)
2026-08-29 19:15:59 [ERROR] Error: next is not a function {"statusCode":500,"path":"/api/agents","method":"GET","ip":"127.0.0.1","user":"7cb095b7-58b9-4425-bda5-f6216810446d"}
TypeError: next is not a function
    at exports.getAllAgents (E:\smart-city-sos-cambodia\backend\src\services\agent.service.js:22:9)
    at async exports.getAllAgents (E:\smart-city-sos-cambodia\backend\src\controllers\agent.controller.js:10:13)
2026-08-29 19:16:38 [ERROR] Error: next is not a function {"statusCode":500,"path":"/api/agents","method":"GET","ip":"127.0.0.1","user":"7cb095b7-58b9-4425-bda5-f6216810446d"}
TypeError: next is not a function
    at exports.getAllAgents (E:\smart-city-sos-cambodia\backend\src\services\agent.service.js:22:9)
    at async exports.getAllAgents (E:\smart-city-sos-cambodia\backend\src\controllers\agent.controller.js:10:13)
2026-08-29 19:17:03 [ERROR] Error: next is not a function {"statusCode":500,"path":"/api/agents","method":"GET","ip":"127.0.0.1","user":"7cb095b7-58b9-4425-bda5-f6216810446d"}
TypeError: next is not a function
    at exports.getAllAgents (E:\smart-city-sos-cambodia\backend\src\services\agent.service.js:22:9)
    at async exports.getAllAgents (E:\smart-city-sos-cambodia\backend\src\controllers\agent.controller.js:10:13)
2026-08-29 19:17:03 [ERROR] Error: next is not a function {"statusCode":500,"path":"/api/agents","method":"GET","ip":"127.0.0.1","user":"7cb095b7-58b9-4425-bda5-f6216810446d"}
TypeError: next is not a function
    at exports.getAllAgents (E:\smart-city-sos-cambodia\backend\src\services\agent.service.js:22:9)
    at async exports.getAllAgents (E:\smart-city-sos-cambodia\backend\src\controllers\agent.controller.js:10:13)
2026-08-29 19:26:59 [ERROR] Error: next is not a function {"statusCode":500,"path":"/api/agents","method":"GET","ip":"127.0.0.1","user":"7cb095b7-58b9-4425-bda5-f6216810446d"}
TypeError: next is not a function
    at exports.getAllAgents (E:\smart-city-sos-cambodia\backend\src\services\agent.service.js:22:9)
    at async exports.getAllAgents (E:\smart-city-sos-cambodia\backend\src\controllers\agent.controller.js:10:13)
2026-08-29 19:27:00 [ERROR] Error: next is not a function {"statusCode":500,"path":"/api/agents","method":"GET","ip":"127.0.0.1","user":"7cb095b7-58b9-4425-bda5-f6216810446d"}
TypeError: next is not a function
    at exports.getAllAgents (E:\smart-city-sos-cambodia\backend\src\services\agent.service.js:22:9)
    at async exports.getAllAgents (E:\smart-city-sos-cambodia\backend\src\controllers\agent.controller.js:10:13)
2026-08-29 19:27:11 [ERROR] Error: next is not a function {"statusCode":500,"path":"/api/agents","method":"GET","ip":"127.0.0.1","user":"7cb095b7-58b9-4425-bda5-f6216810446d"}
TypeError: next is not a function
    at exports.getAllAgents (E:\smart-city-sos-cambodia\backend\src\services\agent.service.js:22:9)
    at async exports.getAllAgents (E:\smart-city-sos-cambodia\backend\src\controllers\agent.controller.js:10:13)
2026-08-29 19:27:12 [ERROR] Error: next is not a function {"statusCode":500,"path":"/api/agents","method":"GET","ip":"127.0.0.1","user":"7cb095b7-58b9-4425-bda5-f6216810446d"}
TypeError: next is not a function
    at exports.getAllAgents (E:\smart-city-sos-cambodia\backend\src\services\agent.service.js:22:9)
    at async exports.getAllAgents (E:\smart-city-sos-cambodia\backend\src\controllers\agent.controller.js:10:13)
2026-08-29 19:31:24 [ERROR] Error: next is not a function {"statusCode":500,"path":"/api/agents","method":"GET","ip":"127.0.0.1","user":"7cb095b7-58b9-4425-bda5-f6216810446d"}
TypeError: next is not a function
    at exports.getAllAgents (E:\smart-city-sos-cambodia\backend\src\services\agent.service.js:22:9)
    at async exports.getAllAgents (E:\smart-city-sos-cambodia\backend\src\controllers\agent.controller.js:10:13)
2026-08-29 19:31:25 [ERROR] Error: next is not a function {"statusCode":500,"path":"/api/agents","method":"GET","ip":"127.0.0.1","user":"7cb095b7-58b9-4425-bda5-f6216810446d"}
TypeError: next is not a function
    at exports.getAllAgents (E:\smart-city-sos-cambodia\backend\src\services\agent.service.js:22:9)
    at async exports.getAllAgents (E:\smart-city-sos-cambodia\backend\src\controllers\agent.controller.js:10:13)
2026-08-29 19:35:12 [ERROR] Error: next is not a function {"statusCode":500,"path":"/api/agents","method":"GET","ip":"127.0.0.1","user":"7cb095b7-58b9-4425-bda5-f6216810446d"}
TypeError: next is not a function
    at exports.getAllAgents (E:\smart-city-sos-cambodia\backend\src\services\agent.service.js:22:9)
    at async exports.getAllAgents (E:\smart-city-sos-cambodia\backend\src\controllers\agent.controller.js:10:13)
2026-08-29 19:35:12 [ERROR] Error: next is not a function {"statusCode":500,"path":"/api/agents","method":"GET","ip":"127.0.0.1","user":"7cb095b7-58b9-4425-bda5-f6216810446d"}
TypeError: next is not a function
    at exports.getAllAgents (E:\smart-city-sos-cambodia\backend\src\services\agent.service.js:22:9)
    at async exports.getAllAgents (E:\smart-city-sos-cambodia\backend\src\controllers\agent.controller.js:10:13)
2026-08-29 19:35:13 [ERROR] Error: next is not a function {"statusCode":500,"path":"/api/agents","method":"GET","ip":"127.0.0.1","user":"7cb095b7-58b9-4425-bda5-f6216810446d"}
TypeError: next is not a function
    at exports.getAllAgents (E:\smart-city-sos-cambodia\backend\src\services\agent.service.js:22:9)
    at async exports.getAllAgents (E:\smart-city-sos-cambodia\backend\src\controllers\agent.controller.js:10:13)
2026-08-29 19:35:14 [ERROR] Error: next is not a function {"statusCode":500,"path":"/api/agents","method":"GET","ip":"127.0.0.1","user":"7cb095b7-58b9-4425-bda5-f6216810446d"}
TypeError: next is not a function
    at exports.getAllAgents (E:\smart-city-sos-cambodia\backend\src\services\agent.service.js:22:9)
    at async exports.getAllAgents (E:\smart-city-sos-cambodia\backend\src\controllers\agent.controller.js:10:13)
2026-08-29 19:35:15 [ERROR] Error: next is not a function {"statusCode":500,"path":"/api/agents","method":"GET","ip":"127.0.0.1","user":"7cb095b7-58b9-4425-bda5-f6216810446d"}
TypeError: next is not a function
    at exports.getAllAgents (E:\smart-city-sos-cambodia\backend\src\services\agent.service.js:22:9)
    at async exports.getAllAgents (E:\smart-city-sos-cambodia\backend\src\controllers\agent.controller.js:10:13)
2026-08-29 19:35:15 [ERROR] Error: next is not a function {"statusCode":500,"path":"/api/agents","method":"GET","ip":"127.0.0.1","user":"7cb095b7-58b9-4425-bda5-f6216810446d"}
TypeError: next is not a function
    at exports.getAllAgents (E:\smart-city-sos-cambodia\backend\src\services\agent.service.js:22:9)
    at async exports.getAllAgents (E:\smart-city-sos-cambodia\backend\src\controllers\agent.controller.js:10:13)
2026-08-29 19:35:15 [ERROR] Error: next is not a function {"statusCode":500,"path":"/api/agents","method":"GET","ip":"127.0.0.1","user":"7cb095b7-58b9-4425-bda5-f6216810446d"}
TypeError: next is not a function
    at exports.getAllAgents (E:\smart-city-sos-cambodia\backend\src\services\agent.service.js:22:9)
    at async exports.getAllAgents (E:\smart-city-sos-cambodia\backend\src\controllers\agent.controller.js:10:13)
2026-08-29 19:35:16 [ERROR] Error: next is not a function {"statusCode":500,"path":"/api/agents","method":"GET","ip":"127.0.0.1","user":"7cb095b7-58b9-4425-bda5-f6216810446d"}
TypeError: next is not a function
    at exports.getAllAgents (E:\smart-city-sos-cambodia\backend\src\services\agent.service.js:22:9)
    at async exports.getAllAgents (E:\smart-city-sos-cambodia\backend\src\controllers\agent.controller.js:10:13)
2026-08-29 19:35:17 [ERROR] Error: next is not a function {"statusCode":500,"path":"/api/agents","method":"GET","ip":"127.0.0.1","user":"7cb095b7-58b9-4425-bda5-f6216810446d"}
TypeError: next is not a function
    at exports.getAllAgents (E:\smart-city-sos-cambodia\backend\src\services\agent.service.js:22:9)
    at async exports.getAllAgents (E:\smart-city-sos-cambodia\backend\src\controllers\agent.controller.js:10:13)
2026-08-29 19:35:17 [ERROR] Error: next is not a function {"statusCode":500,"path":"/api/agents","method":"GET","ip":"127.0.0.1","user":"7cb095b7-58b9-4425-bda5-f6216810446d"}
TypeError: next is not a function
    at exports.getAllAgents (E:\smart-city-sos-cambodia\backend\src\services\agent.service.js:22:9)
    at async exports.getAllAgents (E:\smart-city-sos-cambodia\backend\src\controllers\agent.controller.js:10:13)
2026-08-29 19:35:18 [ERROR] Error: next is not a function {"statusCode":500,"path":"/api/agents","method":"GET","ip":"127.0.0.1","user":"7cb095b7-58b9-4425-bda5-f6216810446d"}
TypeError: next is not a function
    at exports.getAllAgents (E:\smart-city-sos-cambodia\backend\src\services\agent.service.js:22:9)
    at async exports.getAllAgents (E:\smart-city-sos-cambodia\backend\src\controllers\agent.controller.js:10:13)
2026-08-29 19:35:19 [ERROR] Error: next is not a function {"statusCode":500,"path":"/api/agents","method":"GET","ip":"127.0.0.1","user":"7cb095b7-58b9-4425-bda5-f6216810446d"}
TypeError: next is not a function
    at exports.getAllAgents (E:\smart-city-sos-cambodia\backend\src\services\agent.service.js:22:9)
    at async exports.getAllAgents (E:\smart-city-sos-cambodia\backend\src\controllers\agent.controller.js:10:13)
2026-08-29 19:35:19 [ERROR] Error: next is not a function {"statusCode":500,"path":"/api/agents","method":"GET","ip":"127.0.0.1","user":"7cb095b7-58b9-4425-bda5-f6216810446d"}
TypeError: next is not a function
    at exports.getAllAgents (E:\smart-city-sos-cambodia\backend\src\services\agent.service.js:22:9)
    at async exports.getAllAgents (E:\smart-city-sos-cambodia\backend\src\controllers\agent.controller.js:10:13)
2026-08-29 19:35:19 [ERROR] Error: next is not a function {"statusCode":500,"path":"/api/agents","method":"GET","ip":"127.0.0.1","user":"7cb095b7-58b9-4425-bda5-f6216810446d"}
TypeError: next is not a function
    at exports.getAllAgents (E:\smart-city-sos-cambodia\backend\src\services\agent.service.js:22:9)
    at async exports.getAllAgents (E:\smart-city-sos-cambodia\backend\src\controllers\agent.controller.js:10:13)
2026-08-29 19:35:20 [ERROR] Error: next is not a function {"statusCode":500,"path":"/api/agents","method":"GET","ip":"127.0.0.1","user":"7cb095b7-58b9-4425-bda5-f6216810446d"}
TypeError: next is not a function
    at exports.getAllAgents (E:\smart-city-sos-cambodia\backend\src\services\agent.service.js:22:9)
    at async exports.getAllAgents (E:\smart-city-sos-cambodia\backend\src\controllers\agent.controller.js:10:13)
2026-08-29 19:37:48 [ERROR] Error: next is not a function {"statusCode":500,"path":"/api/agents","method":"GET","ip":"127.0.0.1","user":"7cb095b7-58b9-4425-bda5-f6216810446d"}
TypeError: next is not a function
    at exports.getAllAgents (E:\smart-city-sos-cambodia\backend\src\services\agent.service.js:22:9)
    at async exports.getAllAgents (E:\smart-city-sos-cambodia\backend\src\controllers\agent.controller.js:10:13)
2026-08-29 19:37:49 [ERROR] Error: next is not a function {"statusCode":500,"path":"/api/agents","method":"GET","ip":"127.0.0.1","user":"7cb095b7-58b9-4425-bda5-f6216810446d"}
TypeError: next is not a function
    at exports.getAllAgents (E:\smart-city-sos-cambodia\backend\src\services\agent.service.js:22:9)
    at async exports.getAllAgents (E:\smart-city-sos-cambodia\backend\src\controllers\agent.controller.js:10:13)
2026-08-29 19:39:16 [ERROR] Error: next is not a function {"statusCode":500,"path":"/api/agents","method":"GET","ip":"127.0.0.1","user":"7cb095b7-58b9-4425-bda5-f6216810446d"}
TypeError: next is not a function
    at exports.getAllAgents (E:\smart-city-sos-cambodia\backend\src\services\agent.service.js:22:9)
    at async exports.getAllAgents (E:\smart-city-sos-cambodia\backend\src\controllers\agent.controller.js:10:13)
2026-08-29 19:39:17 [ERROR] Error: next is not a function {"statusCode":500,"path":"/api/agents","method":"GET","ip":"127.0.0.1","user":"7cb095b7-58b9-4425-bda5-f6216810446d"}
TypeError: next is not a function
    at exports.getAllAgents (E:\smart-city-sos-cambodia\backend\src\services\agent.service.js:22:9)
    at async exports.getAllAgents (E:\smart-city-sos-cambodia\backend\src\controllers\agent.controller.js:10:13)
2026-08-30 12:14:51 [ERROR] Login error: Invalid credentials
2026-08-30 12:14:51 [ERROR] Error: Invalid email or password {"statusCode":401,"path":"/api/auth/login","method":"POST","ip":"127.0.0.1","user":"anonymous"}
AppError: Invalid email or password
    at login (E:\smart-city-sos-cambodia\backend\src\controllers\auth.controller.js:257:9)
2026-08-31 18:30:55 [ERROR] Failed to start server: Can't reach database server at `mysql.railway.internal:3306`

Please make sure your database server is running at `mysql.railway.internal:3306`.
2026-08-31 18:49:19 [ERROR] Failed to start server: Can't reach database server at `mysql.railway.internal:3306`

Please make sure your database server is running at `mysql.railway.internal:3306`.
2026-09-05 14:15:43 [ERROR] Failed to start server: Can't reach database server at `localhost:3306`

Please make sure your database server is running at `localhost:3306`.
